calendarId,dateUTC,date,region,category,event,event_zh,importance,actual,forecast,previous,prevInitial,refDate,dateSpan,uTime,ccy,unit
"410939","2026-09-07T08:30:00.000Z","1788769800000","Hong Kong","Foreign Exchange Reserves","Foreign Exchange Reserves","外汇储备","1","442.90B","","$447.8B","","1788134400000","0","1788769824544","$","B"
"421101","2026-09-07T08:30:00.000Z","1788769800000","United Kingdom","Calendar","Chancellor John Healey Speech","财政大臣John Healey讲话","2","","","","","","0","1788766990480","",""
"403162","2026-09-07T08:00:00.000Z","1788768000000","China","Foreign Exchange Reserves","Foreign Exchange Reserves","外汇储备","1","3.438T","$3.43T","$3.419T","","1788134400000","1","1788768150207","$","T"
"405459","2026-09-07T08:00:00.000Z","1788768000000","Bulgaria","GDP Growth Rate","GDP Growth Rate QoQ Final","国内生产总值（GDP）增长率季环比终值","1","0.7%","","0.7%","","1782777600000","0","1788768178099","","%"
"408022","2026-09-07T08:00:00.000Z","1788768000000","Egypt","Foreign Exchange Reserves","Foreign Exchange Reserves","外汇储备","1","$57.22B","","$56.29B","","1788134400000","1","1788766651373","$","B"
"412527","2026-09-07T08:00:00.000Z","1788768000000","Bulgaria","GDP Annual Growth Rate","GDP Growth Rate YoY Final","国内生产总值（GDP）增长率同比终值","1","2.8%","","3.1%","","1782777600000","0","1788768163048","","%"
"406665","2026-09-07T07:00:00.000Z","1788764400000","Switzerland","Foreign Exchange Reserves","Foreign Exchange Reserves","外汇储备","1","CHF770.07B","","CHF768.14B","CHF768.26B","1788134400000","0","1788764425857","CHF","B"
"408623","2026-09-07T07:00:00.000Z","1788764400000","Austria","Wholesale Prices MoM","Wholesale Prices MoM","批发价格环比","1","0.9%","","0.8%","","1788134400000","0","1788764503077","","%"
"409241","2026-09-07T07:00:00.000Z","1788764400000","Czech Republic","Industrial Production","Industrial Production YoY","工业生产同比","1","3.1%","","3.8%","4%","1785456000000","0","1788764801797","","%"
"409895","2026-09-07T07:00:00.000Z","1788764400000","Seychelles","Inflation Rate","Inflation Rate YoY","通胀率同比","1","","","0.78%","","1788134400000","1","1788764453567","","%"
"410641","2026-09-07T07:00:00.000Z","1788764400000","Czech Republic","Industrial Production Mom","Industrial Production MoM","工业生产环比","1","-1.1%","","1.4%","1.2%","1785456000000","0","1788764861910","","%"
"411564","2026-09-07T07:00:00.000Z","1788764400000","Switzerland","Unemployment Rate","Unemployment Rate","失业率","2","3%","","3%","","1788134400000","0","1788764400603","","%"
"411901","2026-09-07T07:00:00.000Z","1788764400000","Czech Republic","Construction Output","Construction Output YoY","建筑业产出同比","1","1.8%","","0.5%","","1785456000000","0","1788764719517","","%"
"412044","2026-09-07T07:00:00.000Z","1788764400000","Austria","Wholesale Prices YoY","Wholesale Prices YoY","批发价格同比","1","8.2%","","6.9%","","1788134400000","0","1788764517927","","%"
"413074","2026-09-07T07:00:00.000Z","1788764400000","Czech Republic","Balance of Trade","Balance of Trade","贸易差额","1","CZK-8.5B","","CZK13.4B","CZK15.5B","1785456000000","0","1788764674140","CZK","B"
"401698","2026-09-07T06:45:00.000Z","1788763500000","France","Foreign Exchange Reserves","Foreign Exchange Reserves","外汇储备","1","€380.694B","","€357.050B","","1788134400000","0","1788763555660","€","B"
"408598","2026-09-07T06:30:00.000Z","1788762600000","Hungary","Industrial Production","Industrial Production YoY Prel","工业生产同比初值","1","4.7%","","10.1%","","1785456000000","0","1788762600570","","%"
"399758","2026-09-07T06:00:00.000Z","1788760800000","United Kingdom","House Price Index YoY","Lloyds House Price Index YoY","Lloyds房价指数同比","2","-0.4%","","0.1%","","1788134400000","0","1788760863053","","%"
"399925","2026-09-07T06:00:00.000Z","1788760800000","United Kingdom","House Price Index MoM","Lloyds House Price Index MoM","Lloyds房价指数环比","2","-0.2%","0.2%","-0.1%","0%","1788134400000","0","1788760879400","","%"
"400922","2026-09-07T06:00:00.000Z","1788760800000","Germany","Industrial Production Mom","Industrial Production MoM","工业生产环比","2","-1.1%","0.1%","0.0%","0.2%","1785456000000","0","1788765409273","","%"
"403875","2026-09-07T06:00:00.000Z","1788760800000","Romania","GDP Growth Rate","GDP Growth Rate QoQ 2nd Est","国内生产总值（GDP）增长率季环比第二次估值","1","0.0%","","-0.1%","","1782777600000","0","1788760897623","","%"
"405077","2026-09-07T06:00:00.000Z","1788760800000","Sweden","Inflation Rate MoM","Inflation Rate MoM Prel","通胀率环比初值","1","-0.3%","","-0.3%","","1788134400000","0","1788760834373","","%"
"405102","2026-09-07T06:00:00.000Z","1788760800000","South Africa","Foreign Exchange Reserves","Foreign Exchange Reserves","外汇储备","1","$75.95B","","$73.45B","","1788134400000","0","1788760804513","$","B"
"408753","2026-09-07T06:00:00.000Z","1788760800000","Romania","GDP Annual Growth Rate","GDP Growth Rate YoY 2nd Est","国内生产总值（GDP）增长率同比第二次估值","1","-0.4%","-0.4%","-1.2%","","1782777600000","0","1788760881633","","%"
"408896","2026-09-07T06:00:00.000Z","1788760800000","Sweden","Inflation Rate","Inflation Rate YoY Prel","通胀率同比初值","1","0.3%","0.6%","0.2%","","1788134400000","0","1788760857370","","%"
"410102","2026-09-07T06:00:00.000Z","1788760800000","Sweden","CPI with fixed interest rate YoY","CPIF YoY Prel","固定利率消费者价格指数（CPIF）同比初值","1","0.7%","0.8%","0.7%","","1788134400000","0","1788760854293","","%"
"410716","2026-09-07T06:00:00.000Z","1788760800000","Sweden","CPI with fixed interest rate MoM","CPIF MoM Prel","固定利率消费者价格指数（CPIF）环比初值","1","-0.3%","","-0.3%","","1788134400000","0","1788760861973","","%"
"411439","2026-09-07T06:00:00.000Z","1788760800000","Norway","Manufacturing Production MoM","Manufacturing Production MoM","制造业生产环比","1","0.7%","","-1%","","1785456000000","0","1788760804223","","%"
"402797","2026-09-07T05:00:00.000Z","1788757200000","Japan","Coincident Index","Coincident Index Prel","同步指数初值","1","120.6","","118.9","","1785456000000","0","1788758644083","",""
"403085","2026-09-07T05:00:00.000Z","1788757200000","Japan","Leading Economic Index","Leading Economic Index Prel","经济领先指数初值","1","117.9","118.1","116.2","116.5","1785456000000","0","1788757283620","",""
"405770","2026-09-07T05:00:00.000Z","1788757200000","Estonia","Inflation Rate Mom","Inflation Rate MoM","通胀率环比","1","0.4%","","0.5%","","1788134400000","0","1788757243730","","%"
"408752","2026-09-07T05:00:00.000Z","1788757200000","Estonia","Inflation Rate","Inflation Rate YoY","通胀率同比","1","1.5%","","2.2%","","1788134400000","0","1788757284307","","%"
"409682","2026-09-07T05:00:00.000Z","1788757200000","Singapore","Retail Sales YoY","Retail Sales YoY","零售销售同比","1","1.5%","","4%","","1785456000000","0","1788757201867","","%"
"414890","2026-09-07T05:00:00.000Z","1788757200000","Singapore","Retail Sales MoM","Retail Sales MoM","零售销售环比","1","0.9%","","0.9%","1%","1785456000000","0","1788757201870","","%"
"404768","2026-09-07T03:30:00.000Z","1788751800000","Thailand","Core Inflation Rate","Core Inflation Rate YoY","核心通胀率同比","1","1.44%","1.33%","1.34%","","1788134400000","0","1788752079233","","%"
"414318","2026-09-07T03:30:00.000Z","1788751800000","Thailand","Inflation Rate","Inflation Rate YoY","通胀率同比","1","2.53%","2.2%","1.95%","","1788134400000","0","1788752730230","","%"
"404135","2026-09-07T03:00:00.000Z","1788750000000","Jordan","Unemployment Rate","Unemployment Rate","失业率","1","","","","","1782777600000","1","1765875427773","",""
"409785","2026-09-07T03:00:00.000Z","1788750000000","Indonesia","Foreign Exchange Reserves","Foreign Exchange Reserves","外汇储备","1","$146.5B","","$145.3B","","1788134400000","0","1788750068327","$","B"
"417781","2026-09-07T02:30:00.000Z","1788748200000","South Korea","3 Year Note Yield","3-Year KTB Auction","3年期韩国国债（KTB）拍卖","1","3.875%","","3.780%","","","0","1788748249757","","%"
"403091","2026-09-07T01:30:00.000Z","1788744600000","Australia","Job Advertisements","ANZ-Indeed Job Ads MoM","ANZ-Indeed招聘广告数量环比","1","2.5%","","1.9%","0.8%","1788134400000","0","1788744872067","","%"
"408645","2026-09-07T00:15:00.000Z","1788740100000","Tunisia","Inflation Rate","Inflation Rate YoY","通胀率同比","1","5.4%","","5.1%","","1788134400000","0","1788739935703","","%"
"412968","2026-09-07T00:15:00.000Z","1788740100000","Tunisia","Inflation Rate Mom","Inflation Rate MoM","通胀率环比","1","0.5%","","0.2%","","1788134400000","0","1788739964627","","%"
"416382","2026-09-07T00:00:00.000Z","1788739200000","Albania","Holidays","Mother Teresa Beatification Day","特蕾莎修女宣福纪念日","1","","","","","","0","1764785115047","",""
"416383","2026-09-07T00:00:00.000Z","1788739200000","Brazil","Holidays","Independence Day","独立日","1","","","","","","0","1764785115047","",""
"416384","2026-09-07T00:00:00.000Z","1788739200000","Canada","Holidays","Labor Day","劳动节","1","","","","","","0","1764785115473","",""
"416387","2026-09-07T00:00:00.000Z","1788739200000","Fiji","Holidays","Constitution Day","宪法日","1","","","","","","0","1764785115048","",""
"416388","2026-09-07T00:00:00.000Z","1788739200000","Mozambique","Holidays","Lusaka Peace Agreement Day","卢萨卡和平协议纪念日","1","","","","","","0","1764785115483","",""
"416389","2026-09-07T00:00:00.000Z","1788739200000","United States","Holidays","Labor Day","劳动节","1","","","","","","0","1764785115487","",""
"403508","2026-09-06T23:50:00.000Z","1788738600000","Japan","Foreign Exchange Reserves","Foreign Exchange Reserves","外汇储备","1","$1207.5B","","$1287.1B","","1788134400000","0","1788738627930","$","B"
"405775","2026-09-06T10:00:00.000Z","1788688800000","Israel","Tourist Arrivals","Tourist Arrivals YoY","入境游客人数同比","1","-1.9%","","28.6%","","1788134400000","0","1788693963003","","%"
"416381","2026-09-06T00:00:00.000Z","1788652800000","Bulgaria","Holidays","Unification Day","统一日","1","","","","","","0","1764785115463","",""
"420971","2026-09-06T00:00:00.000Z","1788652800000","OPEC","Calendar","OPEC and non-OPEC Ministerial Meeting","OPEC与非OPEC产油国部长级会议","2","","","","","","1","1785748859008","",""
"406203","2026-09-04T19:00:00.000Z","1788548400000","Colombia","Producer Prices Change","PPI YoY","生产者价格指数同比","1","0.76%","","1.51%","","1788134400000","0","1788548570943","","%"
"410572","2026-09-04T18:00:00.000Z","1788544800000","Brazil","Balance of Trade","Balance of Trade","贸易差额","2","$7.39B","$7.14B","$6.56B","$7.07B","1788134400000","0","1788545966373","$","B"
"396741","2026-09-04T17:00:00.000Z","1788541200000","United States","Total Rigs","Baker Hughes Total Rigs Count","贝克休斯钻井平台总数","1","588","","588","","1788480000000","0","1788541253123","",""
"396742","2026-09-04T17:00:00.000Z","1788541200000","United States","Crude Oil Rigs","Baker Hughes Oil Rig Count","贝克休斯石油钻井平台数量","1","449","","447","","1788480000000","0","1788541259517","",""
"407895","2026-09-04T17:00:00.000Z","1788541200000","Belgium","New Passenger Car Registrations YoY","New Car Registrations YoY","新车注册量同比","1","8.3%","","-7.4%","","1788134400000","0","1788540652937","","%"
"396740","2026-09-04T14:00:00.000Z","1788530400000","World","Supply Chain Pressure Index","Global Supply Chain Pressure Index","全球供应链压力指数","1","1.06","","0.94","0.79","1788134400000","0","1788534712727","",""
"407812","2026-09-04T14:00:00.000Z","1788530400000","Canada","Business Confidence","Ivey PMI s.a","Ivey采购经理人指数（季调后）","3","64.3","56.2","55.1","","1788134400000","0","1788530401360","",""
"396730","2026-09-04T12:30:00.000Z","1788525000000","United States","Average Hourly Earnings","Average Hourly Earnings MoM","平均时薪环比","2","0.3%","0.3%","0.2%","0.1%","1788134400000","0","1788525003200","","%"
"396731","2026-09-04T12:30:00.000Z","1788525000000","United States","Non Farm Payrolls","Non Farm Payrolls","非农就业人数","3","162K","56K","21K","-23K","1788134400000","0","1788525003067","","K"
"396732","2026-09-04T12:30:00.000Z","1788525000000","United States","Average Hourly Earnings YoY","Average Hourly Earnings YoY","平均时薪同比","2","3.1%","3%","3.2%","","1788134400000","0","1788525007290","","%"
"396733","2026-09-04T12:30:00.000Z","1788525000000","United States","Unemployment Rate","Unemployment Rate","失业率","3","4.1%","4.1%","4.1%","","1788134400000","0","1788525003447","","%"
"396734","2026-09-04T12:30:00.000Z","1788525000000","United States","Government Payrolls","Government Payrolls","政府部门就业人数","1","35K","","-50K","-53K","1788134400000","0","1788525002577","","K"
"396735","2026-09-04T12:30:00.000Z","1788525000000","United States","Nonfarm Payrolls Private","Nonfarm Payrolls Private","私营部门非农就业人数","1","127K","45K","71K","30K","1788134400000","0","1788525003443","","K"
"396736","2026-09-04T12:30:00.000Z","1788525000000","United States","Labor Force Participation Rate","Participation Rate","劳动参与率","2","61.6%","","61.4%","","1788134400000","0","1788525003447","","%"
"396737","2026-09-04T12:30:00.000Z","1788525000000","United States","U6 Unemployment Rate","U-6 Unemployment Rate","U-6广义失业率","1","7.7%","","7.9%","","1788134400000","0","1788525003593","","%"
"396738","2026-09-04T12:30:00.000Z","1788525000000","United States","Average Weekly Hours","Average Weekly Hours","平均每周工时","1","34.4","34.3","34.3","","1788134400000","0","1788525003067","",""
"396739","2026-09-04T12:30:00.000Z","1788525000000","United States","Manufacturing Payrolls","Manufacturing Payrolls","制造业就业人数","1","16K","5K","14K","5K","1788134400000","0","1788525003297","","K"
"407199","2026-09-04T12:30:00.000Z","1788525000000","Canada","Part Time Employment","Part Time Employment Chg","兼职就业人数变动","2","-5.8K","","36.6K","","1788134400000","0","1788525002570","","K"
"408422","2026-09-04T12:30:00.000Z","1788525000000","Canada","Employment Change","Employment Change","就业人数变动","2","-41.7K","15K","75.1K","","1788134400000","0","1788525002577","","K"
"413106","2026-09-04T12:30:00.000Z","1788525000000","Canada","Full Time Employment","Full Time Employment Chg","全职就业人数变动","2","-35.9K","","38.6K","","1788134400000","0","1788525002920","","K"
"413401","2026-09-04T12:30:00.000Z","1788525000000","Canada","Unemployment Rate","Unemployment Rate","失业率","3","6.4%","6.4%","6.4%","","1788134400000","0","1788525002573","","%"
"414296","2026-09-04T12:30:00.000Z","1788525000000","Canada","Average Hourly Earnings","Average Hourly Wages YoY","平均小时工资同比","1","2%","","3%","","1788134400000","0","1788525002573","","%"
"414744","2026-09-04T12:30:00.000Z","1788525000000","Canada","Labor Force Participation Rate","Participation Rate","劳动参与率","2","65%","","65.1%","","1788134400000","0","1788525002920","","%"
"410345","2026-09-04T12:00:00.000Z","1788523200000","Mexico","Private Investment","Gross Fixed Investment MoM","固定投资总额环比","1","1.3%","0.4%","-0.4%","","1782777600000","0","1788523202237","","%"
"413340","2026-09-04T12:00:00.000Z","1788523200000","Mexico","Private Investment YoY","Gross Fixed Investment YoY","固定投资总额同比","1","7.7%","4.8%","1.1%","","1782777600000","0","1788523202010","","%"
"396727","2026-09-04T11:30:00.000Z","1788521400000","India","Foreign Exchange Reserves","Foreign Exchange Reserves","外汇储备","1","$740.8B","","$729.33B","","1787875200000","0","1788521403783","$","B"
"396728","2026-09-04T11:30:00.000Z","1788521400000","India","Loan Growth","Bank Loan Growth YoY","银行贷款增长率同比","1","","","","","1787270400000","0","1763398866313","",""
"396729","2026-09-04T11:30:00.000Z","1788521400000","India","Deposit Growth","Deposit Growth YoY","存款增长率同比","1","","","","","1787270400000","0","1763398866313","",""
"418034","2026-09-04T10:50:00.000Z","1788519000000","Albania","Producer Prices Change","PPI YoY","生产者价格指数同比","1","0.2%","","0.1%","","1782777600000","0","1788518997553","","%"
"411394","2026-09-04T10:30:00.000Z","1788517800000","Russia","Total Vehicle Sales","Vehicle Sales YoY","汽车销量同比","1","-7.3%","","0.3%","","1788134400000","0","1788517196463","","%"
"406602","2026-09-04T10:00:00.000Z","1788516000000","Ireland","Gross National Product","GNP QoQ","国民生产总值（GNP）季环比","1","-5%","","5.9%","6.8%","1782777600000","0","1788516172517","","%"
"406632","2026-09-04T10:00:00.000Z","1788516000000","Latvia","Industrial Production","Industrial Production YoY","工业生产同比","1","-0.2%","","0.5%","","1785456000000","0","1788516010107","","%"
"409394","2026-09-04T10:00:00.000Z","1788516000000","Ireland","GDP Annual Growth Rate","GDP Growth Rate YoY Final","国内生产总值（GDP）增长率同比终值","1","-0.4%","-1.6%","-13.2%","-13.0%","1782777600000","0","1788516542923","","%"
"409784","2026-09-04T10:00:00.000Z","1788516000000","Latvia","Industrial Production Mom","Industrial Production MoM","工业生产环比","1","0.1%","","-0.9%","-0.8%","1785456000000","0","1788516166980","","%"
"410923","2026-09-04T10:00:00.000Z","1788516000000","Ireland","GDP Growth Rate","GDP Growth Rate QoQ Final","国内生产总值（GDP）增长率季环比终值","1","10.2%","3.9%","-7.8%","-7.0%","1782777600000","0","1788516001080","","%"
"412130","2026-09-04T10:00:00.000Z","1788516000000","Ireland","Current Account","Current Account","经常账户差额","1","€19.7B","","€17.9B","€17.4B","1782777600000","0","1788516526710","€","B"
"412647","2026-09-04T10:00:00.000Z","1788516000000","Macedonia","Balance of Trade","Balance of Trade","贸易差额","1","$-390M","","$-363M","","1785456000000","0","1788516079423","$","M"
"413384","2026-09-04T10:00:00.000Z","1788516000000","Ireland","Gross National Product","GNP YoY","国民生产总值（GNP）同比","1","5.2%","","16.5%","16.6%","1782777600000","0","1788516258320","","%"
"414283","2026-09-04T10:00:00.000Z","1788516000000","Serbia","Producer Prices Change","PPI YoY","生产者价格指数同比","1","9%","","6.2%","","1788134400000","0","1788516108627","","%"
"400712","2026-09-04T09:00:00.000Z","1788512400000","Euro Area","Retail Sales YoY","Retail Sales YoY","零售销售同比","1","0.6%","1.1%","1.4%","0.7%","1785456000000","0","1788512402357","","%"
"400846","2026-09-04T09:00:00.000Z","1788512400000","Euro Area","Retail Sales MoM","Retail Sales MoM","零售销售环比","2","-0.6%","0.3%","0.2%","-0.3%","1785456000000","0","1788512402133","","%"
"411503","2026-09-04T09:00:00.000Z","1788512400000","Uganda","Business Confidence","Business Confidence","商业信心指数","1","59.6","","56.1","55.7","1788134400000","0","1788512459920","",""
"421080","2026-09-04T09:00:00.000Z","1788512400000","Euro Area","Interest Rate","ECB Lane Speech","欧洲央行（ECB）Lane讲话","1","","","","","","0","1787931890700","",""
"421030","2026-09-04T08:50:00.000Z","1788511800000","United Kingdom","Interest Rate","BoE Gov Bailey Speech","英国央行（BoE）行长Bailey讲话","2","","","","","","0","1787326622680","",""
"399337","2026-09-04T08:30:00.000Z","1788510600000","United Kingdom","DMP 1Y CPI Expectations","DMP 1Y CPI Expectations","DMP一年期消费者价格指数预期","1","3.1%","","3.0%","","1788134400000","0","1788510874937","","%"
"399383","2026-09-04T08:30:00.000Z","1788510600000","United Kingdom","Construction PMI","S&P Global Construction PMI","标普全球建筑业采购经理人指数","2","44.3","45.5","44.7","","1788134400000","","1788510600829","",""
"400002","2026-09-04T08:30:00.000Z","1788510600000","United Kingdom","DMP 3M Output Price Expectations","DMP 3M Output Price Expectations","DMP三个月期产出价格预期","1","3.8%","","3.9%","","1788134400000","0","1788510896320","","%"
"406921","2026-09-04T08:30:00.000Z","1788510600000","Slovenia","Balance of Trade","Balance of Trade","贸易差额","1","€-1,580.3M","","€-217.3M","","1785456000000","0","1788510638107","€","M"
"414295","2026-09-04T08:20:00.000Z","1788510000000","Taiwan","Foreign Exchange Reserves","Foreign Exchange Reserves","外汇储备","1","$601.9B","","$594.27B","","1788134400000","0","1788510000537","$","B"
"399537","2026-09-04T08:00:00.000Z","1788508800000","United Kingdom","New Passenger Car Registrations YoY","New Car Sales YoY","新车销量同比","1","13.7%","","11.7%","","1788134400000","0","1788509376857","","%"
"406922","2026-09-04T08:00:00.000Z","1788508800000","Italy","Retail Sales MoM","Retail Sales MoM","零售销售环比","2","-0.4%","0.2%","-0.2%","-0.1%","1785456000000","0","1788508879133","","%"
"407205","2026-09-04T08:00:00.000Z","1788508800000","World","Food Price Index","FAO Food Price Index","联合国粮农组织（FAO）食品价格指数","1","133.3","","130.8","131.1","1788134400000","0","1788508817960","",""
"413745","2026-09-04T08:00:00.000Z","1788508800000","Italy","Retail Sales YoY","Retail Sales YoY","零售销售同比","1","0.8%","","3.1%","","1785456000000","0","1788508864097","","%"
"420691","2026-09-04T08:00:00.000Z","1788508800000","Philippines","Business Confidence","Business Confidence","商业信心指数","1","-20.3","","0.0","","1785456000000","0","1788508954180","",""
"408435","2026-09-04T07:40:00.000Z","1788507600000","Uganda","Balance of Trade","Balance of Trade","贸易差额","1","$-304M","","$-879M","$-870.0M","1785456000000","0","1788508936650","$","M"
"401426","2026-09-04T07:30:00.000Z","1788507000000","Germany","Construction PMI","S&P Global Construction PMI","标普全球建筑业采购经理人指数","1","48.7","","42.1","","1788134400000","","1788507001052","",""
"402125","2026-09-04T07:30:00.000Z","1788507000000","France","Construction PMI","S&P Global Construction PMI","标普全球建筑业采购经理人指数","1","37.3","","41.5","","1788134400000","","1788507001114","",""
"402514","2026-09-04T07:30:00.000Z","1788507000000","Euro Area","Construction PMI","S&P Global Construction PMI","标普全球建筑业采购经理人指数","1","43.0","","44.3","","1788134400000","","1788507007105","",""
"409028","2026-09-04T07:30:00.000Z","1788507000000","Italy","Construction PMI","S&P Global Construction PMI","标普全球建筑业采购经理人指数","1","41.7","","49.1","","1788134400000","","1788507001122","",""
"420870","2026-09-04T07:30:00.000Z","1788507000000","Canada","Holidays","Early Close Bond Market","债券市场提前收市","1","","","","","","0","1783937545002","",""
"404313","2026-09-04T07:00:00.000Z","1788505200000","Czech Republic","Retail Sales MoM","Retail Sales MoM","零售销售环比","1","0.6%","","-0.1%","","1785456000000","0","1788505239190","","%"
"405129","2026-09-04T07:00:00.000Z","1788505200000","Slovakia","GDP Growth Rate","GDP Growth Rate QoQ Final","国内生产总值（GDP）增长率季环比终值","1","0.2%","","0.2%","","1782777600000","0","1788505283610","","%"
"405641","2026-09-04T07:00:00.000Z","1788505200000","Slovakia","Retail Sales YoY","Retail Sales YoY","零售销售同比","1","-0.1%","","2.0%","","1785456000000","0","1788505308353","","%"
"409600","2026-09-04T07:00:00.000Z","1788505200000","Czech Republic","Inflation Rate","Inflation Rate YoY Prel","通胀率同比初值","1","1.9%","1.9%","1.7%","","1788134400000","0","1788505231450","","%"
"410757","2026-09-04T07:00:00.000Z","1788505200000","Czech Republic","Inflation Rate MoM","Inflation Rate MoM Prel","通胀率环比初值","1","0.3%","0.3%","0.6%","","1788134400000","0","1788505222363","","%"
"410781","2026-09-04T07:00:00.000Z","1788505200000","Czech Republic","Retail Sales YoY","Retail Sales YoY","零售销售同比","1","4.8%","4.5%","3.4%","3.6%","1785456000000","0","1788505353343","","%"
"411922","2026-09-04T07:00:00.000Z","1788505200000","Slovakia","GDP Annual Growth Rate","GDP Growth Rate YoY Final","国内生产总值（GDP）增长率同比终值","1","0.8%","0.7%","0.9%","","1782777600000","0","1788505258717","","%"
"414798","2026-09-04T07:00:00.000Z","1788505200000","Slovakia","Retail Sales MoM","Retail Sales MoM","零售销售环比","1","0.2%","","0.4%","","1785456000000","0","1788505346350","","%"
"417060","2026-09-04T07:00:00.000Z","1788505200000","Kazakhstan","Interest Rate","Interest Rate Decision","利率决议","1","16.25%","16.5%","16.75%","","1788480000000","0","1788505722637","","%"
"407027","2026-09-04T06:30:00.000Z","1788503400000","Hungary","Retail Sales YoY","Retail Sales YoY","零售销售同比","1","4.9%","","3%","","1785456000000","0","1788503400607","","%"
"403359","2026-09-04T06:00:00.000Z","1788501600000","Germany","Factory Orders","Factory Orders MoM","工厂订单环比","2","2.5%","0.3%","3.7%","3.1%","1785456000000","0","1788501731310","","%"
"403753","2026-09-04T06:00:00.000Z","1788501600000","Romania","Retail Sales YoY","Retail Sales YoY","零售销售同比","1","-6.1%","","-7.4%","-7.3%","1785456000000","0","1788502055710","","%"
"405324","2026-09-04T06:00:00.000Z","1788501600000","Sweden","Current Account","Current Account","经常账户差额","1","SEK126.2B","","SEK97.5B","SEK93.9B","1782777600000","0","1788501622663","SEK","B"
"411028","2026-09-04T06:00:00.000Z","1788501600000","Romania","Retail Sales MoM","Retail Sales MoM","零售销售环比","1","0.8%","","-1.3%","-1.2%","1785456000000","0","1788502019793","","%"
"403775","2026-09-04T05:00:00.000Z","1788498000000","Estonia","Industrial Production","Industrial Production YoY","工业生产同比","1","2.3%","","-4.6%","","1785456000000","0","1788498253840","","%"
"408458","2026-09-04T05:00:00.000Z","1788498000000","Estonia","Industrial Production Mom","Industrial Production MoM","工业生产环比","1","0.9%","","-2.3%","","1785456000000","0","1788498260870","","%"
"396726","2026-09-04T03:35:00.000Z","1788492900000","Japan","3 Month Bill Yield","3-Month Bill Auction","3个月期国库券拍卖","1","1.1076%","","1.0794%","","","0","1788492635893","","%"
"407278","2026-09-04T01:25:00.000Z","1788485100000","Vietnam","Retail Sales Yoy","Retail Sales YoY","零售销售同比","1","14.9%","","14.5%","","1788134400000","0","1788485115117","","%"
"404590","2026-09-04T01:00:00.000Z","1788483600000","Philippines","Core Inflation Rate","Core Inflation Rate YoY","核心通胀率同比","1","4.1%","4.1%","4.2%","","1788134400000","0","1788483690857","","%"
"405283","2026-09-04T01:00:00.000Z","1788483600000","Philippines","Inflation Rate","Inflation Rate YoY","通胀率同比","2","6.1%","6%","6.2%","","1788134400000","0","1788483675130","","%"
"408521","2026-09-04T01:00:00.000Z","1788483600000","Philippines","Industrial Production","Industrial Production YoY","工业生产同比","1","9.6%","","13.9%","13.5%","1785456000000","0","1788483676310","","%"
"411799","2026-09-04T01:00:00.000Z","1788483600000","Philippines","Inflation Rate Mom","Inflation Rate MoM","通胀率环比","1","0.6%","0.5%","0.1%","","1788134400000","0","1788483778930","","%"
"416380","2026-09-04T00:00:00.000Z","1788480000000","Nepal","Holidays","Shree Krishna Janmastami","克里希那诞辰节","1","","","","","","0","1764785115046","",""
"401116","2026-09-03T23:30:00.000Z","1788478200000","Japan","Household Spending","Household Spending YoY","家庭支出同比","2","-3.6%","-1.6%","-3.3%","","1785456000000","0","1788478201957","","%"
"402557","2026-09-03T23:30:00.000Z","1788478200000","Japan","Household Spending MoM","Household Spending MoM","家庭支出环比","2","0.5%","2.6%","-6.4%","","1785456000000","0","1788478203890","","%"
"406344","2026-09-03T23:00:00.000Z","1788476400000","South Korea","Current Account","Current Account","经常账户差额","1","$42.08B","","$49.73B","","1785456000000","0","1788476400703","$","B"
"397780","2026-09-03T20:30:00.000Z","1788467400000","United States","Central Bank Balance Sheet","Fed Balance Sheet","美联储资产负债表","1","$6.737T","","$6.731T","","1788307200000","0","1788467613647","$","T"
"421073","2026-09-03T19:00:00.000Z","1788462000000","United States","Interest Rate","Fed Hammack Speech","美联储Hammack讲话","2","","","","","","0","1787918923423","",""
"413193","2026-09-03T17:10:00.000Z","1788455400000","Uruguay","Inflation Rate","Inflation Rate YoY","通胀率同比","1","4.55%","","4.27%","","1788134400000","0","1788455332993","","%"
"396724","2026-09-03T16:00:00.000Z","1788451200000","United States","15 Year Mortgage Rate","15-Year Mortgage Rate","15年期抵押贷款利率","1","6.04%","","5.98%","","1788393600000","0","1788451279630","","%"
"396725","2026-09-03T16:00:00.000Z","1788451200000","United States","30 Year Mortgage Rate","30-Year Mortgage Rate","30年期抵押贷款利率","1","6.71%","","6.66%","","1788393600000","0","1788451261273","","%"
"420636","2026-09-03T16:00:00.000Z","1788451200000","Canada","2 Year Note Yield","2-Year Bond Auction","2年期国债拍卖","1","3.164%","","3.023%","","","0","1788451309763","","%"
"396722","2026-09-03T15:30:00.000Z","1788449400000","United States","8 Week Bill Yield","8-Week Bill Auction","8周期国库券拍卖","1","3.750%","","3.670%","","","0","1788449554590","","%"
"396723","2026-09-03T15:30:00.000Z","1788449400000","United States","4 Week Bill Yield","4-Week Bill Auction","4周期国库券拍卖","1","3.700%","","3.650%","","","0","1788449563370","","%"
"408297","2026-09-03T15:00:00.000Z","1788447600000","Colombia","Exports YoY","Exports YoY","出口额同比","1","5.9%","","7%","","1785456000000","0","1788447386370","","%"
"396721","2026-09-03T14:30:00.000Z","1788445800000","United States","Natural Gas Stocks Change","EIA Natural Gas Stocks Change","EIA天然气库存变动","1","30Bcf","31Bcf","15Bcf","","1787875200000","0","1788445802620","","Bcf"
"396716","2026-09-03T14:00:00.000Z","1788444000000","United States","ISM Non Manufacturing Business Activity","ISM Services Business Activity","ISM服务业商业活动指数","1","61.7","","59.1","","1788134400000","0","1788444001083","",""
"396717","2026-09-03T14:00:00.000Z","1788444000000","United States","ISM Non Manufacturing Prices","ISM Services Prices","ISM服务业价格指数","1","72.6","","70.3","","1788134400000","0","1788444019473","",""
"396718","2026-09-03T14:00:00.000Z","1788444000000","United States","ISM Non Manufacturing Employment","ISM Services Employment","ISM服务业就业指数","1","47.8","","47.4","","1788134400000","0","1788444001040","",""
"396719","2026-09-03T14:00:00.000Z","1788444000000","United States","Non Manufacturing PMI","ISM Services PMI","ISM服务业采购经理人指数","3","55.4","54.3","54.1","","1788134400000","0","1788444000580","",""
"396720","2026-09-03T14:00:00.000Z","1788444000000","United States","ISM Non Manufacturing New Orders","ISM Services New Orders","ISM服务业新订单指数","1","60.9","","57.2","","1788134400000","0","1788444001043","",""
"398684","2026-09-03T13:45:00.000Z","1788443100000","United States","Composite PMI","S&P Global Composite PMI Final","标普全球综合采购经理人指数终值","1","56.0","56.0","54.5","","1788134400000","","1788443106944","",""
"398721","2026-09-03T13:45:00.000Z","1788443100000","United States","Services PMI","S&P Global Services PMI Final","标普全球服务业采购经理人指数终值","1","56.5","56.8","54.6","","1788134400000","","1788443101569","",""
"404799","2026-09-03T13:30:00.000Z","1788442200000","Canada","Services PMI","S&P Global Services PMI","标普全球服务业采购经理人指数","1","46.8","","49.1","","1788134400000","","1788442310328","",""
"408744","2026-09-03T13:30:00.000Z","1788442200000","Canada","Composite PMI","S&P Global Composite PMI","标普全球综合采购经理人指数","1","47.8","","49.7","","1788134400000","","1788442269671","",""
"410815","2026-09-03T13:30:00.000Z","1788442200000","Egypt","Money Supply M2","M2 Money Supply YoY","M2货币供应量同比","1","17.5%","","16.7%","","1785456000000","0","1788442667180","","%"
"396714","2026-09-03T13:00:00.000Z","1788440400000","Brazil","Services PMI","S&P Global Services PMI","标普全球服务业采购经理人指数","2","50.5","","49.7","","1788134400000","","1788440401024","",""
"396715","2026-09-03T13:00:00.000Z","1788440400000","Brazil","Composite PMI","S&P Global Composite PMI","标普全球综合采购经理人指数","1","49.1","","48.8","","1788134400000","","1788440400963","",""
"396711","2026-09-03T12:30:00.000Z","1788438600000","United States","Continuing Jobless Claims","Continuing Jobless Claims","续请失业金人数","1","1779K","","1771K","1778K","1787356800000","0","1788438601783","","K"
"396712","2026-09-03T12:30:00.000Z","1788438600000","United States","Jobless Claims 4-week Average","Jobless Claims 4-week Average","初请失业金人数四周平均值","1","207.25K","","205.75K","205.5K","1787961600000","0","1788438601703","","K"
"396713","2026-09-03T12:30:00.000Z","1788438600000","United States","Initial Jobless Claims","Initial Jobless Claims","初请失业金人数","2","206K","205K","204K","203K","1787961600000","0","1788438601700","","K"
"397911","2026-09-03T12:30:00.000Z","1788438600000","United States","Unit Labour Costs QoQ","Unit Labour Costs QoQ Final","单位劳动力成本季环比终值","1","1.2%","1.3%","1.3%","","1782777600000","0","1788438602480","","%"
"397964","2026-09-03T12:30:00.000Z","1788438600000","United States","Imports","Imports","进口额","2","$399.3B","","$388.5B","$388.0B","1785456000000","0","1788438734843","$","B"
"398355","2026-09-03T12:30:00.000Z","1788438600000","United States","Nonfarm Productivity QoQ","Nonfarm Productivity QoQ Final","非农劳动生产率季环比终值","1","1.4%","1.4%","0.8%","","1782777600000","0","1788438602500","","%"
"398565","2026-09-03T12:30:00.000Z","1788438600000","United States","Exports","Exports","出口额","2","$310.7B","","$314.7B","$317.3B","1785456000000","0","1788438710390","$","B"
"398823","2026-09-03T12:30:00.000Z","1788438600000","United States","Balance of Trade","Balance of Trade","贸易差额","2","$-88.6B","$-90B","$-71.2B","$-73.3B","1785456000000","0","1788438603797","$","B"
"406856","2026-09-03T12:30:00.000Z","1788438600000","Canada","Imports","Imports","进口额","1","C$75.37B","","C$73.76B","C$73.63B","1785456000000","0","1788438601167","C$","B"
"407523","2026-09-03T12:30:00.000Z","1788438600000","Canada","Exports","Exports","出口额","1","C$76.14B","","C$77.96B","C$77.49B","1785456000000","0","1788438601210","C$","B"
"408426","2026-09-03T12:30:00.000Z","1788438600000","Canada","Balance of Trade","Balance of Trade","贸易差额","2","C$0.77B","C$3.6B","C$4.2B","C$3.86B","1785456000000","0","1788438601213","C$","B"
"410797","2026-09-03T12:30:00.000Z","1788438600000","Canada","Productivity","Labor Productivity QoQ","劳动生产率季环比","1","1%","0.7%","-0.4%","-0.5%","1782777600000","0","1788438601213","","%"
"421072","2026-09-03T12:30:00.000Z","1788438600000","United States","Interest Rate","Fed Waller Speech","美联储Waller讲话","2","","","","","","0","1787918895780","",""
"405128","2026-09-03T12:00:00.000Z","1788436800000","Mexico","Consumer Confidence","Consumer Confidence","消费者信心指数","2","46.1","","45.2","45","1788134400000","0","1788437920767","",""
"396710","2026-09-03T11:30:00.000Z","1788435000000","Turkey","Foreign Exchange Reserves","Foreign Exchange Reserves","外汇储备","1","$71.11B","","$74.228B","","1787875200000","0","1788435146453","$","B"
"403672","2026-09-03T10:05:00.000Z","1788429900000","Portugal","Government Budget Value","Budget Balance","预算差额","1","€-6.3B","","€-6.7B","","1785456000000","0","1788429917277","€","B"
"406123","2026-09-03T10:00:00.000Z","1788429600000","Macedonia","GDP Annual Growth Rate","GDP Growth Rate YoY","国内生产总值（GDP）增长率同比","1","4.3%","","3.1%","","1782777600000","0","1788429666223","","%"
"398117","2026-09-03T09:30:00.000Z","1788427800000","United States","Challenger Job Cuts","Challenger Job Cuts","Challenger裁员人数","1","52.881K","","33.429K","","1788134400000","0","1788427800723","","K"
"418641","2026-09-03T09:30:00.000Z","1788427800000","Hungary","Government Bond 10Y","10-Year Bond Auction","10年期国债拍卖","1","5.68%","","5.49%","","","0","1788428155727","","%"
"418692","2026-09-03T09:30:00.000Z","1788427800000","Hungary","Calendar","3-Year Bond Auction","3年期国债拍卖","1","5.49%","","5.32%","","","0","1788428200440","","%"
"418693","2026-09-03T09:30:00.000Z","1788427800000","Hungary","Calendar","5-Year Bond Auction","5年期国债拍卖","1","5.53%","","5.38%","","","0","1788428177600","","%"
"405247","2026-09-03T09:15:00.000Z","1788426900000","Turkey","Imports","Imports Prel","进口额初值","1","$28.7B","","$32.9B","","1788134400000","0","1788427109820","$","B"
"410526","2026-09-03T09:15:00.000Z","1788426900000","Turkey","Exports","Exports Prel","出口额初值","1","$23.5B","","$25.6B","","1788134400000","0","1788427076660","$","B"
"414766","2026-09-03T09:15:00.000Z","1788426900000","Turkey","Balance of Trade","Balance of Trade Prel","贸易差额初值","2","$-5.24B","","$-7.34B","","1788134400000","0","1788427093733","$","B"
"401122","2026-09-03T09:00:00.000Z","1788426000000","Euro Area","Producer Price Inflation MoM","PPI MoM","生产者价格指数环比","1","1.6%","1.2%","-0.3%","","1785456000000","0","1788426054923","","%"
"401953","2026-09-03T09:00:00.000Z","1788426000000","Euro Area","Producer Prices Change","PPI YoY","生产者价格指数同比","1","5.8%","","4.6%","","1785456000000","0","1788426002540","","%"
"405022","2026-09-03T09:00:00.000Z","1788426000000","Cyprus","Inflation Rate","Inflation Rate YoY","通胀率同比","1","3.52%","","2.93%","","1788134400000","0","1788426036580","","%"
"406546","2026-09-03T09:00:00.000Z","1788426000000","Cyprus","Inflation Rate Mom","Inflation Rate MoM","通胀率环比","1","0.91%","","-0.66%","","1788134400000","0","1788426048950","","%"
"407212","2026-09-03T09:00:00.000Z","1788426000000","Iceland","Current Account","Current Account","经常账户差额","1","ISK-120.3B","","ISK-28.8B","ISK-32.1B","1782777600000","0","1788426089570","ISK","B"
"407273","2026-09-03T09:00:00.000Z","1788426000000","Norway","House Price Index MoM","House Price Index MoM","房价指数环比","1","0.8%","","-1.0%","-1.1%","1788134400000","0","1788426281053","","%"
"411032","2026-09-03T09:00:00.000Z","1788426000000","Norway","House Price Index YoY","House Price Index YoY","房价指数同比","1","2.6%","","2.2%","","1788134400000","0","1788426056737","","%"
"413871","2026-09-03T09:00:00.000Z","1788426000000","Croatia","Industrial Production","Industrial Production YoY","工业生产同比","1","7.2%","","4.3%","","1785456000000","0","1788426039677","","%"
"418044","2026-09-03T09:00:00.000Z","1788426000000","France","Calendar","2040 OAT Auction","2040年到期OAT国债拍卖","1","4.51%","","3.95%","","","0","1788426340127","","%"
"420443","2026-09-03T09:00:00.000Z","1788426000000","United Kingdom","Calendar","Index-linked Treasury Gilt 2049 Auction","2049年到期英国指数挂钩国债拍卖","1","2.496%","","2.165%","","","0","1788426228570","","%"
"421043","2026-09-03T09:00:00.000Z","1788426000000","France","20 Year Bond Yield","2046 OAT Auction","2046年到期OAT国债拍卖","1","4.74%","","4.27%","","","0","1788426347523","","%"
"421044","2026-09-03T09:00:00.000Z","1788426000000","France","Government Bond 10Y","2036 OAT Auction","2036年到期OAT国债拍卖","1","4.23%","","3.90%","","","0","1788426138013","","%"
"419033","2026-09-03T08:40:00.000Z","1788424800000","Spain","Calendar","15-Year Index-Linked Obligacion Auction","15年期西班牙指数挂钩长期国债（Obligacion）拍卖","1","1.822%","","1.715%","","","0","1788426250933","","%"
"421075","2026-09-03T08:40:00.000Z","1788424800000","Spain","3 Year Note Yield","3-Year Bonos Auction","3年期西班牙中期国债（Bonos）拍卖","1","3.079%","","2.867%","","","0","1788426184013","","%"
"421076","2026-09-03T08:40:00.000Z","1788424800000","Spain","5 Year Note Yield","5-Year Bonos Auction","5年期西班牙中期国债（Bonos）拍卖","1","3.255%","","3.005%","","","0","1788426198297","","%"
"421077","2026-09-03T08:40:00.000Z","1788424800000","Spain","Government Bond 10Y","10-Year Obligacion Auction","10年期西班牙长期国债（Obligacion）拍卖","1","3.736%","","3.542%","","","0","1788425457410","","%"
"399733","2026-09-03T08:30:00.000Z","1788424200000","United Kingdom","Composite PMI","S&P Global Composite PMI Final","标普全球综合采购经理人指数终值","1","52.5","52.5","52.2","","1788134400000","","1788424201101","",""
"399796","2026-09-03T08:30:00.000Z","1788424200000","United Kingdom","Services PMI","S&P Global Services PMI Final","标普全球服务业采购经理人指数终值","1","52.5","52.8","52.1","","1788134400000","","1788424201109","",""
"402806","2026-09-03T08:30:00.000Z","1788424200000","Germany","New Passenger Car Registrations YoY","New Car Registrations YoY","新车注册量同比","1","2.6%","","1.2%","","1788134400000","0","1788423903253","","%"
"407133","2026-09-03T08:30:00.000Z","1788424200000","Armenia","Inflation Rate","Inflation Rate YoY","通胀率同比","1","4.4%","","4.5%","","1788134400000","0","1788424206143","","%"
"400589","2026-09-03T08:00:00.000Z","1788422400000","Euro Area","Composite PMI","S&P Global Composite PMI Final","标普全球综合采购经理人指数终值","1","52.0","52.1","52.0","","1788134400000","","1788422409738","",""
"402246","2026-09-03T08:00:00.000Z","1788422400000","Euro Area","Services PMI","S&P Global Services PMI Final","标普全球服务业采购经理人指数终值","1","51.6","51.7","51.7","","1788134400000","","1788422401259","",""
"411245","2026-09-03T08:00:00.000Z","1788422400000","Jordan","Producer Prices Change","PPI YoY","生产者价格指数同比","1","3.64%","","5.27%","","1785456000000","0","1788423020310","","%"
"402154","2026-09-03T07:55:00.000Z","1788422100000","Germany","Services PMI","S&P Global Services PMI Final","标普全球服务业采购经理人指数终值","1","49.7","48.5","49.8","","1788134400000","","1788422108966","",""
"402764","2026-09-03T07:55:00.000Z","1788422100000","Germany","Composite PMI","S&P Global Composite PMI Final","标普全球综合采购经理人指数终值","1","51.8","51.0","51.3","","1788134400000","","1788422108911","",""
"400192","2026-09-03T07:50:00.000Z","1788421800000","France","Composite PMI","S&P Global Composite PMI Final","标普全球综合采购经理人指数终值","1","48.5","48.8","49.4","","1788134400000","","1788421800919","",""
"403372","2026-09-03T07:50:00.000Z","1788421800000","France","Services PMI","S&P Global Services PMI Final","标普全球服务业采购经理人指数终值","1","48.0","48.4","49.6","","1788134400000","","1788421801783","",""
"396708","2026-09-03T07:45:00.000Z","1788421500000","Italy","Composite PMI","S&P Global Composite PMI","标普全球综合采购经理人指数","1","53.6","","52.5","","1788134400000","","1788421501009","",""
"396709","2026-09-03T07:45:00.000Z","1788421500000","Italy","Services PMI","S&P Global Services PMI","标普全球服务业采购经理人指数","2","55.2","53.6","52.5","","1788134400000","","1788421501070","",""
"396706","2026-09-03T07:15:00.000Z","1788419700000","Spain","Composite PMI","S&P Global Composite PMI","标普全球综合采购经理人指数","1","55.8","","56.5","","1788134400000","","1788419734207","",""
"396707","2026-09-03T07:15:00.000Z","1788419700000","Spain","Services PMI","S&P Global Services PMI","标普全球服务业采购经理人指数","2","57.8","59","58.3","","1788134400000","","1788419700957","",""
"409738","2026-09-03T07:15:00.000Z","1788419700000","South Africa","Composite PMI","S&P Global PMI","标普全球采购经理人指数","1","50.5","","50.3","","1788134400000","","1788419700874","",""
"404008","2026-09-03T07:00:00.000Z","1788418800000","Turkey","Producer Price Inflation MoM","PPI MoM","生产者价格指数环比","1","2.57%","","1.52%","","1788134400000","0","1788418876443","","%"
"404379","2026-09-03T07:00:00.000Z","1788418800000","Czech Republic","Wage Growth","Real Wages YoY","实际工资同比","1","4.3%","5%","6.4%","","1782777600000","0","1788418849570","","%"
"404450","2026-09-03T07:00:00.000Z","1788418800000","Georgia","Industrial Production","Industrial Production YoY","工业生产同比","1","17.7%","","20.7%","","1782777600000","0","1788418873850","","%"
"405203","2026-09-03T07:00:00.000Z","1788418800000","Turkey","Producer Prices Change","PPI YoY","生产者价格指数同比","1","27.95%","","27.83%","","1788134400000","0","1788418867270","","%"
"405502","2026-09-03T07:00:00.000Z","1788418800000","Austria","GDP Growth Rate","GDP Growth Rate QoQ Final","国内生产总值（GDP）增长率季环比终值","1","-0.1%","0%","0.1%","0.2%","1782777600000","0","1788418893770","","%"
"407829","2026-09-03T07:00:00.000Z","1788418800000","Turkey","Inflation Rate","Inflation Rate YoY","通胀率同比","2","31.51%","31.62%","31.75%","","1788134400000","0","1788418846133","","%"
"408625","2026-09-03T07:00:00.000Z","1788418800000","Moldova","Unemployment Rate","Unemployment Rate","失业率","1","7.3%","","10.4%","","1782777600000","0","1788419043513","","%"
"408943","2026-09-03T07:00:00.000Z","1788418800000","Switzerland","GDP Annual Growth Rate","GDP Growth Rate YoY","国内生产总值（GDP）增长率同比","2","2.3%","","0.4%","0.3%","1782777600000","0","1788422063933","","%"
"409291","2026-09-03T07:00:00.000Z","1788418800000","Georgia","Inflation Rate MoM","Inflation Rate MoM","通胀率环比","1","0.4%","","-0.4%","","1788134400000","0","1788419008707","","%"
"409799","2026-09-03T07:00:00.000Z","1788418800000","Georgia","Inflation Rate","Inflation Rate YoY","通胀率同比","1","5.6%","","5.5%","","1788134400000","0","1788418845313","","%"
"409840","2026-09-03T07:00:00.000Z","1788418800000","Georgia","Retail Sales YoY","Retail Sales YoY","零售销售同比","1","11.9%","","13%","","1782777600000","0","1788418883943","","%"
"410722","2026-09-03T07:00:00.000Z","1788418800000","Switzerland","GDP Growth Rate","GDP Growth Rate QoQ Final","国内生产总值（GDP）增长率季环比终值","1","1.5%","1.6%","0.5%","0.4%","1782777600000","0","1788422021143","","%"
"413066","2026-09-03T07:00:00.000Z","1788418800000","Turkey","Inflation Rate Mom","Inflation Rate MoM","通胀率环比","2","1.84%","1.93%","1.78%","","1788134400000","0","1788418854387","","%"
"413937","2026-09-03T07:00:00.000Z","1788418800000","Austria","GDP Annual Growth Rate","GDP Growth Rate YoY Final","国内生产总值（GDP）增长率同比终值","1","0.4%","","0.8%","0.9%","1782777600000","0","1788418885353","","%"
"417075","2026-09-03T07:00:00.000Z","1788418800000","Malaysia","Interest Rate","Interest Rate Decision","利率决议","1","2.75%","2.75%","2.75%","","1788393600000","0","1788418800493","","%"
"407350","2026-09-03T06:30:00.000Z","1788417000000","Sweden","Services PMI","Services PMI","服务业采购经理人指数","1","55.8","","54.3","54.2","1788134400000","0","1788417130273","",""
"410160","2026-09-03T06:30:00.000Z","1788417000000","Switzerland","Inflation Rate","Inflation Rate YoY","通胀率同比","2","0.8%","0.5%","0.4%","","1788134400000","0","1788417000390","","%"
"411142","2026-09-03T06:30:00.000Z","1788417000000","Switzerland","Inflation Rate Mom","Inflation Rate MoM","通胀率环比","1","0.4%","0%","-0.1%","","1788134400000","0","1788417000663","","%"
"406244","2026-09-03T06:00:00.000Z","1788415200000","Russia","Composite PMI","S&P Global Composite PMI","标普全球综合采购经理人指数","1","50.6","","49.6","","1788134400000","","1788415250200","",""
"413268","2026-09-03T06:00:00.000Z","1788415200000","Russia","Services PMI","S&P Global Services PMI","标普全球服务业采购经理人指数","1","51.3","","49.0","","1788134400000","","1788415200936","",""
"421082","2026-09-03T05:15:00.000Z","1788412500000","Australia","Interest Rate","RBA Hunter Speech","澳大利亚储备银行（RBA）Hunter讲话","2","","","","","","0","1787931984660","",""
"421083","2026-09-03T05:15:00.000Z","1788412500000","Australia","Interest Rate","RBA  Brischetto Speech","澳大利亚储备银行（RBA）Brischetto讲话","1","","","","","","0","1787931994140","",""
"396704","2026-09-03T05:00:00.000Z","1788411600000","India","Services PMI","HSBC Services PMI Final","汇丰（HSBC）服务业采购经理人指数终值","1","54.1","54.5","53.3","","1788134400000","","1788411610215","",""
"396705","2026-09-03T05:00:00.000Z","1788411600000","India","Composite PMI","HSBC Composite PMI Final","汇丰（HSBC）综合采购经理人指数终值","1","54.30","54.6","54.30","54.3","1788134400000","","1788411600959","",""
"405866","2026-09-03T04:15:00.000Z","1788408900000","Egypt","Manufacturing PMI","S&P Global PMI","标普全球采购经理人指数","1","49.6","","46.8","","1788134400000","","1788408961797","",""
"411514","2026-09-03T04:15:00.000Z","1788408900000","United Arab Emirates","Manufacturing PMI","S&P Global PMI","标普全球采购经理人指数","1","55.3","","52.7","","1788134400000","","1788408901096","",""
"414102","2026-09-03T04:15:00.000Z","1788408900000","Saudi Arabia","Manufacturing PMI","Riyad Bank PMI","利雅得银行采购经理人指数","1","53.8","","53.1","","1788134400000","","1788408901035","",""
"420804","2026-09-03T03:35:00.000Z","1788406500000","Japan","30 Year Bond Yield","30-Year JGB Auction","30年期日本国债（JGB）拍卖","1","4.100%","","3.937%","","","0","1788406985017","","%"
"404046","2026-09-03T02:00:00.000Z","1788400800000","Vietnam","Foreign Direct Investment","Foreign Direct Investment","外国直接投资","1","$17.30B","","$15.20B","","1788134400000","0","1788405060167","$","B"
"406444","2026-09-03T02:00:00.000Z","1788400800000","Vietnam","Balance of Trade","Balance of Trade","贸易差额","1","$-1.13B","","$-3.59B","","1788134400000","0","1788402324607","$","B"
"407929","2026-09-03T02:00:00.000Z","1788400800000","Vietnam","Inflation Rate","Inflation Rate YoY","通胀率同比","1","4.89%","","4.45%","","1788134400000","0","1788401288773","","%"
"411900","2026-09-03T02:00:00.000Z","1788400800000","Vietnam","Industrial Production","Industrial Production YoY","工业生产同比","1","14.4%","","14.5%","","1788134400000","0","1788401281097","","%"
"413397","2026-09-03T02:00:00.000Z","1788400800000","Vietnam","Tourist Arrivals","Tourist Arrivals YoY","入境游客人数同比","1","18.4%","","6.6%","","1788134400000","0","1788410659907","","%"
"396702","2026-09-03T01:45:00.000Z","1788399900000","China","Services PMI","RatingDog Services PMI","RatingDog服务业采购经理人指数","2","51.4","50.6","50.4","","1788134400000","","1788399900811","",""
"396703","2026-09-03T01:45:00.000Z","1788399900000","China","Composite PMI","RatingDog Composite PMI","RatingDog综合采购经理人指数","1","52.1","","50.8","","1788134400000","","1788400011693","",""
"400403","2026-09-03T01:30:00.000Z","1788399000000","Australia","Imports","Imports MoM","进口额环比","1","-2.5%","","-0.7%","-0.2%","1785456000000","0","1788399400697","","%"
"402000","2026-09-03T01:30:00.000Z","1788399000000","Australia","Balance of Trade","Balance of Trade","贸易差额","3","A$1.923B","A$1.40B","A$2.341B","A$1.929B","1785456000000","0","1788399108730","A$","B"
"403355","2026-09-03T01:30:00.000Z","1788399000000","Australia","Exports","Exports MoM","出口额环比","1","-3.3%","","9.1%","9.6%","1785456000000","0","1788399156597","","%"
"421081","2026-09-03T01:00:00.000Z","1788397200000","Australia","Interest Rate","RBA Jones Speech","澳大利亚储备银行（RBA）Jones讲话","2","","","","","","0","1787931942177","",""
"396655","2026-09-03T00:30:00.000Z","1788395400000","Vietnam","Manufacturing PMI","S&P Global Manufacturing PMI","标普全球制造业采购经理人指数","1","53.3","","52.9","","1788134400000","","1788395401001","",""
"402223","2026-09-03T00:30:00.000Z","1788395400000","Japan","Composite PMI","S&P Global Composite PMI Final","标普全球综合采购经理人指数终值","1","53.50","53.4","52.70","52.7","1788134400000","","1788395400694","",""
"403170","2026-09-03T00:30:00.000Z","1788395400000","Japan","Services PMI","S&P Global Services PMI Final","标普全球服务业采购经理人指数终值","1","52.5","52.3","51.2","","1788134400000","","1788395400954","",""
"404675","2026-09-03T00:30:00.000Z","1788395400000","Singapore","Composite PMI","S&P Global PMI","标普全球采购经理人指数","1","59.4","","59.2","","1788134400000","","1788395679127","",""
"413804","2026-09-03T00:30:00.000Z","1788395400000","Hong Kong","Manufacturing PMI","S&P Global PMI","标普全球采购经理人指数","1","49.5","","51.0","","1788134400000","","1788395401012","",""
"396701","2026-09-03T00:01:00.000Z","1788393660000","Ireland","Services PMI","AIB Services PMI","AIB服务业采购经理人指数","1","55.4","","55.2","","1788134400000","","1788393660861","",""
"396699","2026-09-02T23:50:00.000Z","1788393000000","Japan","Foreign Bond Investment","Foreign Bond Investment","外国债券投资","1","¥-824B","","¥-1976.8B","¥-1978.4B","1787961600000","0","1788393001177","¥","B"
"396700","2026-09-02T23:50:00.000Z","1788393000000","Japan","Foreign Stock Investment","Stock Investment by Foreigners","外国投资者股票投资","1","¥35.8B","","¥-763.4B","¥-764.1B","1787961600000","0","1788393001170","¥","B"
"400132","2026-09-02T23:00:00.000Z","1788390000000","Australia","services pmi","S&P Global Services PMI Final","标普全球服务业采购经理人指数终值","1","53.2","52.9","53.6","","1788134400000","","1788390000972","",""
"400863","2026-09-02T23:00:00.000Z","1788390000000","Australia","Composite PMI","S&P Global Composite PMI Final","标普全球综合采购经理人指数终值","1","52.70","52.5","53.20","53.2","1788134400000","","1788390000911","",""
"401871","2026-09-02T22:45:00.000Z","1788389100000","New Zealand","Import Prices MoM","Import Prices QoQ","进口价格季环比","1","13.8%","","-0.7%","","1782777600000","0","1788389101167","","%"
"402197","2026-09-02T22:45:00.000Z","1788389100000","New Zealand","Terms of Trade","Terms of Trade QoQ","贸易条件季环比","1","-9%","-2.2%","-1.9%","-2.0%","1782777600000","0","1788390311933","","%"
"403014","2026-09-02T22:45:00.000Z","1788389100000","New Zealand","Export Prices MoM","Export Prices QoQ","出口价格季环比","1","3.5%","","-2.6%","-2.7%","1782777600000","0","1788390259400","","%"
"405085","2026-09-02T22:00:00.000Z","1788386400000","South Korea","Foreign Exchange Reserves","Foreign Exchange Reserves","外汇储备","1","$442.28B","","$427.95B","$427.9B","1788134400000","0","1788382998660","$","B"
"418770","2026-09-02T18:00:00.000Z","1788372000000","United States","Interest Rate","Fed Beige Book","美联储经济状况褐皮书","1","","","","","","0","1768576213837","",""
"406057","2026-09-02T16:40:00.000Z","1788367200000","Paraguay","Inflation Rate","Inflation Rate YoY","通胀率同比","1","1.5%","","1.6%","","1788134400000","0","1788367172810","","%"
"409267","2026-09-02T16:00:00.000Z","1788364800000","Russia","Unemployment Rate","Unemployment Rate","失业率","2","2.3%","","2.2%","","1785456000000","0","1788364800547","","%"
"409744","2026-09-02T16:00:00.000Z","1788364800000","Russia","Business Confidence","Business Confidence","商业信心指数","1","-1.0","","-1.1","-1.2","1788134400000","0","1788364930167","",""
"410796","2026-09-02T16:00:00.000Z","1788364800000","Russia","Retail Sales YoY","Retail Sales YoY","零售销售同比","1","5.3%","","7.3%","","1785456000000","0","1788364800867","","%"
"412321","2026-09-02T16:00:00.000Z","1788364800000","Russia","Corporate Profits","Corporate Profits","企业利润","1","RUB 11.70T","","RUB 11.30T","","1782777600000","0","1788364921060","RUB","T"
"412820","2026-09-02T16:00:00.000Z","1788364800000","Russia","Wage Growth","Real Wage Growth YoY","实际工资增长率同比","1","3.4%","","4.5%","","1782777600000","0","1788364800837","","%"
"413785","2026-09-02T16:00:00.000Z","1788364800000","Russia","Monthly GDP YoY","GDP YoY","国内生产总值（GDP）同比","1","0.6%","","1.7%","1.1%","1785456000000","0","1788364874780","","%"
"420108","2026-09-02T15:30:00.000Z","1788363000000","United States","17 Week Bill Yield","17-Week Bill Auction","17周期国库券拍卖","1","3.855%","","3.750%","","","0","1788363311467","","%"
"401896","2026-09-02T15:00:00.000Z","1788361200000","France","New Passenger Car Registrations YoY","New Car Registrations YoY","新车注册量同比","1","7.4%","","9.0%","","1788134400000","0","1788361174923","","%"
"407375","2026-09-02T15:00:00.000Z","1788361200000","Denmark","Foreign Exchange Reserves","Foreign Exchange Reserves","外汇储备","1","DKK693.6B","","DKK699.6B","","1788134400000","0","1788361201540","DKK","B"
"394253","2026-09-02T14:30:00.000Z","1788359400000","Canada","Interest Rate","BoC Press Conference","加拿大央行（BoC）新闻发布会","2","","","","","","0","1761653617078","",""
"396690","2026-09-02T14:30:00.000Z","1788359400000","United States","Cushing Crude Oil Stocks","EIA Cushing Crude Oil Stocks Change","EIA库欣原油库存变动","1","0.08M","","1.176M","","1787875200000","0","1788359401853","","M"
"396691","2026-09-02T14:30:00.000Z","1788359400000","United States","Crude Oil Stocks Change","EIA Crude Oil Stocks Change","EIA原油库存变动","2","-4.45M","-1.1M","0.095M","","1787875200000","0","1788359402420","","M"
"396692","2026-09-02T14:30:00.000Z","1788359400000","United States","Refinery Crude Runs","EIA Refinery Crude Runs Change","EIA炼厂原油加工量变动","1","0.103M","","-0.002M","","1787875200000","0","1788359401857","","M"
"396693","2026-09-02T14:30:00.000Z","1788359400000","United States","Distillate Stocks","EIA Distillate Stocks Change","EIA馏分油库存变动","1","0.796M","-1.3M","-2.228M","","1787875200000","0","1788359402690","","M"
"396694","2026-09-02T14:30:00.000Z","1788359400000","United States","Crude Oil Imports","EIA Crude Oil Imports Change","EIA原油进口量变动","1","-0.079M","","-0.161M","","1787875200000","0","1788359402750","","M"
"396695","2026-09-02T14:30:00.000Z","1788359400000","United States","Distillate Fuel Production","EIA Distillate Fuel Production Change","EIA馏分燃料产量变动","1","-0.009M","","-0.091M","","1787875200000","0","1788359402477","","M"
"396696","2026-09-02T14:30:00.000Z","1788359400000","United States","Heating Oil Stocks","EIA Heating Oil Stocks Change","EIA取暖油库存变动","1","-0.033M","","0.027M","","1787875200000","0","1788359402710","","M"
"396697","2026-09-02T14:30:00.000Z","1788359400000","United States","Gasoline Stocks Change","EIA Gasoline Stocks Change","EIA汽油库存变动","2","-1.173M","-1.9M","-2.536M","","1787875200000","0","1788359402237","","M"
"396698","2026-09-02T14:30:00.000Z","1788359400000","United States","Gasoline Production","EIA Gasoline Production Change","EIA汽油产量变动","1","0.073M","","0.061M","","1787875200000","0","1788359402240","","M"
"398129","2026-09-02T14:00:00.000Z","1788357600000","United States","Factory Orders","Factory Orders MoM","工厂订单环比","2","0.9%","0.6%","-0.2%","-0.3%","1785456000000","0","1788357601053","","%"
"399196","2026-09-02T14:00:00.000Z","1788357600000","United States","Factory Orders Ex Transportation","Factory Orders ex Transportation","扣除运输设备的工厂订单","1","0.6%","","-0.1%","-0.4%","1785456000000","0","1788357602713","","%"
"394240","2026-09-02T13:45:00.000Z","1788356700000","Canada","Interest Rate","BoC Interest Rate Decision","加拿大央行（BoC）利率决议","3","2.25%","2.25%","2.25%","","1788307200000","0","1788356728573","","%"
"421079","2026-09-02T13:30:00.000Z","1788355800000","Euro Area","Interest Rate","ECB Buch Speech","欧洲央行（ECB）Buch讲话","1","","","","","","0","1787931873367","",""
"408548","2026-09-02T13:00:00.000Z","1788354000000","Singapore","Manufacturing PMI","SIPMM Manufacturing PMI","SIPMM制造业采购经理人指数","1","51.5","","51.4","","1788134400000","0","1788354087713","",""
"396689","2026-09-02T12:15:00.000Z","1788351300000","United States","ADP Employment Change","ADP Employment Change","ADP就业人数变动","2","38K","47K","46K","44K","1788134400000","0","1788351330527","","K"
"406028","2026-09-02T12:00:00.000Z","1788350400000","Brazil","Industrial Production","Industrial Production YoY","工业生产同比","1","-0.5%","","1.7%","","1785456000000","0","1788350421773","","%"
"410789","2026-09-02T12:00:00.000Z","1788350400000","Brazil","Industrial Production Mom","Industrial Production MoM","工业生产环比","2","0.2%","","-1.6%","-1.8%","1785456000000","0","1788350736463","","%"
"396688","2026-09-02T11:30:00.000Z","1788348600000","India","Money Supply M3","M3 Money Supply YoY","M3货币供应量同比","1","","","","","1787270400000","0","1763398866313","",""
"396683","2026-09-02T11:00:00.000Z","1788346800000","United States","Mortgage Rate","MBA 30-Year Mortgage Rate","MBA 30年期抵押贷款利率","2","6.79%","","6.78%","","1787875200000","0","1788346801040","","%"
"396684","2026-09-02T11:00:00.000Z","1788346800000","United States","MBA Mortgage Market Index","MBA Mortgage Market Index","MBA抵押贷款市场指数","1","247.3","","245.3","","1787875200000","0","1788346801040","",""
"396685","2026-09-02T11:00:00.000Z","1788346800000","United States","MBA Purchase Index","MBA Purchase Index","MBA购房贷款申请指数","1","157.8","","154.4","","1787875200000","0","1788346800733","",""
"396686","2026-09-02T11:00:00.000Z","1788346800000","United States","Mortgage Applications","MBA Mortgage Applications","MBA抵押贷款申请","1","0.8%","","-1%","","1787875200000","0","1788346801037","","%"
"396687","2026-09-02T11:00:00.000Z","1788346800000","United States","MBA Mortgage Refinance Index","MBA Mortgage Refinance Index","MBA抵押贷款再融资指数","1","732.6","","740.8","","1787875200000","0","1788346801000","",""
"405373","2026-09-02T10:30:00.000Z","1788345000000","Ghana","Inflation Rate","Inflation Rate YoY","通胀率同比","1","5%","","4.6%","","1788134400000","0","1788348282207","","%"
"412336","2026-09-02T10:30:00.000Z","1788345000000","South Africa","Business Confidence","Business Confidence","商业信心指数","2","38","","39","","1790726400000","0","1788345274553","",""
"420700","2026-09-02T10:10:00.000Z","1788343800000","European Union","Calendar","3-Month Bill Auction","3个月期国库券拍卖","1","2.499%","","2.400%","","","0","1788345149080","","%"
"420715","2026-09-02T10:10:00.000Z","1788343800000","European Union","Calendar","6-Month Bill Auction","6个月期国库券拍卖","1","2.682%","","2.533%","","","0","1788345184390","","%"
"420720","2026-09-02T10:10:00.000Z","1788343800000","European Union","Calendar","12-Month Bill Auction","12个月期国库券拍卖","1","2.918%","","2.704%","","","0","1788345192720","","%"
"410621","2026-09-02T10:00:00.000Z","1788343200000","Ireland","Unemployment Rate","Unemployment Rate","失业率","1","5.0%","","5.0%","5.1%","1788134400000","0","1788343371003","","%"
"420935","2026-09-02T09:15:00.000Z","1788340500000","Greece","Calendar","52-Week Bill Auction","52周期国库券拍卖","1","2.62%","","2.41%","","","0","1788341887627","","%"
"419789","2026-09-02T09:05:00.000Z","1788339900000","Norway","Calendar","04/2028 NGB Auction","2028年04月到期NGB国债拍卖","1","4.63%","","4.59%","","","0","1788339976013","","%"
"420504","2026-09-02T09:05:00.000Z","1788339900000","Sweden","Calendar","2037 SGB Auction","2037年到期SGB国债拍卖","1","3.1595%","","2.8770%","","","0","1788340022887","","%"
"421049","2026-09-02T09:05:00.000Z","1788339900000","Sweden","Government Bond 10Y","2036 SGB Auction","2036年到期SGB国债拍卖","1","3.1495%","","3.0634%","","","0","1788339985230","","%"
"421090","2026-09-02T09:05:00.000Z","1788339900000","Norway","Government Bond 10Y","06/2036 NGB Auction","2036年06月到期NGB国债拍卖","1","4.50%","","4.38%","","","0","1788339986033","","%"
"421091","2026-09-02T08:25:00.000Z","1788337500000","Denmark","Calendar","2035 DGB Auction","2035年到期DGB国债拍卖","1","3.20%","","3.06%","","","0","1788340273937","","%"
"421092","2026-09-02T08:25:00.000Z","1788337500000","Denmark","Calendar","2052 DGB Auction","2052年到期DGB国债拍卖","1","3.50%","","3.15%","","","0","1788340309673","","%"
"405491","2026-09-02T08:00:00.000Z","1788336000000","Thailand","Business Confidence","Business Confidence","商业信心指数","1","49.8","","46.7","","1788134400000","0","1788336005097","",""
"410968","2026-09-02T08:00:00.000Z","1788336000000","Italy","Producer Price Inflation MoM","PPI MoM","生产者价格指数环比","1","2.4%","","0%","","1785456000000","0","1788336101963","","%"
"412861","2026-09-02T08:00:00.000Z","1788336000000","Italy","Producer Prices Change","PPI YoY","生产者价格指数同比","1","7.8%","","5.8%","","1785456000000","0","1788336101850","","%"
"413254","2026-09-02T08:00:00.000Z","1788336000000","Brazil","IPC-Fipe Inflation MoM","IPC-Fipe Inflation MoM","IPC-Fipe通胀率环比","1","0.01%","","-0.03%","","1788134400000","0","1788336075783","","%"
"408730","2026-09-02T07:15:00.000Z","1788333300000","Pakistan","Producer Prices Change","Wholesale Prices YoY","批发价格同比","1","11.8%","","9.4%","","1788134400000","0","1788333346580","","%"
"409666","2026-09-02T07:15:00.000Z","1788333300000","Pakistan","Inflation Rate","Inflation Rate YoY","通胀率同比","1","11.1%","","9.2%","","1788134400000","0","1788333362617","","%"
"413069","2026-09-02T07:15:00.000Z","1788333300000","Pakistan","Inflation Rate MoM","Inflation Rate MoM","通胀率环比","1","1.2%","","1%","","1788134400000","0","1788333378100","","%"
"401154","2026-09-02T07:00:00.000Z","1788332400000","Spain","Unemployment Change","Unemployment Change","失业人数变动","2","44.419K","15.4K","19.517K","19.5K","1788134400000","0","1788332495713","","K"
"411940","2026-09-02T07:00:00.000Z","1788332400000","Slovakia","Wage Growth","Real Wages YoY","实际工资同比","1","-0.5%","","2.3%","","1782777600000","0","1788332542943","","%"
"397881","2026-09-02T06:45:00.000Z","1788331500000","France","Government Budget Value","Budget Balance","预算差额","1","€-145.9B","","€-106.8B","","1785456000000","0","1788331703750","€","B"
"405282","2026-09-02T06:00:00.000Z","1788328800000","Romania","Producer Prices Change","PPI YoY","生产者价格指数同比","1","8.75%","","13.13%","12.69%","1785456000000","0","1788329446723","","%"
"411507","2026-09-02T06:00:00.000Z","1788328800000","Norway","Current Account","Current Account","经常账户差额","1","NOK279B","","NOK248.2B","NOK266.8B","1782777600000","0","1788328804740","NOK","B"
"402310","2026-09-02T04:20:00.000Z","1788322800000","New Zealand","ANZ Roy Morgan Consumer Confidence Index","ANZ Roy Morgan Consumer Confidence","ANZ Roy Morgan消费者信心指数","1","98.0","","99.3","","1788134400000","0","1788322917650","",""
"421086","2026-09-02T03:35:00.000Z","1788320100000","Japan","Calendar","BoJ JGB Purchase","日本央行（BoJ）购买日本国债（JGB）","1","","","","","","0","1788165886157","",""
"394060","2026-09-02T03:00:00.000Z","1788318000000","New Zealand","Interest Rate","RBNZ Press Conference","新西兰储备银行（RBNZ）新闻发布会","2","","","","","","0","1761321247287","",""
"394054","2026-09-02T02:00:00.000Z","1788314400000","New Zealand","Interest Rate","RBNZ Interest Rate Decision","新西兰储备银行（RBNZ）利率决议","2","2.75%","2.75%","2.5%","","1788307200000","0","1788314406893","","%"
"400803","2026-09-02T01:30:00.000Z","1788312600000","Australia","GDP Chain Price Index","GDP Chain Price Index QoQ","国内生产总值（GDP）链式价格指数季环比","1","-0.6%","","0.9%","0.8%","1782777600000","0","1788313151273","","%"
"401224","2026-09-02T01:30:00.000Z","1788312600000","Australia","Consumer Spending","GDP Final Consumption QoQ","国内生产总值（GDP）最终消费季环比","1","0.5%","","0.1%","0.3%","1782777600000","0","1788312797950","","%"
"401396","2026-09-02T01:30:00.000Z","1788312600000","Australia","GDP Growth Rate","GDP Growth Rate QoQ","国内生产总值（GDP）增长率季环比","3","0.4%","0.3%","0.3%","","1782777600000","0","1788312601687","","%"
"402692","2026-09-02T01:30:00.000Z","1788312600000","Australia","GDP Annual Growth Rate","GDP Growth Rate YoY","国内生产总值（GDP）增长率同比","2","2.1%","1.8%","2.5%","","1782777600000","0","1788312601683","","%"
"403575","2026-09-02T01:30:00.000Z","1788312600000","Australia","Gross Fixed Capital Formation","GDP Capital Expenditure QoQ","国内生产总值（GDP）资本支出季环比","1","-0.3%","","3.1%","3%","1782777600000","0","1788313055800","","%"
"421031","2026-09-02T01:30:00.000Z","1788312600000","Japan","Interest Rate","BoJ Takada Speech","日本央行（BoJ）Takada讲话","2","","","","","","0","1787326716620","",""
"416367","2026-09-02T00:00:00.000Z","1788307200000","Vietnam","Holidays","National Day","国庆日","1","","","","","","0","1764785115423","",""
"416379","2026-09-02T00:00:00.000Z","1788307200000","Vietnam","Holidays","Independence Day","独立日","1","","","","","","0","1764785115046","",""
"418469","2026-09-01T23:50:00.000Z","1788306600000","Japan","Monetary Base YoY","Monetary Base YoY","基础货币同比","1","-15.7%","-13.5%","-13.8%","","1788134400000","0","1788306823433","","%"
"400343","2026-09-01T23:00:00.000Z","1788303600000","Australia","Industry Index Manufacturing","Ai Group Manufacturing Index","Ai Group制造业指数","1","-16.6","","-19.3","-19.6","1788134400000","0","1788303878460","",""
"400501","2026-09-01T23:00:00.000Z","1788303600000","Australia","Industry Index","Ai Group Industry Index","Ai Group工业指数","2","-3.5","","-26.2","-29.9","1788134400000","0","1788303669043","",""
"401490","2026-09-01T23:00:00.000Z","1788303600000","Australia","Industry Index Construction","Ai Group Construction Index","Ai Group建筑业指数","1","-6.9","","-43.8","-40.6","1788134400000","0","1788303792370","",""
"405815","2026-09-01T23:00:00.000Z","1788303600000","South Korea","Inflation Rate","Inflation Rate YoY","通胀率同比","2","3.1%","3.2%","2.8%","","1788134400000","0","1788303600560","","%"
"410492","2026-09-01T23:00:00.000Z","1788303600000","South Korea","Inflation Rate Mom","Inflation Rate MoM","通胀率环比","1","0.2%","0.3%","-0.2%","","1788134400000","0","1788303600603","","%"
"400567","2026-09-01T22:45:00.000Z","1788302700000","New Zealand","Building Permits MoM","Building Permits MoM","建筑许可数量环比","1","-4.3%","","-3.7%","-3.6%","1785456000000","0","1788302783743","","%"
"398268","2026-09-01T22:00:00.000Z","1788300000000","United States","Total Vehicle Sales","Total Vehicle Sales","汽车销售总量","1","16.8M","16.3M","16.3M","","1788134400000","0","1788307435353","","M"
"396682","2026-09-01T20:50:00.000Z","1788295800000","United States","API Crude Oil Stock Change","API Crude Oil Stock Change","API原油库存变动","2","-2.6M","-0.8M","4.2M","","1787875200000","0","1788296115657","","M"
"410354","2026-09-01T20:50:00.000Z","1788295800000","Argentina","Tax Revenue","Tax Revenue","税收收入","1","ARS20508B","","ARS22965B","","1788134400000","0","1788308353367","ARS","B"
"408926","2026-09-01T18:00:00.000Z","1788285600000","Mexico","Government Budget Value","Fiscal Balance","财政收支差额","1","MXN-731.7B","","MXN-560.2B","MXN-560.2M","1785456000000","0","1788288746793","MXN","B"
"407234","2026-09-01T16:00:00.000Z","1788278400000","Italy","New Passenger Car Registrations YoY","New Car Registrations YoY","新车注册量同比","1","3.2%","","3.9%","","1788134400000","0","1788279508573","","%"
"421078","2026-09-01T16:00:00.000Z","1788278400000","Euro Area","Interest Rate","ECB Vujčić Speech","欧洲央行（ECB）Vujčić讲话","1","","","","","","0","1787931850357","",""
"396674","2026-09-01T15:30:00.000Z","1788276600000","New Zealand","Global Dairy Trade Price Index","Global Dairy Trade Price Index","全球乳制品贸易价格指数","1","0.9%","","2.3%","","1788220800000","0","1788276557640","","%"
"420091","2026-09-01T15:30:00.000Z","1788276600000","United States","Calendar","6-Week Bill Auction","6周期国库券拍卖","1","3.735%","","3.650%","","","0","1788276755197","","%"
"420101","2026-09-01T15:30:00.000Z","1788276600000","United States","52 Week Bill Yield","52-Week Bill Auction","52周期国库券拍卖","1","3.980%","","3.880%","","","0","1788276748283","","%"
"396680","2026-09-01T15:00:00.000Z","1788274800000","Colombia","Manufacturing PMI","Davivienda Manufacturing PMI","Davivienda制造业采购经理人指数","1","54.3","","52.7","","1788134400000","","1788274853047","",""
"396681","2026-09-01T15:00:00.000Z","1788274800000","Mexico","Manufacturing PMI","S&P Global Manufacturing PMI","标普全球制造业采购经理人指数","1","49.80","","51.30","","1788134400000","","1788274806236","",""
"397950","2026-09-01T14:30:00.000Z","1788273000000","United States","Dallas Fed Services Revenues Index","Dallas Fed Services Revenues Index","达拉斯联储服务业收入指数","1","6.6","","9.5","","1788134400000","0","1788273042820","",""
"398404","2026-09-01T14:30:00.000Z","1788273000000","United States","Dallas Fed Services Index","Dallas Fed Services Index","达拉斯联储服务业指数","1","4.2","","6.6","","1788134400000","0","1788273042817","",""
"397926","2026-09-01T14:10:00.000Z","1788271800000","United States","Economic Optimism Index","RCM/TIPP Economic Optimism Index","RCM/TIPP经济乐观指数","1","45.6","46.2","45.1","","1790726400000","0","1788271838000","",""
"396676","2026-09-01T14:00:00.000Z","1788271200000","United States","ISM Manufacturing Prices","ISM Manufacturing Prices","ISM制造业价格指数","1","71.1","72","71.1","","1788134400000","0","1788271200593","",""
"396677","2026-09-01T14:00:00.000Z","1788271200000","United States","Business Confidence","ISM Manufacturing PMI","ISM制造业采购经理人指数","3","54.6","55.2","55.6","","1788134400000","0","1788271200860","",""
"396678","2026-09-01T14:00:00.000Z","1788271200000","United States","ISM Manufacturing New Orders","ISM Manufacturing New Orders","ISM制造业新订单指数","1","53.7","","56.7","","1788134400000","0","1788271200887","",""
"396679","2026-09-01T14:00:00.000Z","1788271200000","United States","ISM Manufacturing Employment","ISM Manufacturing Employment","ISM制造业就业指数","2","51.2","","52.8","","1788134400000","0","1788271200913","",""
"397904","2026-09-01T14:00:00.000Z","1788271200000","United States","Job Offers","JOLTs Job Openings","职位空缺与劳动力流动调查（JOLTs）职位空缺数","3","7.271M","7.3M","7.182M","7.359M","1785456000000","0","1788271203133","","M"
"398470","2026-09-01T14:00:00.000Z","1788271200000","United States","Construction Spending","Construction Spending MoM","建筑支出环比","1","-0.5%","0%","0%","-0.1%","1785456000000","0","1788271203920","","%"
"398472","2026-09-01T14:00:00.000Z","1788271200000","United States","Job Quits","JOLTs Job Quits","职位空缺与劳动力流动调查（JOLTs）主动离职人数","1","3.056M","","3.213M","3.232M","1785456000000","0","1788271225560","","M"
"399110","2026-09-01T13:45:00.000Z","1788270300000","United States","Manufacturing PMI","S&P Global Manufacturing PMI Final","标普全球制造业采购经理人指数终值","1","53.9","53.2","53.9","","1788134400000","","1788270301507","",""
"396675","2026-09-01T13:30:00.000Z","1788269400000","Canada","Manufacturing PMI","S&P Global Manufacturing PMI","标普全球制造业采购经理人指数","2","53.0","","53.5","","1788134400000","","1788269401455","",""
"421071","2026-09-01T13:05:00.000Z","1788267900000","United States","Interest Rate","Fed Barr Speech","美联储Barr讲话","2","","","","","","0","1787918877753","",""
"394495","2026-09-01T13:00:00.000Z","1788267600000","Israel","Interest Rate","Interest Rate Decision","利率决议","2","3.25%","3.5%","3.5%","","1788134400000","0","1788267607260","","%"
"396673","2026-09-01T13:00:00.000Z","1788267600000","Brazil","Manufacturing PMI","S&P Global Manufacturing PMI","标普全球制造业采购经理人指数","1","46.3","","47.5","","1788134400000","","1788267600992","",""
"396672","2026-09-01T12:55:00.000Z","1788267300000","United States","Redbook Index","Redbook YoY","红皮书零售销售同比","1","9.6%","","9.1%","","1787961600000","0","1788267300607","","%"
"407303","2026-09-01T12:50:00.000Z","1788267000000","South Africa","Total Vehicle Sales","Total New Vehicle Sales","新车销售总量","1","57.9K","","57.73K","57.71K","1788134400000","0","1788267444760","","K"
"409402","2026-09-01T12:30:00.000Z","1788265800000","Chile","Leading Economic Index","IMACEC Economic Activity YoY","IMACEC经济活动同比","1","-1.5%","0.4%","2.0%","2.4%","1785456000000","0","1788266631573","","%"
"401467","2026-09-01T12:00:00.000Z","1788264000000","India","Current Account","Current Account","经常账户差额","2","$-4.2B","","$6.5B","$7.1B","1782777600000","0","1788264969410","$","B"
"405586","2026-09-01T12:00:00.000Z","1788264000000","Mexico","Business Confidence","Business Confidence","商业信心指数","2","48.1","","48","","1788134400000","0","1788264131447","",""
"406122","2026-09-01T12:00:00.000Z","1788264000000","Brazil","GDP Annual Growth Rate","GDP Growth Rate YoY","国内生产总值（GDP）增长率同比","2","2%","1.8%","1.8%","","1782777600000","0","1788264000840","","%"
"408016","2026-09-01T12:00:00.000Z","1788264000000","Brazil","GDP Growth Rate","GDP Growth Rate QoQ","国内生产总值（GDP）增长率季环比","2","0.5%","0.4%","1.1%","","1782777600000","0","1788264001080","","%"
"404788","2026-09-01T11:30:00.000Z","1788262200000","Peru","Inflation Rate Mom","Inflation Rate MoM","通胀率环比","1","0.07%","","0.29%","","1788134400000","0","1788262902630","","%"
"410344","2026-09-01T11:30:00.000Z","1788262200000","Peru","Inflation Rate","Inflation Rate YoY","通胀率同比","1","4.44%","","4.07%","","1788134400000","0","1788262894630","","%"
"401465","2026-09-01T10:15:00.000Z","1788257700000","Spain","Total Vehicle Sales","New Car Sales YoY","新车销量同比","1","11.8%","","3.7%","","1788134400000","0","1788257858537","","%"
"398479","2026-09-01T10:00:00.000Z","1788256800000","United States","LMI Logistics Managers Index","LMI Logistics Managers Index","物流经理人指数（LMI）","1","66.6","","68.9","","1788134400000","0","1788256891217","",""
"406429","2026-09-01T10:00:00.000Z","1788256800000","Portugal","Industrial Production Mom","Industrial Production MoM","工业生产环比","1","-0.3%","","-4.2%","-3.8%","1785456000000","0","1788256856330","","%"
"407973","2026-09-01T10:00:00.000Z","1788256800000","Macedonia","Industrial Production","Industrial Production YoY","工业生产同比","1","1.3%","","6.5%","","1785456000000","0","1788256881127","","%"
"411828","2026-09-01T10:00:00.000Z","1788256800000","Portugal","Industrial Production","Industrial Production YoY","工业生产同比","1","-1.4%","","-1.1%","-2.2%","1785456000000","0","1788256904180","","%"
"418151","2026-09-01T10:00:00.000Z","1788256800000","Belgium","3 Month Bill Yield","Short TC Auction","短期TC国库券拍卖","1","2.492%","","2.418%","","","0","1788257461120","","%"
"418166","2026-09-01T10:00:00.000Z","1788256800000","Belgium","6 Month Bill Yield","Medium TC Auction","中期TC国库券拍卖","1","2.653%","","2.557%","","","0","1788257466263","","%"
"418185","2026-09-01T10:00:00.000Z","1788256800000","Belgium","52 Week Bill Yield","Long TC Auction","长期TC国库券拍卖","1","2.860%","","2.765%","","","0","1788257471133","","%"
"396671","2026-09-01T09:30:00.000Z","1788255000000","South Africa","Calendar","2033 Bond Auction","2033年到期国债拍卖","1","8.500%","","8.299%","","","0","1788255320957","","%"
"417443","2026-09-01T09:30:00.000Z","1788255000000","Germany","5 Year Note Yield","5-Year Bobl Auction","5年期德国联邦国债（Bobl）拍卖","1","3.09%","","2.93%","","","0","1788255846220","","%"
"418599","2026-09-01T09:30:00.000Z","1788255000000","Hungary","Calendar","3-Month DTB Auction","3个月期DTB国库券拍卖","1","5.19%","","5.21%","","","0","1788255259573","","%"
"421047","2026-09-01T09:30:00.000Z","1788255000000","South Africa","Calendar","2039 Bond Auction","2039年到期国债拍卖","1","9.234%","","9.076%","","","0","1788255327263","","%"
"421048","2026-09-01T09:30:00.000Z","1788255000000","South Africa","Calendar","2042 Bond Auction","2042年到期国债拍卖","1","9.410%","","9.292%","","","0","1788255334640","","%"
"420488","2026-09-01T09:05:00.000Z","1788253500000","Sweden","Calendar","377-Day T-Bill Auction","377天期国库券拍卖","1","2.3913%","","2.2215%","","","0","1788253558400","","%"
"400131","2026-09-01T09:00:00.000Z","1788253200000","Euro Area","Inflation Rate","Inflation Rate YoY Flash","通胀率同比快报值","3","3.3%","3.3%","2.9%","","1788134400000","0","1788253239080","","%"
"401078","2026-09-01T09:00:00.000Z","1788253200000","Euro Area","Inflation Rate Mom","Inflation Rate MoM Flash","通胀率环比快报值","2","0.4%","","0.2%","","1788134400000","0","1788253245403","","%"
"402475","2026-09-01T09:00:00.000Z","1788253200000","Euro Area","Unemployment Rate","Unemployment Rate","失业率","2","6.4%","6.3%","6.4%","6.3%","1785456000000","0","1788253205470","","%"
"402516","2026-09-01T09:00:00.000Z","1788253200000","Euro Area","Consumer Price Index CPI","CPI Flash","消费者价格指数快报值","1","103.7","","103.24","","1788134400000","0","1788253301540","",""
"403647","2026-09-01T09:00:00.000Z","1788253200000","Euro Area","Core Inflation Rate","Core Inflation Rate YoY Flash","核心通胀率同比快报值","2","2.4%","2.5%","2.5%","","1788134400000","0","1788253253183","","%"
"403715","2026-09-01T09:00:00.000Z","1788253200000","Cyprus","Retail Sales YoY","Retail Sales YoY","零售销售同比","1","8.9%","","5.5%","","1785456000000","0","1788253279993","","%"
"404701","2026-09-01T09:00:00.000Z","1788253200000","Croatia","Inflation Rate MoM","Inflation Rate MoM Prel","通胀率环比初值","1","0.3%","","-0.2%","","1788134400000","0","1788253259443","","%"
"405017","2026-09-01T09:00:00.000Z","1788253200000","Italy","Inflation Rate","Inflation Rate YoY Prel","通胀率同比初值","3","3.3%","","2.9%","","1788134400000","0","1788253253003","","%"
"406043","2026-09-01T09:00:00.000Z","1788253200000","Italy","Harmonised Inflation Rate MoM","Harmonised Inflation Rate MoM Prel","调和通胀率环比初值","1","0.1%","","-1%","","1788134400000","0","1788253252767","","%"
"406900","2026-09-01T09:00:00.000Z","1788253200000","Croatia","Inflation Rate","Inflation Rate YoY Prel","通胀率同比初值","1","4.1%","","3.9%","","1788134400000","0","1788253241873","","%"
"407673","2026-09-01T09:00:00.000Z","1788253200000","Cyprus","Unemployment Rate","Unemployment Rate","失业率","1","3.9%","","3.8%","3.0%","1785456000000","0","1788253827643","","%"
"408743","2026-09-01T09:00:00.000Z","1788253200000","Morocco","Money Supply M2","M2 Money Supply YoY","M2货币供应量同比","1","11.8%","","12.2%","","1785456000000","0","1788256644320","","%"
"409451","2026-09-01T09:00:00.000Z","1788253200000","Italy","Harmonised Inflation Rate YoY","Harmonised Inflation Rate YoY Prel","调和通胀率同比初值","1","3.2%","3.2%","2.9%","","1788134400000","0","1788253252763","","%"
"410231","2026-09-01T09:00:00.000Z","1788253200000","Italy","Inflation Rate Mom","Inflation Rate MoM Prel","通胀率环比初值","2","0.5%","0.2%","0.3%","","1788134400000","0","1788253252880","","%"
"413587","2026-09-01T09:00:00.000Z","1788253200000","Cyprus","GDP Annual Growth Rate","GDP Growth Rate YoY Final","国内生产总值（GDP）增长率同比终值","1","3.3%","","3.1%","3.0%","1782777600000","0","1788253894280","","%"
"413821","2026-09-01T09:00:00.000Z","1788253200000","Cyprus","GDP Growth Rate","GDP Growth Rate QoQ Final","国内生产总值（GDP）增长率季环比终值","1","0.8%","","0.5%","","1782777600000","0","1788253301597","","%"
"413973","2026-09-01T09:00:00.000Z","1788253200000","South Africa","Manufacturing PMI","ABSA Manufacturing PMI","ABSA制造业采购经理人指数","1","45.8","","46.8","","1788134400000","0","1788253213793","",""
"412374","2026-09-01T08:45:00.000Z","1788252300000","Nigeria","Composite PMI","Stanbic IBTC Bank Nigeria PMI","Stanbic IBTC银行尼日利亚采购经理人指数","1","54.3","","52.5","","1788134400000","","1788252873667","",""
"418979","2026-09-01T08:40:00.000Z","1788252000000","Spain","6 Month Bill Yield","6-Month Letras Auction","6个月期西班牙国库券（Letras）拍卖","1","2.623%","","2.496%","","","0","1788252136767","","%"
"418990","2026-09-01T08:40:00.000Z","1788252000000","Spain","52 Week Bill Yield","12-Month Letras Auction","12个月期西班牙国库券（Letras）拍卖","1","2.832%","","2.663%","","","0","1788252125463","","%"
"399432","2026-09-01T08:30:00.000Z","1788251400000","United Kingdom","Home Loans","Mortgage Lending","抵押贷款","2","£4.29B","","£7.68B","£7.73B","1785456000000","0","1788251408770","£","B"
"399481","2026-09-01T08:30:00.000Z","1788251400000","United Kingdom","Mortgage Approvals","Mortgage Approvals","抵押贷款批准数量","2","56.05K","59.4K","58.22K","58.2K","1785456000000","0","1788251408773","","K"
"399667","2026-09-01T08:30:00.000Z","1788251400000","United Kingdom","Manufacturing PMI","S&P Global Manufacturing PMI Final","标普全球制造业采购经理人指数终值","1","51.7","51.5","51.9","","1788134400000","","1788251401005","",""
"399802","2026-09-01T08:30:00.000Z","1788251400000","United Kingdom","Net Lending To Individuals MoM","Net Lending to Individuals MoM","个人净贷款环比","1","£6.3B","£9.2B","£9.5B","","1785456000000","0","1788251474440","£","B"
"399818","2026-09-01T08:30:00.000Z","1788251400000","United Kingdom","Money Supply M4","M4 Money Supply MoM","M4货币供应量环比","1","-0.3%","0.9%","0.9%","","1785456000000","0","1788251408813","","%"
"399918","2026-09-01T08:30:00.000Z","1788251400000","United Kingdom","Consumer Credit","BoE Consumer Credit","英国央行（BoE）消费信贷","2","£2.006B","£1.8B","£1.865B","£1.807B","1785456000000","0","1788251408773","£","B"
"409571","2026-09-01T08:30:00.000Z","1788251400000","Italy","Unemployment Rate","Unemployment Rate","失业率","2","5.8%","5.8%","5.8%","5.7%","1785456000000","0","1788251425057","","%"
"396670","2026-09-01T08:00:00.000Z","1788249600000","Greece","Manufacturing PMI","S&P Global Manufacturing PMI","标普全球制造业采购经理人指数","1","54.4","","54.3","","1788134400000","","1788249629262","",""
"403399","2026-09-01T08:00:00.000Z","1788249600000","Euro Area","Manufacturing PMI","S&P Global Manufacturing PMI Final","标普全球制造业采购经理人指数终值","1","52.7","52.8","51.9","","1788134400000","","1788249611670","",""
"410973","2026-09-01T08:00:00.000Z","1788249600000","Italy","GDP Growth Rate","GDP Growth Rate QoQ Final","国内生产总值（GDP）增长率季环比终值","1","0.2%","0.2%","0.3%","","1782777600000","0","1788249640223","","%"
"411678","2026-09-01T08:00:00.000Z","1788249600000","Italy","GDP Annual Growth Rate","GDP Growth Rate YoY Final","国内生产总值（GDP）增长率同比终值","1","1%","1%","0.8%","","1782777600000","0","1788249640230","","%"
"403454","2026-09-01T07:55:00.000Z","1788249300000","Germany","Manufacturing PMI","S&P Global Manufacturing PMI Final","标普全球制造业采购经理人指数终值","1","54.3","54.1","52.2","","1788134400000","","1788249306548","",""
"402045","2026-09-01T07:50:00.000Z","1788249000000","France","Manufacturing PMI","S&P Global Manufacturing PMI Final","标普全球制造业采购经理人指数终值","1","51.1","51.5","49.8","","1788134400000","","1788249001339","",""
"396669","2026-09-01T07:45:00.000Z","1788248700000","Italy","Manufacturing PMI","S&P Global Manufacturing PMI","标普全球制造业采购经理人指数","2","49.6","51.5","51.3","","1788134400000","","1788248701114","",""
"396668","2026-09-01T07:30:00.000Z","1788247800000","Czech Republic","Manufacturing PMI","S&P Global Manufacturing PMI","标普全球制造业采购经理人指数","1","54.1","52.6","52.2","","1788134400000","","1788247800871","",""
"404089","2026-09-01T07:30:00.000Z","1788247800000","Switzerland","Manufacturing PMI","procure.ch Manufacturing PMI","procure.ch制造业采购经理人指数","2","57.1","53.5","53.2","","1788134400000","0","1788247800620","",""
"396667","2026-09-01T07:15:00.000Z","1788246900000","Spain","Manufacturing PMI","S&P Global Manufacturing PMI","标普全球制造业采购经理人指数","2","49.5","50.1","50.2","","1788134400000","","1788246900750","",""
"405063","2026-09-01T07:15:00.000Z","1788246900000","Kazakhstan","Inflation Rate","Inflation Rate YoY","通胀率同比","1","9.8%","","10.2%","","1788134400000","0","1788247051677","","%"
"408528","2026-09-01T07:15:00.000Z","1788246900000","Austria","Unemployed Persons","Unemployed Persons","失业人数","1","311.4K","","298.9K","","1788134400000","0","1788246921133","","K"
"412985","2026-09-01T07:15:00.000Z","1788246900000","Austria","Unemployment Rate","Unemployment Rate","失业率","1","7.2%","","6.9%","","1788134400000","0","1788246929623","","%"
"413921","2026-09-01T07:15:00.000Z","1788246900000","Kazakhstan","Inflation Rate Mom","Inflation Rate MoM","通胀率环比","1","0.6%","","0.6%","","1788134400000","0","1788247112453","","%"
"396665","2026-09-01T07:00:00.000Z","1788246000000","Poland","Manufacturing PMI","S&P Global Manufacturing PMI","标普全球制造业采购经理人指数","1","48.30","49.6","49.00","","1788134400000","","1788246001457","",""
"396666","2026-09-01T07:00:00.000Z","1788246000000","Turkey","Manufacturing PMI","Istanbul Chamber of Industry Manufacturing PMI","伊斯坦布尔工业商会制造业采购经理人指数","1","48.1","","47.7","","1788134400000","","1788246045343","",""
"402068","2026-09-01T07:00:00.000Z","1788246000000","Spain","Tourist Arrivals","Tourist Arrivals YoY","入境游客人数同比","1","4.6%","","2.9%","","1785456000000","0","1788246023523","","%"
"405537","2026-09-01T07:00:00.000Z","1788246000000","Austria","Inflation Rate Mom","Inflation Rate MoM Prel","通胀率环比初值","1","0.6%","","0%","","1788134400000","0","1788246119127","","%"
"406056","2026-09-01T07:00:00.000Z","1788246000000","Austria","Inflation Rate","Inflation Rate YoY Prel","通胀率同比初值","1","3.2%","","2.8%","","1788134400000","0","1788246111920","","%"
"410119","2026-09-01T07:00:00.000Z","1788246000000","Hungary","Manufacturing PMI","HALPIM Manufacturing PMI","HALPIM制造业采购经理人指数","1","51.3","","51.4","","1788134400000","0","1788246126577","",""
"410329","2026-09-01T07:00:00.000Z","1788246000000","Austria","Harmonised Inflation Rate YoY","Harmonised Inflation Rate YoY Prel","调和通胀率同比初值","1","2.9%","","2.7%","","1788134400000","0","1788246170920","","%"
"414645","2026-09-01T07:00:00.000Z","1788246000000","Austria","Harmonised Inflation Rate MoM","Harmonised Inflation Rate MoM Prel","调和通胀率环比初值","1","0.5%","","-0.4%","","1788134400000","0","1788246161347","","%"
"407964","2026-09-01T06:50:00.000Z","1788245400000","Macedonia","Current Account","Current Account","经常账户差额","1","$-308.5M","","$-353.2M","$-347.4M","1782777600000","0","1788245393260","$","M"
"400817","2026-09-01T06:30:00.000Z","1788244200000","Australia","Commodity Prices YoY","Commodity Prices YoY","大宗商品价格同比","1","15.5%","","17.2%","15.4%","1788134400000","0","1788244295193","","%"
"404210","2026-09-01T06:30:00.000Z","1788244200000","Switzerland","Retail Sales YoY","Retail Sales YoY","零售销售同比","2","2.3%","1.3%","1.9%","1.5%","1785456000000","0","1788244850550","","%"
"407424","2026-09-01T06:30:00.000Z","1788244200000","Switzerland","Retail Sales MoM","Retail Sales MoM","零售销售环比","1","0.1%","","0.3%","0.2%","1785456000000","0","1788244500780","","%"
"411563","2026-09-01T06:30:00.000Z","1788244200000","Sweden","Manufacturing PMI","Swedbank Manufacturing PMI","瑞典银行（Swedbank）制造业采购经理人指数","1","56.1","","55.7","","1788134400000","0","1788244300217","",""
"412194","2026-09-01T06:30:00.000Z","1788244200000","Hungary","GDP Growth Rate","GDP Growth Rate QoQ Final","国内生产总值（GDP）增长率季环比终值","1","0.5%","0.4%","0.8%","","1782777600000","0","1788244232997","","%"
"414699","2026-09-01T06:30:00.000Z","1788244200000","Hungary","GDP Annual Growth Rate","GDP Growth Rate YoY Final","国内生产总值（GDP）增长率同比终值","1","1.7%","1.7%","1.7%","","1782777600000","0","1788244225713","","%"
"399672","2026-09-01T06:00:00.000Z","1788242400000","United Kingdom","nationwide housing prices mom","Nationwide Housing Prices MoM","Nationwide房价环比","2","0.2%","0.1%","-0.1%","0.1%","1788134400000","0","1788242408167","","%"
"399946","2026-09-01T06:00:00.000Z","1788242400000","United Kingdom","nationwide housing prices yoy","Nationwide Housing Prices YoY","Nationwide房价同比","2","1.6%","2.1%","1.4%","1.8%","1788134400000","0","1788242408293","","%"
"402067","2026-09-01T06:00:00.000Z","1788242400000","Germany","Retail Sales YoY","Retail Sales YoY","零售销售同比","2","-2.5%","","0.6%","0.0%","1785456000000","0","1788242540430","","%"
"403169","2026-09-01T06:00:00.000Z","1788242400000","Germany","Retail Sales MoM","Retail Sales MoM","零售销售环比","2","-3.4%","0.4%","0.0%","-0.7%","1785456000000","0","1788242560653","","%"
"405974","2026-09-01T06:00:00.000Z","1788242400000","Russia","Manufacturing PMI","S&P Global Manufacturing PMI","标普全球制造业采购经理人指数","2","48.8","","50.7","","1788134400000","","1788242400947","",""
"410520","2026-09-01T06:00:00.000Z","1788242400000","Romania","Unemployment Rate","Unemployment Rate","失业率","1","6.4%","","6.8%","","1785456000000","0","1788242689780","","%"
"411921","2026-09-01T06:00:00.000Z","1788242400000","Lithuania","GDP Growth Rate","GDP Growth Rate QoQ 2nd Est","国内生产总值（GDP）增长率季环比第二次估值","1","1.7%","","-0.1%","","1782777600000","0","1788242557150","","%"
"412727","2026-09-01T06:00:00.000Z","1788242400000","Lithuania","GDP Annual Growth Rate","GDP Growth Rate YoY 2nd Est","国内生产总值（GDP）增长率同比第二次估值","1","4.1%","4.1%","2.5%","","1782777600000","0","1788242544230","","%"
"396663","2026-09-01T05:00:00.000Z","1788238800000","India","Manufacturing PMI","HSBC Manufacturing PMI Final","汇丰（HSBC）制造业采购经理人指数终值","1","52.8","52.9","53.5","","1788134400000","","1788238808491","",""
"396664","2026-09-01T05:00:00.000Z","1788238800000","Netherlands","Manufacturing PMI","NEVI Manufacturing PMI","NEVI制造业采购经理人指数","1","53.8","","54.4","","1788134400000","","1788238849221","",""
"402245","2026-09-01T05:00:00.000Z","1788238800000","Japan","Consumer Confidence","Consumer Confidence","消费者信心指数","3","35.5","35","34.9","","1788134400000","0","1788238814010","",""
"404729","2026-09-01T05:00:00.000Z","1788238800000","Finland","Harmonised Inflation Rate MoM","Harmonised Inflation Rate MoM Prel","调和通胀率环比初值","1","-0.4%","","0.2%","","1788134400000","0","1788238900330","","%"
"410271","2026-09-01T05:00:00.000Z","1788238800000","Indonesia","Tourist Arrivals","Tourist Arrivals YoY","入境游客人数同比","1","2.95%","","-2.15%","","1785456000000","0","1788240173020","","%"
"410883","2026-09-01T05:00:00.000Z","1788238800000","Finland","Harmonised Inflation Rate YoY","Harmonised Inflation Rate YoY Prel","调和通胀率同比初值","1","2.4%","","2.5%","","1788134400000","0","1788238889850","","%"
"420573","2026-09-01T05:00:00.000Z","1788238800000","Singapore","Calendar","MAS 36-Week Bill Auction","新加坡金融管理局（MAS）36周期票据拍卖","1","1.65%","","1.6%","","","0","1788238937190","","%"
"420577","2026-09-01T05:00:00.000Z","1788238800000","Singapore","3 Month Bill Yield","MAS 12-Week Bill Auction","新加坡金融管理局（MAS）12周期票据拍卖","1","1.65%","","1.49%","","","0","1788238916287","","%"
"420583","2026-09-01T05:00:00.000Z","1788238800000","Singapore","1 Month Bill Yield","MAS 4-Week Bill Auction","新加坡金融管理局（MAS）4周期票据拍卖","1","1.53%","","1.4%","","","0","1788238904760","","%"
"405945","2026-09-01T04:30:00.000Z","1788237000000","Netherlands","Retail Sales YoY","Retail Sales YoY","零售销售同比","1","2.8%","","2.9%","","1785456000000","0","1788237041423","","%"
"413992","2026-09-01T04:30:00.000Z","1788237000000","Netherlands","Inflation Rate","Inflation Rate YoY Prel","通胀率同比初值","2","3.3%","","3.2%","","1788134400000","0","1788237158880","","%"
"405339","2026-09-01T04:00:00.000Z","1788235200000","Indonesia","Exports YoY","Exports YoY","出口额同比","1","6.05%","3.4%","8.84%","","1785456000000","0","1788237035653","","%"
"406611","2026-09-01T04:00:00.000Z","1788235200000","Indonesia","Imports YoY","Imports YoY","进口额同比","1","27.02%","24.1%","34.27%","","1785456000000","0","1788237624810","","%"
"408520","2026-09-01T04:00:00.000Z","1788235200000","Indonesia","Core Inflation Rate","Core Inflation Rate YoY","核心通胀率同比","1","2.92%","2.8%","2.76%","","1788134400000","0","1788236018180","","%"
"411600","2026-09-01T04:00:00.000Z","1788235200000","Indonesia","Inflation Rate","Inflation Rate YoY","通胀率同比","2","3.19%","3.13%","2.88%","","1788134400000","0","1788235456190","","%"
"412638","2026-09-01T04:00:00.000Z","1788235200000","Indonesia","Inflation Rate Mom","Inflation Rate MoM","通胀率环比","1","0.21%","0.2%","-0.14%","","1788134400000","0","1788235454683","","%"
"413277","2026-09-01T04:00:00.000Z","1788235200000","Indonesia","Balance of Trade","Balance of Trade","贸易差额","2","$0.13B","$-0.3B","$-0.45B","","1785456000000","0","1788237633337","$","B"
"420802","2026-09-01T03:35:00.000Z","1788233700000","Japan","Government Bond 10Y","10-Year JGB Auction","10年期日本国债（JGB）拍卖","1","2.995%","","2.840%","","","0","1788233753533","","%"
"417613","2026-09-01T02:35:00.000Z","1788230100000","New Zealand","52 Week Bill Yield","1-Year Bill Auction","1年期国库券拍卖","1","","","","","","1","1788230284400","",""
"417665","2026-09-01T02:35:00.000Z","1788230100000","New Zealand","3 Month Bill Yield","3-Month Bill Auction","3个月期国库券拍卖","1","2.8925%","","2.8499%","","","0","1788230159620","","%"
"417717","2026-09-01T02:35:00.000Z","1788230100000","New Zealand","6 Month Bill Yield","6-Month Bill Auction","6个月期国库券拍卖","1","3.0755%","","3.0295%","","","0","1788230176703","","%"
"417771","2026-09-01T02:30:00.000Z","1788229800000","South Korea","30 Year Bond Yield","30-Year KTB Auction","30年期韩国国债（KTB）拍卖","1","4.630%","","4.505%","","","0","1788229834187","","%"
"396662","2026-09-01T01:45:00.000Z","1788227100000","China","Manufacturing PMI","RatingDog Manufacturing PMI","RatingDog制造业采购经理人指数","3","51.5","51","50.9","","1788134400000","","1788227100790","",""
"400708","2026-09-01T01:30:00.000Z","1788226200000","Australia","Current Account","Current Account","经常账户差额","1","A$-27.2B","A$-30B","A$-25.4B","A$-27.1B","1782777600000","0","1788226251423","A$","B"
"401367","2026-09-01T01:30:00.000Z","1788226200000","Australia","GDP External Demand Contribution","Net Exports Contribution to GDP","净出口对国内生产总值（GDP）的贡献","1","0.1%","","-0.8%","","1782777600000","0","1788226201283","","%"
"420737","2026-09-01T01:30:00.000Z","1788226200000","Australia","Building Permits MoM","Building Permits MoM Prel","建筑许可数量环比初值","2","-3.6%","-4.8%","6.9%","7.2%","1785456000000","0","1788226379753","","%"
"420746","2026-09-01T01:30:00.000Z","1788226200000","Australia","Building Permits YoY","Building Permits YoY Prel","建筑许可数量同比初值","1","9.0%","","9.5%","8.9%","1785456000000","0","1788226408337","","%"
"420755","2026-09-01T01:30:00.000Z","1788226200000","Australia","Private House Approvals","Private House Approvals MoM Prel","私人住宅批准数量环比初值","1","-4.2%","","0.8%","0.4%","1785456000000","0","1788245720990","","%"
"396656","2026-09-01T00:30:00.000Z","1788222600000","Taiwan","Manufacturing PMI","S&P Global Manufacturing PMI","标普全球制造业采购经理人指数","1","54.70","","55.10","","1788134400000","","1788222600870","",""
"396657","2026-09-01T00:30:00.000Z","1788222600000","Indonesia","Manufacturing PMI","S&P Global Manufacturing PMI","标普全球制造业采购经理人指数","1","49.8","","50.2","","1788134400000","","1788222600956","",""
"396658","2026-09-01T00:30:00.000Z","1788222600000","Philippines","Manufacturing PMI","S&P Global Manufacturing PMI","标普全球制造业采购经理人指数","1","54.9","","51.8","","1788134400000","","1788222600865","",""
"396659","2026-09-01T00:30:00.000Z","1788222600000","Malaysia","Manufacturing PMI","S&P Global Manufacturing PMI","标普全球制造业采购经理人指数","1","50.20","","50.70","","1788134400000","","1788222601051","",""
"396660","2026-09-01T00:30:00.000Z","1788222600000","Thailand","Manufacturing PMI","S&P Global Manufacturing PMI","标普全球制造业采购经理人指数","1","53.80","","54.20","","1788134400000","","1788222601059","",""
"396661","2026-09-01T00:30:00.000Z","1788222600000","South Korea","Manufacturing PMI","S&P Global Manufacturing PMI","标普全球制造业采购经理人指数","2","52.3","","53.1","","1788134400000","","1788222601102","",""
"402600","2026-09-01T00:30:00.000Z","1788222600000","Japan","Manufacturing PMI","S&P Global Manufacturing PMI Final","标普全球制造业采购经理人指数终值","1","54.9","55.1","55.1","54.5","1788134400000","","1788222600810","",""
"396654","2026-09-01T00:01:00.000Z","1788220860000","Ireland","Manufacturing PMI","AIB Manufacturing PMI","AIB制造业采购经理人指数","1","55.4","","55.1","","1788134400000","","1788220860754","",""
"404419","2026-09-01T00:00:00.000Z","1788220800000","South Korea","Imports YoY","Imports YoY","进口额同比","1","22.5%","24.7%","26.5%","","1788134400000","0","1788220800717","","%"
"405511","2026-09-01T00:00:00.000Z","1788220800000","South Korea","Balance of Trade","Balance of Trade","贸易差额","1","$34.75B","$30.7B","$30.32B","","1788134400000","0","1788220833867","$","B"
"408686","2026-09-01T00:00:00.000Z","1788220800000","South Korea","Exports YoY","Exports YoY","出口额同比","2","68.7%","62.6%","63%","62.8%","1788134400000","0","1788220800947","","%"
"416366","2026-09-01T00:00:00.000Z","1788220800000","Vietnam","Holidays","National Day","国庆日","1","","","","","","0","1764785115042","",""
"416376","2026-09-01T00:00:00.000Z","1788220800000","Eritrea","Holidays","Revolution Day","革命纪念日","1","","","","","","0","1764785115453","",""
"416377","2026-09-01T00:00:00.000Z","1788220800000","Slovakia","Holidays","Constitution Day","宪法日","1","","","","","","0","1764785115453","",""
"416378","2026-09-01T00:00:00.000Z","1788220800000","Uzbekistan","Holidays","Independence Day","独立日","1","","","","","","0","1764785115457","",""
"400764","2026-08-31T23:50:00.000Z","1788220200000","Japan","Private Investment","Capital Spending YoY","资本支出同比","2","1.6%","0.2%","0%","","1782777600000","0","1788220201637","","%"
"416992","2026-08-31T23:01:00.000Z","1788217260000","United Kingdom","Shop Price Inflation","BRC Shop Price Inflation","BRC商店价格通胀率","1","1.5%","","0.9%","","1788134400000","0","1788217334560","","%"
"401179","2026-08-31T23:00:00.000Z","1788217200000","Australia","manufacturing pmi","S&P Global Manufacturing PMI Final","标普全球制造业采购经理人指数终值","1","52.0","52.0","52.0","","1788134400000","","1788217201480","",""
"418891","2026-08-31T20:00:00.000Z","1788206400000","Suriname","Balance of Trade","Balance of Trade","贸易差额","1","$470.1M","","$647.5M","$647.7M","1782777600000","0","1788207102960","$","M"
"418900","2026-08-31T20:00:00.000Z","1788206400000","Suriname","Current Account","Current Account","经常账户差额","1","$-783.1M","","$-268.6M","$-272.1M","1782777600000","0","1788207041640","$","M"
"408344","2026-08-31T19:00:00.000Z","1788202800000","Colombia","Cement Production","Cement Production YoY","水泥产量同比","1","-4.5%","","4.3%","","1785456000000","0","1788203027850","","%"
"414037","2026-08-31T18:15:00.000Z","1788200100000","Uruguay","Balance of Trade","Balance of Trade","贸易差额","1","$-182.8M","","$-71.7M","","1785456000000","0","1788200182277","$","M"
"405830","2026-08-31T15:45:00.000Z","1788191100000","Ukraine","Current Account","Current Account","经常账户差额","1","$-0.05B","","$6.3B","","1785456000000","0","1788191583783","$","B"
"396652","2026-08-31T15:30:00.000Z","1788190200000","United States","6 Month Bill Yield","6-Month Bill Auction","6个月期国库券拍卖","1","3.885%","","3.790%","","","0","1788190345023","","%"
"396653","2026-08-31T15:30:00.000Z","1788190200000","United States","3 Month Bill Yield","3-Month Bill Auction","3个月期国库券拍卖","1","3.770%","","3.715%","","","0","1788190337433","","%"
"405432","2026-08-31T15:00:00.000Z","1788188400000","Colombia","Unemployment Rate","Unemployment Rate","失业率","1","8.1%","","8%","","1785456000000","0","1788187315950","","%"
"399143","2026-08-31T14:30:00.000Z","1788186600000","United States","Dallas Fed Manufacturing Index","Dallas Fed Manufacturing Index","达拉斯联储制造业指数","2","11.6","","1.3","","1788134400000","0","1788186636320","",""
"402566","2026-08-31T14:01:00.000Z","1788184860000","Australia","CoreLogic Dwelling Prices MoM","Cotality Dwelling Prices MoM","Cotality住宅价格环比","1","-0.9%","","-1.2%","-0.7%","1788134400000","0","1788185791990","","%"
"421220","2026-08-31T13:20:00.000Z","1788182400000","United States","Calendar","NY Fed Bill Purchases 1 to 4 months","纽约联储购买1至4个月期国库券","1","","$4.243 billion","","","","0","1788535695977","",""
"396649","2026-08-31T13:00:00.000Z","1788181200000","France","52 Week Bill Yield","12-Month BTF Auction","12个月期BTF国库券拍卖","1","2.86%","","2.832%","","","0","1788181257450","","%"
"396650","2026-08-31T13:00:00.000Z","1788181200000","France","6 Month Bill Yield","6-Month BTF Auction","6个月期BTF国库券拍卖","1","2.655%","","2.675%","","","0","1788181283527","","%"
"396651","2026-08-31T13:00:00.000Z","1788181200000","France","3 Month Bill Yield","3-Month BTF Auction","3个月期BTF国库券拍卖","1","2.533%","","2.495%","","","0","1788181272497","","%"
"404199","2026-08-31T13:00:00.000Z","1788181200000","Chile","Retail Sales YoY","Retail Sales YoY","零售销售同比","1","2.2%","","5.2%","5.1%","1785456000000","0","1788181453070","","%"
"406296","2026-08-31T13:00:00.000Z","1788181200000","Chile","Copper Production","Copper Production YoY","铜产量同比","1","-9.4%","","5.1%","","1785456000000","0","1788181233347","","%"
"407498","2026-08-31T13:00:00.000Z","1788181200000","Chile","Manufacturing Production","Manufacturing Production YoY","制造业生产同比","1","-4.9%","","-3%","-3.2%","1785456000000","0","1788181553260","","%"
"408036","2026-08-31T13:00:00.000Z","1788181200000","Chile","Industrial Production","Industrial Production YoY","工业生产同比","1","-5.1%","","1.3%","","1785456000000","0","1788181309673","","%"
"413856","2026-08-31T13:00:00.000Z","1788181200000","Chile","Retail Sales MoM","Retail Sales MoM","零售销售环比","1","-2.9%","","1.5%","","1785456000000","0","1788181308803","","%"
"409990","2026-08-31T12:30:00.000Z","1788179400000","Nigeria","GDP Annual Growth Rate","GDP Growth Rate YoY","国内生产总值（GDP）增长率同比","1","4.43%","","3.89%","","1782777600000","0","1788179858450","","%"
"401069","2026-08-31T12:00:00.000Z","1788177600000","Germany","Inflation Rate","Inflation Rate YoY Prel","通胀率同比初值","3","2.9%","3.0%","2.8%","","1788134400000","0","1788177602867","","%"
"401710","2026-08-31T12:00:00.000Z","1788177600000","Germany","Harmonised Inflation Rate MoM","Harmonised Inflation Rate MoM Prel","调和通胀率环比初值","1","0.2%","0.3%","0.9%","","1788134400000","0","1788177602670","","%"
"402364","2026-08-31T12:00:00.000Z","1788177600000","Germany","Harmonised Inflation Rate YoY","Harmonised Inflation Rate YoY Prel","调和通胀率同比初值","1","2.9%","3.1%","2.8%","","1788134400000","0","1788177602680","","%"
"403078","2026-08-31T12:00:00.000Z","1788177600000","Germany","Inflation Rate Mom","Inflation Rate MoM Prel","通胀率环比初值","2","0.2%","0.3%","0.8%","","1788134400000","0","1788177602457","","%"
"403929","2026-08-31T12:00:00.000Z","1788177600000","South Africa","Balance of Trade","Balance of Trade","贸易差额","2","ZAR20.14B","","ZAR17.23B","ZAR17.75B","1785456000000","0","1788177618303","ZAR","B"
"394217","2026-08-31T11:30:00.000Z","1788175800000","Brazil","Interest Rate","BCB Focus Market Readout","BCB Focus市场调查报告","2","","","","","","1","1766737139047","",""
"413848","2026-08-31T11:30:00.000Z","1788175800000","Brazil","Gross Debt to GDP","Gross Debt to GDP","债务总额占国内生产总值（GDP）比率","1","82.5%","82.2%","81.9%","","1785456000000","0","1788175939580","","%"
"419482","2026-08-31T11:30:00.000Z","1788175800000","Brazil","Government Budget Value","Nominal Budget Balance","名义预算差额","1","BRL-97.6B","BRL-84B","BRL-166B","","1785456000000","0","1788175876107","BRL","B"
"402558","2026-08-31T10:30:00.000Z","1788172200000","India","GDP Annual Growth Rate","GDP Growth Rate YoY","国内生产总值（GDP）增长率同比","3","7.8%","7.1%","7.8%","","1782777600000","0","1788172239150","","%"
"417762","2026-08-31T10:30:00.000Z","1788172200000","India","Government Budget Value","Government Budget Value","政府预算金额","1","INR-4551.4B","","INR -3078B","","1785456000000","0","1788172401190","INR","B"
"420729","2026-08-31T10:10:00.000Z","1788171000000","European Union","Calendar","2031 EU-Bonds Auction","2031年到期欧盟债券拍卖","1","3.246%","","2.980%","","","0","1788169484280","","%"
"421045","2026-08-31T10:10:00.000Z","1788171000000","European Union","Calendar","2036 EU-Bonds Auction","2036年到期欧盟债券拍卖","1","3.689%","","3.392%","","","0","1788169491310","","%"
"421046","2026-08-31T10:10:00.000Z","1788171000000","European Union","Calendar","2040 EU-Bonds Auction","2040年到期欧盟债券拍卖","1","4.013%","","3.643%","","","0","1788169382843","","%"
"403695","2026-08-31T10:00:00.000Z","1788170400000","Kenya","Inflation Rate","Inflation Rate YoY","通胀率同比","1","6.6%","","6.5%","","1788134400000","0","1788170789817","","%"
"405378","2026-08-31T10:00:00.000Z","1788170400000","Malta","Producer Prices Change","PPI YoY","生产者价格指数同比","1","1.5%","","1.5%","","1785456000000","0","1788170454153","","%"
"406055","2026-08-31T10:00:00.000Z","1788170400000","Portugal","GDP Growth Rate","GDP Growth Rate QoQ Final","国内生产总值（GDP）增长率季环比终值","1","0.8%","0.8%","0.1%","","1782777600000","0","1788170434430","","%"
"406466","2026-08-31T10:00:00.000Z","1788170400000","Serbia","Industrial Production","Industrial Production YoY","工业生产同比","1","-2.3%","","0.8%","","1785456000000","0","1788170507850","","%"
"407538","2026-08-31T10:00:00.000Z","1788170400000","Portugal","Inflation Rate","Inflation Rate YoY Prel","通胀率同比初值","1","3.3%","","3%","","1788134400000","0","1788170418247","","%"
"407609","2026-08-31T10:00:00.000Z","1788170400000","Portugal","Unemployment Rate","Unemployment Rate","失业率","1","5.7%","","5.7%","5.6%","1785456000000","0","1788174029383","","%"
"408220","2026-08-31T10:00:00.000Z","1788170400000","Luxembourg","Producer Prices Change","PPI YoY","生产者价格指数同比","1","-2.1%","","-3.2%","","1785456000000","0","1788170597860","","%"
"408451","2026-08-31T10:00:00.000Z","1788170400000","Serbia","Retail Sales YoY","Retail Sales YoY","零售销售同比","1","8.2%","","4.3%","","1785456000000","0","1788170448990","","%"
"409192","2026-08-31T10:00:00.000Z","1788170400000","Portugal","Inflation Rate Mom","Inflation Rate MoM Prel","通胀率环比初值","1","0.1%","","-0.5%","","1788134400000","0","1788170418350","","%"
"409316","2026-08-31T10:00:00.000Z","1788170400000","Latvia","GDP Annual Growth Rate","GDP Growth Rate YoY","国内生产总值（GDP）增长率同比","1","3.0%","","2.5%","","1782777600000","0","1788170446370","","%"
"409506","2026-08-31T10:00:00.000Z","1788170400000","Latvia","GDP Growth Rate","GDP Growth Rate QoQ","国内生产总值（GDP）增长率季环比","1","0.7%","","0.6%","","1782777600000","0","1788170456093","","%"
"410478","2026-08-31T10:00:00.000Z","1788170400000","Macedonia","Retail Sales Yoy","Retail Sales YoY","零售销售同比","1","5.6%","","-1.0%","","1785456000000","0","1788170496453","","%"
"410683","2026-08-31T10:00:00.000Z","1788170400000","Ireland","Harmonised Inflation Rate MoM","Harmonised Inflation Rate MoM Prel","调和通胀率环比初值","1","0.6%","","0.1%","","1788134400000","0","1788170717130","","%"
"411499","2026-08-31T10:00:00.000Z","1788170400000","Serbia","GDP Annual Growth Rate","GDP Growth Rate YoY Final","国内生产总值（GDP）增长率同比终值","1","3.8%","3.6%","3.2%","","1782777600000","0","1788170403837","","%"
"412251","2026-08-31T10:00:00.000Z","1788170400000","Serbia","Balance of Trade","Balance of Trade","贸易差额","1","$-746.9M","","$-898.7M","","1785456000000","0","1788170489993","$","M"
"413065","2026-08-31T10:00:00.000Z","1788170400000","Ireland","Harmonised Inflation Rate YoY","Harmonised Inflation Rate YoY Prel","调和通胀率同比初值","1","3.4%","","3.1%","","1788134400000","0","1788170710700","","%"
"413100","2026-08-31T10:00:00.000Z","1788170400000","Portugal","GDP Annual Growth Rate","GDP Growth Rate YoY Final","国内生产总值（GDP）增长率同比终值","1","2.5%","2.5%","2.4%","","1782777600000","0","1788170433810","","%"
"396645","2026-08-31T09:30:00.000Z","1788168600000","South Africa","Calendar","182-Day T-Bill Auction","182天期国库券拍卖","1","7.41%","","7.41%","","","0","1788171984877","","%"
"396646","2026-08-31T09:30:00.000Z","1788168600000","South Africa","Calendar","91-Day T-Bill Auction","91天期国库券拍卖","1","6.89%","","6.89%","","","0","1788171988257","","%"
"396647","2026-08-31T09:30:00.000Z","1788168600000","South Africa","Calendar","364-Day T-Bill Auction","364天期国库券拍卖","1","7.75%","","7.75%","","","0","1788171990697","","%"
"396648","2026-08-31T09:30:00.000Z","1788168600000","South Africa","Calendar","273-Day T-Bill Auction","273天期国库券拍卖","1","7.67%","","7.67%","","","0","1788171993620","","%"
"405964","2026-08-31T09:30:00.000Z","1788168600000","Sri Lanka","Inflation Rate","Inflation Rate YoY","通胀率同比","1","8%","7.7%","7.3%","","1788134400000","0","1788168709160","","%"
"406795","2026-08-31T09:30:00.000Z","1788168600000","Belgium","Producer Prices Change","PPI YoY","生产者价格指数同比","1","9%","","9.1%","","1785456000000","0","1788168621807","","%"
"411452","2026-08-31T09:30:00.000Z","1788168600000","Sri Lanka","Producer Prices Change","PPI YoY","生产者价格指数同比","1","5.0%","","4.1%","","1785456000000","0","1788169986150","","%"
"403693","2026-08-31T09:05:00.000Z","1788167100000","Angola","GDP Annual Growth Rate","GDP Growth Rate YoY","国内生产总值（GDP）增长率同比","1","8.7%","","5.3%","","1782777600000","0","1788167246447","","%"
"404676","2026-08-31T09:05:00.000Z","1788167100000","Angola","GDP Growth Rate","GDP Growth Rate QoQ","国内生产总值（GDP）增长率季环比","1","2.8%","","1.4%","","1782777600000","0","1788167260557","","%"
"405027","2026-08-31T09:05:00.000Z","1788167100000","Angola","Foreign Exchange Reserves","Foreign Exchange Reserves","外汇储备","1","$15.1B","","$14.9B","","1788134400000","0","1788167144543","$","B"
"419772","2026-08-31T09:05:00.000Z","1788167100000","Norway","Calendar","03/2027 NTB Auction","2027年03月到期NTB国库券拍卖","1","4.50%","","4.46%","","","0","1788168738737","","%"
"405582","2026-08-31T09:00:00.000Z","1788166800000","Greece","Unemployment Rate","Unemployment Rate","失业率","1","7.9%","","8.1%","8%","1785456000000","0","1788166770960","","%"
"406563","2026-08-31T09:00:00.000Z","1788166800000","Iceland","GDP Growth Rate","GDP Growth Rate QoQ","国内生产总值（GDP）增长率季环比","1","-3.0%","","3.7%","","1782777600000","0","1788166866317","","%"
"410491","2026-08-31T09:00:00.000Z","1788166800000","Iceland","GDP Annual Growth Rate","GDP Growth Rate YoY","国内生产总值（GDP）增长率同比","1","-1.1%","","3.8%","2.7%","1782777600000","0","1788167009253","","%"
"411349","2026-08-31T09:00:00.000Z","1788166800000","Belgium","GDP Annual Growth Rate","GDP Growth Rate YoY Final","国内生产总值（GDP）增长率同比终值","1","0.5%","","0.8%","","1782777600000","0","1788166900987","","%"
"411959","2026-08-31T09:00:00.000Z","1788166800000","Greece","Retail Sales YoY","Retail Sales YoY","零售销售同比","1","1.9%","","6.7%","6.8%","1782777600000","0","1788167023683","","%"
"412472","2026-08-31T09:00:00.000Z","1788166800000","Montenegro","GDP Annual Growth Rate","GDP Growth Rate YoY","国内生产总值（GDP）增长率同比","1","3.8%","","2.6%","","1782777600000","0","1788166980300","","%"
"412922","2026-08-31T09:00:00.000Z","1788166800000","Nigeria","Foreign Exchange Reserves","Foreign Exchange Reserves","外汇储备","1","$53.31B","","$51.92B","","1788134400000","0","1788166842973","$","B"
"414093","2026-08-31T09:00:00.000Z","1788166800000","Belgium","GDP Growth Rate","GDP Growth Rate QoQ Final","国内生产总值（GDP）增长率季环比终值","1","0%","0%","0.2%","","1782777600000","0","1788166800773","","%"
"407321","2026-08-31T08:30:00.000Z","1788165000000","Slovenia","Inflation Rate Mom","Inflation Rate MoM","通胀率环比","1","0.1%","","-0.1%","","1788134400000","0","1788165308397","","%"
"407522","2026-08-31T08:30:00.000Z","1788165000000","Slovenia","Inflation Rate","Inflation Rate YoY","通胀率同比","1","3%","","2.9%","","1788134400000","0","1788165302130","","%"
"410657","2026-08-31T08:30:00.000Z","1788165000000","Hong Kong","Retail Sales YoY","Retail Sales YoY","零售销售同比","1","2.3%","","2.3%","","1785456000000","0","1788165098497","","%"
"410861","2026-08-31T08:30:00.000Z","1788165000000","Uganda","Inflation Rate","Inflation Rate YoY","通胀率同比","1","4.1%","","4%","","1788134400000","0","1788165405673","","%"
"411975","2026-08-31T08:30:00.000Z","1788165000000","Slovenia","Harmonised Inflation Rate YoY","Harmonised Inflation Rate YoY","调和通胀率同比","1","3.4%","","3.0%","","1788134400000","0","1788165064253","","%"
"420452","2026-08-31T08:25:00.000Z","1788164700000","Denmark","Calendar","T-Bill 2026/IV Auction","2026/IV国库券拍卖","1","2.100%","","2.040%","","","0","1788165275840","","%"
"421035","2026-08-31T08:25:00.000Z","1788164700000","Denmark","Calendar","T-Bill 2027/I Auction","2027/I国库券拍卖","1","2.160%","","","","","0","1788165271413","",""
"400166","2026-08-31T08:00:00.000Z","1788163200000","Germany","Hesse CPI YoY","Hesse CPI MoM","黑森州消费者价格指数环比","1","0.3%","","0.7%","","1788134400000","0","1788163487963","","%"
"400172","2026-08-31T08:00:00.000Z","1788163200000","Germany","Saxony CPI YoY","Saxony CPI YoY","萨克森州消费者价格指数同比","1","2.9%","","2.8%","","1788134400000","0","1788163235123","","%"
"400777","2026-08-31T08:00:00.000Z","1788163200000","Germany","North Rhine Westphalia CPI YoY","North Rhine Westphalia CPI YoY","北莱茵-威斯特法伦州消费者价格指数同比","1","2.9%","","2.7%","","1788134400000","0","1788163259780","","%"
"401177","2026-08-31T08:00:00.000Z","1788163200000","Germany","Bavaria CPI YoY","Bavaria CPI YoY","巴伐利亚州消费者价格指数同比","1","2.9%","","2.8%","","1788134400000","0","1788163200730","","%"
"401216","2026-08-31T08:00:00.000Z","1788163200000","Germany","Hesse CPI YoY","Hesse CPI YoY","黑森州消费者价格指数同比","1","3%","","2.7%","","1788134400000","0","1788163470947","","%"
"401799","2026-08-31T08:00:00.000Z","1788163200000","Germany","Baden Wuerttemberg CPI YoY","Baden Wuerttemberg CPI YoY","巴登-符腾堡州消费者价格指数同比","1","2.6%","","2.5%","","1788134400000","0","1788163261103","","%"
"402394","2026-08-31T08:00:00.000Z","1788163200000","Germany","Brandenburg CPI YoY","Brandenburg CPI YoY","勃兰登堡州消费者价格指数同比","1","3.1%","","2.7%","","1788134400000","0","1788163425783","","%"
"402513","2026-08-31T08:00:00.000Z","1788163200000","Spain","Current Account","Current Account","经常账户差额","1","€2.41B","","€1.84B","","1782777600000","0","1788163615060","€","B"
"402906","2026-08-31T08:00:00.000Z","1788163200000","Germany","North Rhine Westphalia CPI YoY","North Rhine Westphalia CPI MoM","北莱茵-威斯特法伦州消费者价格指数环比","1","0.2%","","0.9%","","1788134400000","0","1788163446220","","%"
"403021","2026-08-31T08:00:00.000Z","1788163200000","Germany","Bavaria CPI YoY","Bavaria CPI MoM","巴伐利亚州消费者价格指数环比","1","0.2%","","0.6%","","1788134400000","0","1788163315067","","%"
"403059","2026-08-31T08:00:00.000Z","1788163200000","Germany","Saxony CPI YoY","Saxony CPI MoM","萨克森州消费者价格指数环比","1","0.1%","","0.7%","","1788134400000","0","1788163260080","","%"
"403349","2026-08-31T08:00:00.000Z","1788163200000","Germany","Baden Wuerttemberg CPI YoY","Baden Wuerttemberg CPI MoM","巴登-符腾堡州消费者价格指数环比","1","0.1%","","0.8%","","1788134400000","0","1788163326323","","%"
"403499","2026-08-31T08:00:00.000Z","1788163200000","Germany","Brandenburg CPI YoY","Brandenburg CPI MoM","勃兰登堡州消费者价格指数环比","1","0.3%","","0.7%","","1788134400000","0","1788163432847","","%"
"408434","2026-08-31T08:00:00.000Z","1788163200000","Czech Republic","Money Supply M3","M3 Money Supply YoY","M3货币供应量同比","1","5.7%","","6.3%","","1785456000000","0","1788163495437","","%"
"419121","2026-08-31T08:00:00.000Z","1788163200000","Bulgaria","Inflation Rate MoM","Inflation Rate MoM Prel","通胀率环比初值","1","0.6%","","0.8%","","1788134400000","0","1788163277263","","%"
"419129","2026-08-31T08:00:00.000Z","1788163200000","Bulgaria","Inflation Rate","Inflation Rate YoY Prel","通胀率同比初值","1","5.1%","","4.5%","","1788134400000","0","1788163294233","","%"
"407338","2026-08-31T07:30:00.000Z","1788161400000","Poland","Inflation Rate","Inflation Rate YoY Prel","通胀率同比初值","2","3.4%","3.1%","3%","","1788134400000","0","1788161456247","","%"
"410300","2026-08-31T07:30:00.000Z","1788161400000","Poland","Inflation Rate Mom","Inflation Rate MoM Prel","通胀率环比初值","1","0.4%","0.2%","0.8%","","1788134400000","0","1788161456453","","%"
"411334","2026-08-31T07:30:00.000Z","1788161400000","Thailand","Retail Sales YoY","Retail Sales YoY","零售销售同比","1","-18.3%","","-18.2%","-14.5%","1782777600000","0","1788161736253","","%"
"412581","2026-08-31T07:30:00.000Z","1788161400000","Poland","GDP Annual Growth Rate","GDP Growth Rate YoY Final","国内生产总值（GDP）增长率同比终值","1","3.9%","3.8%","3.5%","","1782777600000","0","1788161445243","","%"
"412811","2026-08-31T07:30:00.000Z","1788161400000","Poland","GDP Growth Rate","GDP Growth Rate QoQ Final","国内生产总值（GDP）增长率季环比终值","1","1%","0.9%","0.6%","","1782777600000","0","1788161441160","","%"
"405458","2026-08-31T07:00:00.000Z","1788159600000","Thailand","Current Account","Current Account","经常账户差额","1","$-1.6B","","$-3.5B","","1785456000000","0","1788159615357","$","B"
"406458","2026-08-31T07:00:00.000Z","1788159600000","Thailand","Private Investment","Private Investment MoM","私人投资环比","1","-0.3%","","0.5%","","1785456000000","0","1788159643670","","%"
"410232","2026-08-31T07:00:00.000Z","1788159600000","Turkey","GDP Annual Growth Rate","GDP Growth Rate YoY","国内生产总值（GDP）增长率同比","2","2.3%","2.9%","2.6%","2.5%","1782777600000","0","1788159893457","","%"
"410253","2026-08-31T07:00:00.000Z","1788159600000","Turkey","Unemployment Rate","Unemployment Rate","失业率","2","8.1%","","7.6%","","1785456000000","0","1788159697067","","%"
"412156","2026-08-31T07:00:00.000Z","1788159600000","Turkey","GDP Growth Rate","GDP Growth Rate QoQ","国内生产总值（GDP）增长率季环比","2","1.1%","","0.3%","0.1%","1782777600000","0","1788159777020","","%"
"412508","2026-08-31T07:00:00.000Z","1788159600000","Thailand","Personal Spending","Private Consumption MoM","私人消费环比","1","1.2%","","1.1%","","1785456000000","0","1788159636943","","%"
"413432","2026-08-31T07:00:00.000Z","1788159600000","Turkey","Labor Force Participation Rate","Participation Rate","劳动参与率","1","52.5%","","52.9%","","1785456000000","0","1788159693037","","%"
"413445","2026-08-31T07:00:00.000Z","1788159600000","Georgia","Monthly GDP YoY","GDP YoY","国内生产总值（GDP）同比","1","8.0%","","8.6%","","1785456000000","0","1788159694737","","%"
"412509","2026-08-31T06:30:00.000Z","1788157800000","Hungary","Producer Prices Change","PPI YoY","生产者价格指数同比","1","1%","","-0.4%","","1785456000000","0","1788157800917","","%"
"405658","2026-08-31T06:00:00.000Z","1788156000000","South Africa","Private Sector Credit","Private Sector Credit YoY","私营部门信贷同比","1","7.41%","","7.77%","7.8%","1785456000000","0","1788156063717","","%"
"414752","2026-08-31T06:00:00.000Z","1788156000000","South Africa","Money Supply M3","M3 Money Supply YoY","M3货币供应量同比","1","8.57%","","9.31%","","1785456000000","0","1788156049673","","%"
"414753","2026-08-31T06:00:00.000Z","1788156000000","Denmark","Unemployment Rate","Unemployment Rate","失业率","1","2.7%","","2.7%","","1785456000000","0","1788156003617","","%"
"401585","2026-08-31T05:00:00.000Z","1788152400000","Japan","Construction Orders","Construction Orders YoY","建筑订单同比","1","-13.4%","","2.3%","","1785456000000","0","1788152518267","","%"
"402153","2026-08-31T05:00:00.000Z","1788152400000","Japan","housing starts yoy","Housing Starts YoY","新屋开工数量同比","2","8.2%","7.9%","18.6%","","1785456000000","0","1788152491523","","%"
"408873","2026-08-31T05:00:00.000Z","1788152400000","Estonia","GDP Growth Rate","GDP Growth Rate QoQ","国内生产总值（GDP）增长率季环比","1","0.3%","","1.0%","1.1%","1782777600000","0","1788152775913","","%"
"412870","2026-08-31T05:00:00.000Z","1788152400000","Estonia","GDP Annual Growth Rate","GDP Growth Rate YoY","国内生产总值（GDP）增长率同比","1","1.8%","","2.9%","2.4%","1782777600000","0","1788152719323","","%"
"400719","2026-08-31T03:30:00.000Z","1788147000000","Australia","MI Inflation Gauge MoM","TD-MI Inflation Gauge MoM","TD-MI通胀指标环比","1","0.5%","","1%","","1788134400000","0","1788153510980","","%"
"417825","2026-08-31T02:30:00.000Z","1788143400000","South Korea","2 Year Note Yield","2-Year KTB Auction","2年期韩国国债（KTB）拍卖","1","3.779%","","3.680%","","","0","1788143446580","","%"
"410270","2026-08-31T02:00:00.000Z","1788141600000","Singapore","Loans to Private Sector","Bank Lending","银行贷款","1","S$939.1B","","S$931.4B","","1785456000000","0","1788141655167","S$","B"
"400271","2026-08-31T01:30:00.000Z","1788139800000","Australia","Loan Growth","Private Sector Credit YoY","私营部门信贷同比","1","8.4%","","8.5%","","1785456000000","0","1788139851700","","%"
"400445","2026-08-31T01:30:00.000Z","1788139800000","Australia","Business Inventories","Business Inventories QoQ","商业库存季环比","1","-0.2%","","0.7%","0.5%","1782777600000","0","1788139845313","","%"
"400718","2026-08-31T01:30:00.000Z","1788139800000","China","NBS General PMI","NBS General PMI","国家统计局（NBS）综合采购经理人指数","1","49.5","","49.3","","1788134400000","0","1788139879523","",""
"400760","2026-08-31T01:30:00.000Z","1788139800000","China","Non Manufacturing PMI","NBS Non Manufacturing PMI","国家统计局（NBS）非制造业采购经理人指数","2","49.0","49.5","49.0","","1788134400000","0","1788139814970","",""
"401709","2026-08-31T01:30:00.000Z","1788139800000","Australia","Housing Credit","Housing Credit MoM","住房信贷环比","1","0.5%","","0.6%","","1785456000000","0","1788139816517","","%"
"402124","2026-08-31T01:30:00.000Z","1788139800000","Australia","Private Sector Credit","Private Sector Credit MoM","私营部门信贷环比","1","0.6%","0.7%","0.8%","","1785456000000","0","1788139841533","","%"
"402471","2026-08-31T01:30:00.000Z","1788139800000","China","Business Confidence","NBS Manufacturing PMI","国家统计局（NBS）制造业采购经理人指数","3","49.8","49.7","49.2","","1788134400000","0","1788139815063","",""
"403177","2026-08-31T01:30:00.000Z","1788139800000","Australia","Corporate Profits","Company Gross Profits QoQ","企业毛利润季环比","2","1.8%","2%","-1.5%","-1.3%","1782777600000","0","1788139866667","","%"
"401569","2026-08-31T01:00:00.000Z","1788138000000","New Zealand","Business Confidence","ANZ Business Confidence","ANZ商业信心指数","2","53.7","","56.1","","1788134400000","0","1788138021240","",""
"416365","2026-08-31T00:00:00.000Z","1788134400000","Vietnam","Holidays","National Day","国庆日","1","","","","","","0","1764785115042","",""
"416372","2026-08-31T00:00:00.000Z","1788134400000","Kyrgyzstan","Holidays","Kyrgyz Republic Independence Day","吉尔吉斯共和国独立日","1","","","","","","0","1764785115044","",""
"416373","2026-08-31T00:00:00.000Z","1788134400000","Malaysia","Holidays","Malaysia’s National Day","马来西亚国庆日","1","","","","","","0","1764785115443","",""
"416374","2026-08-31T00:00:00.000Z","1788134400000","Moldova","Holidays","National Language Day","国家语言日","1","","","","","","0","1764785115447","",""
"416375","2026-08-31T00:00:00.000Z","1788134400000","Philippines","Holidays","National Heroes Day","国家英雄日","1","","","","","","0","1764785115045","",""
"400174","2026-08-30T23:50:00.000Z","1788133800000","Japan","Retail Sales MoM","Retail Sales MoM","零售销售环比","1","2.4%","","-3.9%","-4.1%","1785456000000","0","1788133879597","","%"
"400308","2026-08-30T23:50:00.000Z","1788133800000","Japan","Industrial Production Mom","Industrial Production MoM Prel","工业生产环比初值","2","0.1%","-0.6%","1.9%","","1785456000000","0","1788133841740","","%"
"401832","2026-08-30T23:50:00.000Z","1788133800000","Japan","Retail Sales YoY","Retail Sales YoY","零售销售同比","2","4%","3%","0.6%","0.5%","1785456000000","0","1788133807377","","%"
"403476","2026-08-30T23:50:00.000Z","1788133800000","Japan","Industrial Production","Industrial Production YoY Prel","工业生产同比初值","1","4.1%","","4.9%","","1785456000000","0","1788133854947","","%"
"404669","2026-08-30T23:00:00.000Z","1788130800000","South Korea","Industrial Production Mom","Industrial Production MoM","工业生产环比","1","0.2%","","6.7%","6.4%","1785456000000","0","1788131059910","","%"
"409179","2026-08-30T23:00:00.000Z","1788130800000","South Korea","Industrial Production","Industrial Production YoY","工业生产同比","1","3.6%","","6.0%","5.8%","1785456000000","0","1788131092490","","%"
"410980","2026-08-30T23:00:00.000Z","1788130800000","South Korea","Retail Sales MoM","Retail Sales MoM","零售销售环比","1","-2.4%","","2.7%","","1785456000000","0","1788130860893","","%"
"411130","2026-08-30T22:00:00.000Z","1788127200000","Saudi Arabia","Money Supply M3","M3 Money Supply YoY","M3货币供应量同比","1","8.2%","","8.4%","","1785456000000","0","1788128621780","","%"
"412430","2026-08-30T22:00:00.000Z","1788127200000","Saudi Arabia","Loan Growth","Private Bank Lending YoY","私人银行贷款同比","1","5.6%","","6.8%","","1785456000000","0","1788128837403","","%"
"416364","2026-08-30T00:00:00.000Z","1788048000000","Vietnam","Holidays","National Day","国庆日","1","","","","","","0","1764785115417","",""
"416368","2026-08-30T00:00:00.000Z","1788048000000","Iran","Holidays","Milad-Un-Nabi","圣纪节（先知诞辰）","1","","","","","","0","1764785115043","",""
"416369","2026-08-30T00:00:00.000Z","1788048000000","Kazakhstan","Holidays","Constitution Day","宪法日","1","","","","","","0","1764785115043","",""
"416370","2026-08-30T00:00:00.000Z","1788048000000","Peru","Holidays","Santa Rosa De Lima","利马圣罗莎节","1","","","","","","0","1764785115433","",""
"416371","2026-08-30T00:00:00.000Z","1788048000000","Turkey","Holidays","Victory Day","胜利日","1","","","","","","0","1764785115437","",""
"416362","2026-08-29T00:00:00.000Z","1787961600000","Slovakia","Holidays","Slovak National Uprising Anniversary","斯洛伐克民族起义纪念日","1","","","","","","0","1764785115407","",""
"416363","2026-08-29T00:00:00.000Z","1787961600000","Vietnam","Holidays","National Day","国庆日","1","","","","","","0","1764785115413","",""
"420956","2026-08-29T00:00:00.000Z","1787961600000","United States","Interest Rate","Jackson Hole Symposium","杰克逊霍尔研讨会","2","","","","","","1","1785498780563","",""
"409027","2026-08-28T18:20:00.000Z","1787941200000","El Salvador","Balance of Trade","Balance of Trade","贸易差额","1","$-1189.64M","","$-1030.96M","","1785456000000","0","1787941199750","$","M"
"410706","2026-08-28T18:00:00.000Z","1787940000000","Brazil","Non Farm Payrolls","Net Payrolls","净新增就业人数","1","$58.57K","112K","145.16K","","1785456000000","0","1787939855137","","K"
"396643","2026-08-28T17:00:00.000Z","1787936400000","United States","Crude Oil Rigs","Baker Hughes Oil Rig Count","贝克休斯石油钻井平台数量","1","447","454","452","","1787875200000","0","1787936501210","",""
"396644","2026-08-28T17:00:00.000Z","1787936400000","United States","Total Rigs","Baker Hughes Total Rigs Count","贝克休斯钻井平台总数","1","588","","588","","1787875200000","0","1787936486283","",""
"421074","2026-08-28T16:30:00.000Z","1787934600000","United States","Interest Rate","Fed Goolsbee Speech","美联储Goolsbee讲话","2","","","","","","0","1787918978983","",""
"410655","2026-08-28T16:00:00.000Z","1787932800000","Russia","Money Supply M2","M2 Money Supply YoY","M2货币供应量同比","1","13.0%","","13.2%","","1785456000000","0","1787933594790","","%"
"421029","2026-08-28T15:55:00.000Z","1787932500000","Euro Area","Interest Rate","ECB Schnabel Speech","欧洲央行（ECB）Schnabel讲话","1","","","","","","0","1787326480753","",""
"417241","2026-08-28T15:00:00.000Z","1787929200000","Canada","Government Budget Value","Budget Balance","预算差额","1","C$0.99B","","C$-0.31B","C$-1.05B","1782777600000","0","1787929200630","C$","B"
"396638","2026-08-28T14:00:00.000Z","1787925600000","United States","Consumer Confidence","Michigan Consumer Sentiment Final","密歇根大学消费者信心指数终值","2","51.7","51.0","55.2","","1788134400000","0","1787925601520","",""
"396639","2026-08-28T14:00:00.000Z","1787925600000","United States","Michigan Current Economic Conditions","Michigan Current Conditions Final","密歇根大学现况指数终值","1","51.9","51.8","54.8","","1788134400000","0","1787925601560","",""
"396640","2026-08-28T14:00:00.000Z","1787925600000","United States","Michigan Inflation Expectations","Michigan Inflation Expectations Final","密歇根大学通胀预期终值","1","4%","4.3%","4.2%","","1788134400000","0","1787925601983","","%"
"396641","2026-08-28T14:00:00.000Z","1787925600000","United States","Michigan Consumer Expectations","Michigan Consumer Expectations Final","密歇根大学消费者预期指数终值","1","51.5","50.6","55.4","","1788134400000","0","1787925601617","",""
"396642","2026-08-28T14:00:00.000Z","1787925600000","United States","Michigan 5 Year Inflation Expectations","Michigan 5 Year Inflation Expectations Final","密歇根大学5年期通胀预期终值","1","3.3%","3.3%","3.3%","","1788134400000","0","1787925602157","","%"
"420972","2026-08-28T14:00:00.000Z","1787925600000","United States","Non Farm Payrolls","Non Farm Payrolls Annual Revision Prel","非农就业人数年度修正初值","3","-79K","","-911K","","","0","1787925640660","","K"
"421027","2026-08-28T14:00:00.000Z","1787925600000","United States","Interest Rate","Fed Chair Warsh Speech","美联储主席Warsh讲话","3","","","","","","0","1787326378280","",""
"398642","2026-08-28T13:45:00.000Z","1787924700000","United States","Chicago PMI","Chicago PMI","芝加哥采购经理人指数","2","47.1","58.3","57.6","","1788134400000","0","1787924764663","",""
"404349","2026-08-28T13:00:00.000Z","1787922000000","Chile","Unemployment Rate","Unemployment Rate","失业率","1","9.5%","9.4%","9.4%","","1785456000000","0","1787922013053","","%"
"407179","2026-08-28T12:30:00.000Z","1787920200000","Canada","GDP Growth Annualized","GDP Growth Rate Annualized","国内生产总值（GDP）年化增长率","3","3.3%","3.4%","0.3%","-0.1%","1782777600000","0","1787920201407","","%"
"408058","2026-08-28T12:30:00.000Z","1787920200000","Canada","GDP Deflator","GDP Implicit Price QoQ","国内生产总值（GDP）隐含价格季环比","1","2.5%","","1.2%","1.1%","1782777600000","0","1787920201157","","%"
"410214","2026-08-28T12:30:00.000Z","1787920200000","Canada","Monthly GDP MoM","GDP MoM","国内生产总值（GDP）环比","2","0.3%","0.2%","0.3%","","1782777600000","0","1787920234450","","%"
"410290","2026-08-28T12:30:00.000Z","1787920200000","Canada","Monthly GDP MoM","GDP MoM Prel","国内生产总值（GDP）环比初值","2","0.0%","","","","1785456000000","0","1787920244593","",""
"412917","2026-08-28T12:30:00.000Z","1787920200000","Canada","GDP Growth Rate","GDP Growth Rate QoQ","国内生产总值（GDP）增长率季环比","3","0.8%","","0.1%","0%","1782777600000","0","1787920201107","","%"
"405953","2026-08-28T12:00:00.000Z","1787918400000","Sri Lanka","Balance of Trade","Balance of Trade","贸易差额","1","$-1018M","","$-829M","","1785456000000","0","1787918293940","$","M"
"410945","2026-08-28T12:00:00.000Z","1787918400000","Brazil","Producer Price Inflation MoM","PPI MoM","生产者价格指数环比","1","-0.83%","","-0.81%","-0.77%","1785456000000","0","1787918532167","","%"
"414547","2026-08-28T12:00:00.000Z","1787918400000","Brazil","Producer Prices Change","PPI YoY","生产者价格指数同比","1","1.94%","","2.47%","2.51%","1785456000000","0","1787920030340","","%"
"396572","2026-08-28T11:30:00.000Z","1787916600000","India","Money Supply M3","M3 Money Supply YoY","M3货币供应量同比","1","14.2%","","14.7%","","1786752000000","0","1787917982767","","%"
"396595","2026-08-28T11:30:00.000Z","1787916600000","India","Loan Growth","Bank Loan Growth YoY","银行贷款增长率同比","1","18.3%","","19.3%","","1786752000000","0","1787916857167","","%"
"396596","2026-08-28T11:30:00.000Z","1787916600000","India","Deposit Growth","Deposit Growth YoY","存款增长率同比","1","14.7%","","15.4%","","1786752000000","0","1787916864523","","%"
"396637","2026-08-28T11:30:00.000Z","1787916600000","India","Foreign Exchange Reserves","Foreign Exchange Reserves","外汇储备","1","$729.33B","","$716.91B","","1787270400000","0","1787916609010","$","B"
"411703","2026-08-28T11:30:00.000Z","1787916600000","Brazil","Loan Growth","Bank Lending MoM","银行贷款环比","1","0.3%","","0.7%","","1785456000000","0","1787916682377","","%"
"403388","2026-08-28T11:15:00.000Z","1787915700000","Spain","Business Confidence","Business Confidence","商业信心指数","2","-3.9","","-2.6","","1788134400000","0","1787915773700","",""
"411016","2026-08-28T11:00:00.000Z","1787914800000","Israel","Leading Economic Index","Composite Economic Index MoM","综合经济指数环比","1","","","","","1785456000000","0","1767583406081","",""
"413949","2026-08-28T11:00:00.000Z","1787914800000","Brazil","IGP-M Inflation MoM","IGP-M Inflation MoM","IGP-M通胀率环比","1","-0.22%","-0.25%","-1.16%","","1788134400000","0","1787914808187","","%"
"417193","2026-08-28T11:00:00.000Z","1787914800000","South Africa","Government Budget Value","Budget Balance","预算差额","1","ZAR-161.58B","","ZAR80.13B","","1785456000000","0","1787915443140","ZAR","B"
"401404","2026-08-28T10:30:00.000Z","1787913000000","India","Industrial Production","Industrial Production YoY","工业生产同比","2","6.7%","6%","8.8%","7.3%","1785456000000","0","1787913517707","","%"
"401532","2026-08-28T10:30:00.000Z","1787913000000","India","Manufacturing Production","Manufacturing Production YoY","制造业生产同比","2","7.3%","","9.5%","7.8%","1785456000000","0","1787913518167","","%"
"404306","2026-08-28T10:00:00.000Z","1787911200000","Latvia","Retail Sales YoY","Retail Sales YoY","零售销售同比","1","7.0%","","5.2%","4.8%","1785456000000","0","1787911554220","","%"
"405202","2026-08-28T10:00:00.000Z","1787911200000","Portugal","Retail Sales MoM","Retail Sales MoM","零售销售环比","1","0.0%","","1.4%","1.7%","1785456000000","0","1787912118173","","%"
"406848","2026-08-28T10:00:00.000Z","1787911200000","Ireland","Retail Sales YoY","Retail Sales YoY","零售销售同比","1","2.2%","","0.9%","0.6%","1785456000000","0","1787911221880","","%"
"408507","2026-08-28T10:00:00.000Z","1787911200000","Serbia","Unemployment Rate","Unemployment Rate","失业率","1","7.2%","","8.9%","","1782777600000","0","1787911229603","","%"
"408573","2026-08-28T10:00:00.000Z","1787911200000","Macau","Unemployment Rate","Unemployment Rate","失业率","1","1.9%","","1.9%","","1785456000000","0","1787911283363","","%"
"411660","2026-08-28T10:00:00.000Z","1787911200000","Ireland","Retail Sales MoM","Retail Sales MoM","零售销售环比","1","1.3%","","0.5%","0.4%","1785456000000","0","1787911214650","","%"
"412129","2026-08-28T10:00:00.000Z","1787911200000","Greece","Loan Growth","Total Credit YoY","信贷总额同比","1","3.4%","","5.0%","","1785456000000","0","1787911236257","","%"
"412608","2026-08-28T10:00:00.000Z","1787911200000","Latvia","Retail Sales MoM","Retail Sales MoM","零售销售环比","1","2.5%","","0.9%","0.6%","1785456000000","0","1787911555183","","%"
"414009","2026-08-28T10:00:00.000Z","1787911200000","Portugal","Retail Sales YoY","Retail Sales YoY","零售销售同比","1","3.0%","","2.7%","3%","1785456000000","0","1787912148533","","%"
"404264","2026-08-28T09:30:00.000Z","1787909400000","Belgium","Inflation Rate","Inflation Rate YoY","通胀率同比","1","3.97%","","3.56%","","1788134400000","0","1787909431573","","%"
"407786","2026-08-28T09:30:00.000Z","1787909400000","Belgium","Inflation Rate Mom","Inflation Rate MoM","通胀率环比","1","0.4%","","0.63%","","1788134400000","0","1787909400700","","%"
"419968","2026-08-28T09:30:00.000Z","1787909400000","Belgium","Harmonised Inflation Rate YoY","Harmonised Inflation Rate YoY Prel","调和通胀率同比初值","1","4.2%","","3.6%","","1788134400000","0","1787909845700","","%"
"417992","2026-08-28T09:10:00.000Z","1787908200000","Italy","Calendar","BTP Auction","BTP国债拍卖","1","","","","","","0","1767369091064","",""
"421033","2026-08-28T09:10:00.000Z","1787908200000","Italy","5 Year Note Yield","5-Year BTP Auction","5年期BTP国债拍卖","1","3.44%","","3.39%","","","0","1787909016183","","%"
"421034","2026-08-28T09:10:00.000Z","1787908200000","Italy","Government Bond 10Y","10-Year BTP Auction","10年期BTP国债拍卖","1","4.10%","","4.00%","","","0","1787909006680","","%"
"400345","2026-08-28T09:00:00.000Z","1787907600000","Euro Area","Consumer Confidence Price Trends","Consumer Inflation Expectations","消费者通胀预期","1","33.0","","30.4","30.3","1788134400000","0","1787907602210","",""
"400412","2026-08-28T09:00:00.000Z","1787907600000","Euro Area","Consumer Confidence","Consumer Confidence Final","消费者信心指数终值","1","-15.5","-15.5","-15.9","","1788134400000","0","1787907602507","",""
"402179","2026-08-28T09:00:00.000Z","1787907600000","Euro Area","Services Sentiment","Services Sentiment","服务业景气度","1","5.8","4.9","5.1","4.7","1788134400000","0","1787907602757","",""
"402464","2026-08-28T09:00:00.000Z","1787907600000","Euro Area","Economic Optimism Index","Economic Sentiment","经济景气度","2","98.4","97.5","97.1","96.9","1788134400000","0","1787907602517","",""
"402693","2026-08-28T09:00:00.000Z","1787907600000","Euro Area","Selling Price Expectations","Selling Price Expectations","销售价格预期","1","16.4","","17.8","17.7","1788134400000","0","1787907602700","",""
"403325","2026-08-28T09:00:00.000Z","1787907600000","Euro Area","Industrial Sentiment","Industrial Sentiment","工业景气度","1","-5.3","-5.2","-6.1","","1788134400000","0","1787907602603","",""
"405737","2026-08-28T09:00:00.000Z","1787907600000","Italy","Consumer Confidence","Consumer Confidence","消费者信心指数","2","94.5","95","94.2","","1788134400000","0","1787907617247","",""
"406388","2026-08-28T09:00:00.000Z","1787907600000","Croatia","Retail Sales YoY","Retail Sales YoY","零售销售同比","1","3.6%","","0.4%","","1785456000000","0","1787907694543","","%"
"409406","2026-08-28T09:00:00.000Z","1787907600000","Croatia","Retail Sales MoM","Retail Sales MoM","零售销售环比","1","1.4%","","1.5%","","1785456000000","0","1787907706003","","%"
"409422","2026-08-28T09:00:00.000Z","1787907600000","Cyprus","Industrial Production","Industrial Production YoY","工业生产同比","1","0.3%","","0.3%","","1782777600000","0","1787908815523","","%"
"410728","2026-08-28T09:00:00.000Z","1787907600000","Montenegro","Balance of Trade","Balance of Trade","贸易差额","1","€-378.5M","","€-396.8M","€-396.5M","1785456000000","0","1787907843840","€","M"
"410756","2026-08-28T09:00:00.000Z","1787907600000","Greece","Producer Prices Change","PPI YoY","生产者价格指数同比","1","11.8%","","8.8%","","1785456000000","0","1787907560870","","%"
"411947","2026-08-28T09:00:00.000Z","1787907600000","Italy","Business Confidence","Business Confidence","商业信心指数","2","89.9","90","89.7","89.6","1788134400000","0","1787907617240","",""
"410774","2026-08-28T08:30:00.000Z","1787905800000","Portugal","Business Confidence","Business Confidence","商业信心指数","1","2.9","","2.8","","1788134400000","0","1787905815600","",""
"412502","2026-08-28T08:30:00.000Z","1787905800000","Slovenia","Retail Sales YoY","Retail Sales YoY","零售销售同比","1","5.2%","","2.7%","2.1%","1785456000000","0","1787906950617","","%"
"412570","2026-08-28T08:30:00.000Z","1787905800000","Portugal","Consumer Confidence","Consumer Confidence","消费者信心指数","1","-20.50","","-22.60","","1788134400000","0","1787905815600","",""
"413026","2026-08-28T08:30:00.000Z","1787905800000","Slovenia","Retail Sales MoM","Retail Sales MoM","零售销售环比","1","1.6%","","-0.6%","-0.2%","1785456000000","0","1787907112097","","%"
"407126","2026-08-28T08:00:00.000Z","1787904000000","Bulgaria","Producer Prices Change","PPI YoY","生产者价格指数同比","1","13.7%","","17.1%","","1785456000000","0","1787904074757","","%"
"410490","2026-08-28T08:00:00.000Z","1787904000000","Italy","Manufacturing Sales","Industrial Sales MoM","工业销售额环比","1","-1%","","0.5%","0.6%","1782777600000","0","1787904104497","","%"
"411156","2026-08-28T08:00:00.000Z","1787904000000","Macau","Balance of Trade","Balance of Trade","贸易差额","1","MOP -10.0B","","MOP -10.9B","","1785456000000","0","1787904073500","MOP","B"
"412311","2026-08-28T08:00:00.000Z","1787904000000","Italy","Manufacturing Sales","Industrial Sales YoY","工业销售额同比","1","3.1%","","5.2%","5.3%","1782777600000","0","1787904224410","","%"
"412900","2026-08-28T08:00:00.000Z","1787904000000","Bulgaria","Business Confidence","Business Confidence","商业信心指数","1","16.3","","17.2","","1788134400000","0","1787904154980","",""
"413310","2026-08-28T08:00:00.000Z","1787904000000","Bulgaria","Producer Price Inflation MoM","PPI MoM","生产者价格指数环比","1","0.4%","","-0.5%","","1785456000000","0","1787904064920","","%"
"400623","2026-08-28T07:55:00.000Z","1787903700000","Germany","Unemployment Change","Unemployment Change","失业人数变动","2","4K","5K","6K","","1788134400000","0","1787903717190","","K"
"400816","2026-08-28T07:55:00.000Z","1787903700000","Germany","Unemployed Persons","Unemployed Persons","失业人数","2","2.996M","","2.993M","","1788134400000","0","1787903717183","","M"
"401455","2026-08-28T07:55:00.000Z","1787903700000","Germany","Unemployment Rate","Unemployment Rate","失业率","2","6.4%","6.4%","6.4%","","1788134400000","0","1787903717143","","%"
"400750","2026-08-28T07:00:00.000Z","1787900400000","Spain","Retail Sales YoY","Retail Sales YoY","零售销售同比","1","-0.3%","","0.6%","0.5%","1785456000000","0","1787900443923","","%"
"401243","2026-08-28T07:00:00.000Z","1787900400000","Spain","Harmonised Inflation Rate YoY","Harmonised Inflation Rate YoY Prel","调和通胀率同比初值","1","4.5%","4.6%","3.9%","","1788134400000","0","1787900400643","","%"
"401528","2026-08-28T07:00:00.000Z","1787900400000","Spain","Core Inflation Rate","Core Inflation Rate YoY Prel","核心通胀率同比初值","1","2.9%","","3%","","1788134400000","0","1787900465160","","%"
"401593","2026-08-28T07:00:00.000Z","1787900400000","Spain","Inflation Rate Mom","Inflation Rate MoM Prel","通胀率环比初值","2","0.7%","0.6%","0.3%","","1788134400000","0","1787900572270","","%"
"402884","2026-08-28T07:00:00.000Z","1787900400000","Spain","Inflation Rate","Inflation Rate YoY Prel","通胀率同比初值","2","4.3%","4.2%","3.6%","","1788134400000","0","1787900400583","","%"
"403095","2026-08-28T07:00:00.000Z","1787900400000","Spain","Harmonised Inflation Rate MoM","Harmonised Inflation Rate MoM Prel","调和通胀率环比初值","1","0.6%","0.8%","0%","","1788134400000","0","1787900471390","","%"
"403354","2026-08-28T07:00:00.000Z","1787900400000","Spain","Retail Sales MoM","Retail Sales MoM","零售销售环比","1","-0.9%","","0.3%","","1785456000000","0","1787900615657","","%"
"403801","2026-08-28T07:00:00.000Z","1787900400000","Czech Republic","GDP Growth Rate","GDP Growth Rate QoQ 2nd Est","国内生产总值（GDP）增长率季环比第二次估值","1","0.4%","0.4%","0.2%","","1782777600000","0","1787900429390","","%"
"403945","2026-08-28T07:00:00.000Z","1787900400000","Austria","Producer Price Inflation MoM","PPI MoM","生产者价格指数环比","1","0.3%","","0.1%","","1785456000000","0","1787900417810","","%"
"404756","2026-08-28T07:00:00.000Z","1787900400000","Turkey","Imports","Imports Final","进口额终值","1","$32.9B","$33.0B","$35.3B","","1785456000000","0","1787900787433","$","B"
"404848","2026-08-28T07:00:00.000Z","1787900400000","Turkey","Economic Optimism Index","Economic Confidence Index","经济信心指数","1","100.6","","99.8","","1788134400000","0","1787900580123","",""
"405859","2026-08-28T07:00:00.000Z","1787900400000","Slovakia","Consumer Confidence","Consumer Confidence","消费者信心指数","1","-28","","-27.4","","1788134400000","0","1787900559217","",""
"405865","2026-08-28T07:00:00.000Z","1787900400000","Turkey","Balance of Trade","Balance of Trade Final","贸易差额终值","2","$-7.34B","$-7.4B","$-10.37B","","1785456000000","0","1787900729433","$","B"
"406027","2026-08-28T07:00:00.000Z","1787900400000","Czech Republic","GDP Annual Growth Rate","GDP Growth Rate YoY 2nd Est","国内生产总值（GDP）增长率同比第二次估值","1","1.9%","2%","2.2%","","1782777600000","0","1787900436193","","%"
"406066","2026-08-28T07:00:00.000Z","1787900400000","Malaysia","Money Supply M3","M3 Money Supply YoY","M3货币供应量同比","1","5.7%","","6.7%","","1785456000000","0","1787901996297","","%"
"410082","2026-08-28T07:00:00.000Z","1787900400000","Austria","Producer Prices Change","PPI YoY","生产者价格指数同比","1","3.3%","","3.1%","","1785456000000","0","1787900417817","","%"
"410239","2026-08-28T07:00:00.000Z","1787900400000","Turkey","Exports","Exports Final","出口额终值","1","$25.6B","$25.6B","$24.9B","","1785456000000","0","1787900761760","$","B"
"414317","2026-08-28T07:00:00.000Z","1787900400000","Switzerland","Business Confidence","KOF Leading Indicators","KOF领先指标","2","106.7","103.3","104.2","103.5","1788134400000","0","1787900400640","",""
"414370","2026-08-28T07:00:00.000Z","1787900400000","Slovakia","Business Confidence","Business Confidence","商业信心指数","1","-15","","2.0","","1788134400000","0","1787900559263","",""
"400125","2026-08-28T06:45:00.000Z","1787899500000","France","Inflation Rate","Inflation Rate YoY Prel","通胀率同比初值","3","2.4%","","2.1%","","1788134400000","0","1787899676080","","%"
"400146","2026-08-28T06:45:00.000Z","1787899500000","France","GDP Growth Rate","GDP Growth Rate QoQ Final","国内生产总值（GDP）增长率季环比终值","1","0%","0.2%","-0.2%","","1782777600000","0","1787901758547","","%"
"400487","2026-08-28T06:45:00.000Z","1787899500000","France","Inflation Rate Mom","Inflation Rate MoM Prel","通胀率环比初值","2","0.7%","0.6%","0.6%","","1788134400000","0","1787899684910","","%"
"400535","2026-08-28T06:45:00.000Z","1787899500000","France","Personal Spending","Household Consumption MoM","家庭消费环比","1","0.5%","0%","0.6%","0.4%","1785456000000","0","1787899565987","","%"
"401197","2026-08-28T06:45:00.000Z","1787899500000","France","Harmonised Inflation Rate YoY","Harmonised Inflation Rate YoY Prel","调和通胀率同比初值","1","2.7%","","2.4%","","1788134400000","0","1787899590260","","%"
"401907","2026-08-28T06:45:00.000Z","1787899500000","France","GDP Annual Growth Rate","GDP Growth Rate YoY Final","国内生产总值（GDP）增长率同比终值","1","0.7%","0.7%","0.8%","","1782777600000","0","1787901541757","","%"
"402440","2026-08-28T06:45:00.000Z","1787899500000","France","Harmonised Inflation Rate MoM","Harmonised Inflation Rate MoM Prel","调和通胀率环比初值","1","0.8%","","0.6%","","1788134400000","0","1787899590383","","%"
"407862","2026-08-28T06:30:00.000Z","1787898600000","Hungary","Unemployment Rate","Unemployment Rate","失业率","1","4.6%","","4.5%","","1785456000000","0","1787898600870","","%"
"413309","2026-08-28T06:30:00.000Z","1787898600000","Hungary","Balance of Trade","Balance of Trade","贸易差额","1","€69M","€1305M","€1173M","€1305M","1785456000000","0","1787898656977","€","M"
"402119","2026-08-28T06:00:00.000Z","1787896800000","Germany","Import Prices MoM","Import Prices MoM","进口价格环比","1","0.2%","0.2%","-0.7%","","1785456000000","0","1787896805083","","%"
"402751","2026-08-28T06:00:00.000Z","1787896800000","Germany","Import Prices YoY","Import Prices YoY","进口价格同比","1","6.8%","","6.1%","","1785456000000","0","1787896805147","","%"
"404240","2026-08-28T06:00:00.000Z","1787896800000","Sweden","Inflation Expectations","Consumer Inflation Expectations","消费者通胀预期","1","6.8%","","6.9%","5.7%","1788134400000","0","1787898800893","","%"
"404977","2026-08-28T06:00:00.000Z","1787896800000","Sweden","GDP Growth Rate","GDP Growth Rate QoQ Final","国内生产总值（GDP）增长率季环比终值","1","1.6%","1.4%","-0.1%","-0.2%","1782777600000","0","1787896938603","","%"
"405353","2026-08-28T06:00:00.000Z","1787896800000","Sweden","Leading Economic Index","Economic Tendency Indicator","经济趋势指标","1","105.1","","104.6","104.7","1788134400000","0","1787898486330","",""
"405915","2026-08-28T06:00:00.000Z","1787896800000","Sweden","Consumer Confidence","Consumer Confidence","消费者信心指数","1","98","","97.2","97.1","1788134400000","0","1787898323547","",""
"407241","2026-08-28T06:00:00.000Z","1787896800000","Sweden","Business Confidence","Business Confidence","商业信心指数","1","107.4","","106.4","106.3","1788134400000","0","1787898669787","",""
"408648","2026-08-28T06:00:00.000Z","1787896800000","Sweden","Retail Sales YoY","Retail Sales YoY","零售销售同比","1","6.2%","","7.7%","6.6%","1785456000000","0","1787896810113","","%"
"408906","2026-08-28T06:00:00.000Z","1787896800000","Sweden","GDP Annual Growth Rate","GDP Growth Rate YoY Final","国内生产总值（GDP）增长率同比终值","1","3.3%","2.5%","2%","","1782777600000","0","1787896873397","","%"
"409759","2026-08-28T06:00:00.000Z","1787896800000","Norway","Registered Jobless Rate","Registered Jobless Rate","登记失业率","1","2.1%","2.1%","2.1%","","1788134400000","0","1787896805360","","%"
"410814","2026-08-28T06:00:00.000Z","1787896800000","Norway","Retail Sales MoM","Retail Sales MoM","零售销售环比","1","-0.7%","","1.6%","1.8%","1785456000000","0","1787897193997","","%"
"412576","2026-08-28T06:00:00.000Z","1787896800000","Sweden","Retail Sales MoM","Retail Sales MoM","零售销售环比","1","-0.2%","","1.4%","1%","1785456000000","0","1787896937000","","%"
"413807","2026-08-28T06:00:00.000Z","1787896800000","Norway","Unemployed Persons","Unemployed Persons","失业人数","1","62.2K","","62.1K","","1788134400000","0","1787897482867","","K"
"411321","2026-08-28T05:00:00.000Z","1787893200000","Finland","GDP Annual Growth Rate","GDP Growth Rate YoY Final","国内生产总值（GDP）增长率同比终值","1","1.6%","","1.2%","1.1%","1782777600000","0","1787893659270","","%"
"412039","2026-08-28T05:00:00.000Z","1787893200000","Finland","GDP Growth Rate","GDP Growth Rate QoQ Final","国内生产总值（GDP）增长率季环比终值","1","0.4%","0.9%","0.8%","0.9%","1782777600000","0","1787893463007","","%"
"413543","2026-08-28T05:00:00.000Z","1787893200000","Finland","Monthly GDP YoY","GDP YoY","国内生产总值（GDP）同比","1","1.4%","","1.8%","","1785456000000","0","1787893397787","","%"
"405699","2026-08-28T04:30:00.000Z","1787891400000","Netherlands","Business Confidence","Business Confidence","商业信心指数","1","3.7","","2.4","","1788134400000","0","1787891400580","",""
"409268","2026-08-28T04:00:00.000Z","1787889600000","Malaysia","Producer Prices Change","PPI YoY","生产者价格指数同比","1","9.7%","","9.2%","","1785456000000","0","1787889646933","","%"
"396636","2026-08-28T03:35:00.000Z","1787888100000","Japan","3 Month Bill Yield","3-Month Bill Auction","3个月期国库券拍卖","1","1.0794%","","1.0816%","","","0","1787887850957","","%"
"420282","2026-08-28T03:35:00.000Z","1787888100000","Japan","2 Year Note Yield","2-Year JGB Auction","2年期日本国债（JGB）拍卖","1","1.708%","","1.483%","","","0","1787888142290","","%"
"409505","2026-08-28T03:30:00.000Z","1787887800000","Singapore","Producer Prices Change","PPI YoY","生产者价格指数同比","1","33.4%","","29.8%","30.3%","1785456000000","0","1787888107940","","%"
"411788","2026-08-28T03:30:00.000Z","1787887800000","Singapore","Export Prices YoY","Export Prices YoY","出口价格同比","1","13.1%","","12.6%","12.7%","1785456000000","0","1787887961710","","%"
"412981","2026-08-28T03:30:00.000Z","1787887800000","Singapore","Import Prices YoY","Import Prices YoY","进口价格同比","1","13.5%","","13.1%","13.6%","1785456000000","0","1787887936660","","%"
"405722","2026-08-28T01:00:00.000Z","1787878800000","Philippines","Balance of Trade","Balance of Trade","贸易差额","1","$-5.973B","","$-5.497B","$-4.939B","1785456000000","0","1787879067477","$","B"
"410306","2026-08-28T01:00:00.000Z","1787878800000","Philippines","Exports YoY","Exports YoY","出口额同比","1","10.8%","","25%","24.1%","1785456000000","0","1787879301067","","%"
"411967","2026-08-28T01:00:00.000Z","1787878800000","Philippines","Imports YoY","Imports YoY","进口额同比","1","19.8%","","25%","19.6%","1785456000000","0","1787879352637","","%"
"412255","2026-08-28T01:00:00.000Z","1787878800000","Philippines","Producer Prices Change","PPI YoY","生产者价格指数同比","1","3%","","3%","","1785456000000","0","1787879182737","","%"
"416360","2026-08-28T00:00:00.000Z","1787875200000","Georgia","Holidays","Saint Mary’s Day","圣母玛利亚节","1","","","","","","0","1764785115004","",""
"416361","2026-08-28T00:00:00.000Z","1787875200000","Nepal","Holidays","Janai Purnima","圣线满月节（Janai Purnima）","1","","","","","","0","1764785115403","",""
"420955","2026-08-28T00:00:00.000Z","1787875200000","United States","Interest Rate","Jackson Hole Symposium","杰克逊霍尔研讨会","2","","","","","","1","1785498777032","",""
"421012","2026-08-28T00:00:00.000Z","1787875200000","China","Calendar","National People's Congress","全国人民代表大会","2","","","","","","1","1787040313677","",""
"400968","2026-08-27T23:30:00.000Z","1787873400000","Japan","Tokyo Cpi","Tokyo CPI YoY","东京消费者价格指数同比","1","1.9%","","1.8%","2%","1788134400000","0","1787873415777","","%"
"401134","2026-08-27T23:30:00.000Z","1787873400000","Japan","Tokyo Core CPI","Tokyo Core CPI YoY","东京核心消费者价格指数同比","1","1.8%","1.7%","1.7%","1.9%","1788134400000","0","1787873403287","","%"
"402676","2026-08-27T23:30:00.000Z","1787873400000","Japan","Unemployment Rate","Unemployment Rate","失业率","2","2.4%","2.5%","2.5%","","1785456000000","0","1787873409337","","%"
"403017","2026-08-27T23:30:00.000Z","1787873400000","Japan","Tokyo CPI Ex Food and Energy","Tokyo CPI Ex Food and Energy YoY","东京扣除食品和能源的消费者价格指数同比","1","2.0%","","1.8%","2%","1788134400000","0","1787873625473","","%"
"403661","2026-08-27T23:30:00.000Z","1787873400000","Japan","Jobs To Applications Ratio","Jobs/applications ratio","职位空缺与求职人数比率","1","1.18","1.19","1.18","","1785456000000","0","1787873400570","",""
"412990","2026-08-27T23:01:00.000Z","1787871660000","Ireland","Consumer Confidence","Consumer Confidence","消费者信心指数","1","63.2","","61.6","","1788134400000","0","1787872597270","",""
"397779","2026-08-27T20:30:00.000Z","1787862600000","United States","Central Bank Balance Sheet","Fed Balance Sheet","美联储资产负债表","1","$6.731T","","$6.746T","","1787702400000","0","1787862965463","$","T"
"409872","2026-08-27T18:20:00.000Z","1787854800000","Uruguay","Unemployment Rate","Unemployment Rate","失业率","1","7.0%","","7.0%","","1785456000000","0","1787855092030","","%"
"420069","2026-08-27T17:00:00.000Z","1787850000000","United States","7 Year Note Yield","7-Year Note Auction","7年期国债拍卖","1","4.512%","","4.473%","","","0","1787850183163","","%"
"396634","2026-08-27T16:00:00.000Z","1787846400000","United States","15 Year Mortgage Rate","15-Year Mortgage Rate","15年期抵押贷款利率","1","5.98%","","5.95%","","1787788800000","0","1787846482983","","%"
"396635","2026-08-27T16:00:00.000Z","1787846400000","United States","30 Year Mortgage Rate","30-Year Mortgage Rate","30年期抵押贷款利率","1","6.66%","","6.65%","","1787788800000","0","1787846476367","","%"
"396632","2026-08-27T15:30:00.000Z","1787844600000","United States","8 Week Bill Yield","8-Week Bill Auction","8周期国库券拍卖","1","3.670%","","3.655%","","","0","1787844894267","","%"
"396633","2026-08-27T15:30:00.000Z","1787844600000","United States","4 Week Bill Yield","4-Week Bill Auction","4周期国库券拍卖","1","3.650%","","3.640%","","","0","1787844885567","","%"
"398784","2026-08-27T15:00:00.000Z","1787842800000","United States","Kansas Fed Manufacturing Index","Kansas Fed Manufacturing Index","堪萨斯联储制造业指数","1","17","","17","","1788134400000","0","1787842878160","",""
"399216","2026-08-27T15:00:00.000Z","1787842800000","United States","Kansas Fed Composite Index","Kansas Fed Composite Index","堪萨斯联储综合指数","1","10","","9","","1788134400000","0","1787842856340","",""
"414885","2026-08-27T15:00:00.000Z","1787842800000","Colombia","Business Confidence","Business Confidence","商业信心指数","1","6.1%","","-0.1%","","1785456000000","0","1787843112847","","%"
"396631","2026-08-27T14:30:00.000Z","1787841000000","United States","Natural Gas Stocks Change","EIA Natural Gas Stocks Change","EIA天然气库存变动","1","15Bcf","20Bcf","16Bcf","","1787270400000","0","1787841001917","","Bcf"
"396628","2026-08-27T12:30:00.000Z","1787833800000","United States","Continuing Jobless Claims","Continuing Jobless Claims","续请失业金人数","1","1778K","1790K","1796K","1799K","1786752000000","0","1787833801967","","K"
"396629","2026-08-27T12:30:00.000Z","1787833800000","United States","Jobless Claims 4-week Average","Jobless Claims 4-week Average","初请失业金人数四周平均值","1","205.5K","","204.25K","204K","1787356800000","0","1787833801967","","K"
"396630","2026-08-27T12:30:00.000Z","1787833800000","United States","Initial Jobless Claims","Initial Jobless Claims","初请失业金人数","2","203K","208K","207K","206K","1787356800000","0","1787833801717","","K"
"398045","2026-08-27T12:30:00.000Z","1787833800000","United States","Goods Trade Balance","Goods Trade Balance Adv","货物贸易差额先行值","2","$-118.8B","$-99B","$-101.41B","$-101.4B","1785456000000","0","1787833800743","$","B"
"398300","2026-08-27T12:30:00.000Z","1787833800000","United States","Wholesale Inventories","Wholesale Inventories MoM Adv","批发库存环比先行值","2","1.3%","0.1%","0.3%","0.2%","1785456000000","0","1787833855533","","%"
"398567","2026-08-27T12:30:00.000Z","1787833800000","United States","Retail Inventories Ex Autos","Retail Inventories Ex Autos MoM Adv","扣除汽车的零售库存环比先行值","2","0.7%","","-0.5%","-0.4%","1785456000000","0","1787833808233","","%"
"406696","2026-08-27T12:30:00.000Z","1787833800000","Canada","Wage Growth","Average Weekly Earnings YoY","平均周薪同比","1","3.4%","","3.3%","3.4%","1782777600000","0","1787833911860","","%"
"413630","2026-08-27T12:30:00.000Z","1787833800000","Canada","Current Account","Current Account","经常账户差额","2","C$8.8B","C$-2B","C$-8.3B","C$-7.2B","1782777600000","0","1787833808393","C$","B"
"407982","2026-08-27T12:00:00.000Z","1787832000000","Mexico","Unemployment Rate","Unemployment Rate","失业率","1","2.9%","3%","2.9%","","1785456000000","0","1787832003097","","%"
"409803","2026-08-27T12:00:00.000Z","1787832000000","Brazil","Unemployment Rate","Unemployment Rate","失业率","2","5.3%","5.3%","5.4%","","1785456000000","0","1787832003053","","%"
"414333","2026-08-27T12:00:00.000Z","1787832000000","Mexico","Balance of Trade","Balance of Trade","贸易差额","2","$-0.848B","","$4.06B","$4.09B","1785456000000","0","1787832550610","$","B"
"396627","2026-08-27T11:30:00.000Z","1787830200000","Turkey","Foreign Exchange Reserves","Foreign Exchange Reserves","外汇储备","1","$74.228B","","$75.166B","","1787270400000","0","1787830243620","$","B"
"407715","2026-08-27T11:30:00.000Z","1787830200000","Brazil","Foreign Direct Investment","Foreign Direct Investment","外国直接投资","1","$7.46B","$7.9B","$9.07B","","1785456000000","0","1787830277970","$","B"
"414611","2026-08-27T11:30:00.000Z","1787830200000","Brazil","Current Account","Current Account","经常账户差额","1","$-8.11B","$-6.6B","$-2.69B","$-2.33B","1785456000000","0","1787830454430","$","B"
"421014","2026-08-27T11:30:00.000Z","1787830200000","Euro Area","Interest Rate","ECB Monetary Policy Meeting Accounts","欧洲央行（ECB）货币政策会议纪要","2","","","","","","0","1787227392223","",""
"419101","2026-08-27T10:20:00.000Z","1787826000000","Finland","Calendar","2032 RFGB ORI Auction","2032年到期RFGB ORI国债拍卖","1","","","","","","1","1787825186907","",""
"421041","2026-08-27T10:20:00.000Z","1787826000000","Finland","Calendar","2040 RFGB ORI Auction","2040年到期RFGB ORI国债拍卖","1","","","","","","1","1787825201177","",""
"416902","2026-08-27T10:15:00.000Z","1787825700000","Botswana","Interest Rate","Interest Rate Decision","利率决议","1","5.5%","","5.5%","","1787788800000","0","1787825776437","","%"
"401511","2026-08-27T10:00:00.000Z","1787824800000","France","Initial Jobless Claims","Unemployment Benefit Claims","失业救济申请人数","2","21.5K","","5.9K","","1785456000000","0","1787824877917","","K"
"402470","2026-08-27T10:00:00.000Z","1787824800000","France","Unemployed Persons","Jobseekers Total","求职者总数","1","3143K","","3121.5K","","1785456000000","0","1787824866893","","K"
"404072","2026-08-27T10:00:00.000Z","1787824800000","Israel","Manufacturing Production MoM","Manufacturing Production MoM","制造业生产环比","1","-0.5%","","-5.3%","-6.2%","1782777600000","0","1787824800550","","%"
"408171","2026-08-27T10:00:00.000Z","1787824800000","Macedonia","Producer Prices Change","PPI YoY","生产者价格指数同比","1","6.5%","","6.2%","","1785456000000","0","1787824932143","","%"
"394397","2026-08-27T09:30:00.000Z","1787823000000","Rwanda","Interest Rate","Interest Rate Decision","利率决议","1","8.75%","","8.25%","","1787788800000","0","1787823148313","","%"
"407537","2026-08-27T09:30:00.000Z","1787823000000","South Africa","Producer Prices Change","PPI YoY","生产者价格指数同比","1","5.7%","6.1%","7.5%","","1785456000000","0","1787823006410","","%"
"413911","2026-08-27T09:30:00.000Z","1787823000000","South Africa","Producer Price Inflation MoM","PPI MoM","生产者价格指数环比","1","-1%","","-0.1%","","1785456000000","0","1787823011910","","%"
"418545","2026-08-27T09:30:00.000Z","1787823000000","Hungary","Calendar","12-Month DTB Auction","12个月期DTB国库券拍卖","1","5.15%","","5.22%","","","0","1787823080630","","%"
"418653","2026-08-27T09:30:00.000Z","1787823000000","Hungary","Calendar","15-Year Bond Auction","15年期国债拍卖","1","5.60%","","5.11%","","","0","1787823407450","","%"
"421040","2026-08-27T09:30:00.000Z","1787823000000","Hungary","Government Bond 10Y","10-Year Bond Auction","10年期国债拍卖","1","5.49%","","5.48%","","","0","1787823451817","","%"
"412296","2026-08-27T09:15:00.000Z","1787822100000","Sao Tome and Principe","Inflation Rate","Inflation Rate YoY","通胀率同比","1","","","","","1785456000000","0","1764778459733","",""
"417948","2026-08-27T09:10:00.000Z","1787821800000","Italy","6 Month Bill Yield","6-Month BOT Auction","6个月期BOT国库券拍卖","1","2.472%","","2.567%","","","0","1787823389173","","%"
"406351","2026-08-27T09:00:00.000Z","1787821200000","Iceland","Inflation Rate","Inflation Rate YoY","通胀率同比","1","5.6%","","5.3%","","1788134400000","0","1787821268773","","%"
"409925","2026-08-27T09:00:00.000Z","1787821200000","Iceland","Inflation Rate Mom","Inflation Rate MoM","通胀率环比","1","0.2%","","0.4%","","1788134400000","0","1787821210880","","%"
"411001","2026-08-27T09:00:00.000Z","1787821200000","Croatia","GDP Annual Growth Rate","GDP Growth Rate YoY","国内生产总值（GDP）增长率同比","1","1.7%","","2.3%","2.2%","1782777600000","0","1787821328360","","%"
"413229","2026-08-27T09:00:00.000Z","1787821200000","Montenegro","Tourist Arrivals","Tourist Arrivals YoY","入境游客人数同比","1","4.4%","","5.8%","","1785456000000","0","1787821322823","","%"
"413351","2026-08-27T09:00:00.000Z","1787821200000","Malta","GDP Annual Growth Rate","GDP Growth Rate YoY","国内生产总值（GDP）增长率同比","1","4.5%","","4.2%","3.9%","1782777600000","0","1787821291683","","%"
"413586","2026-08-27T08:30:00.000Z","1787819400000","Bahrain","Inflation Rate","Inflation Rate YoY","通胀率同比","1","3.0%","","2.3%","","1785456000000","0","1787820611437","","%"
"406139","2026-08-27T08:05:00.000Z","1787817900000","Zambia","Inflation Rate Mom","Inflation Rate MoM","通胀率环比","1","0.2%","","0.2%","","1788134400000","0","1787818143083","","%"
"409401","2026-08-27T08:05:00.000Z","1787817900000","Zambia","Inflation Rate","Inflation Rate YoY","通胀率同比","1","6.2%","","6.5%","","1788134400000","0","1787818082360","","%"
"400871","2026-08-27T08:00:00.000Z","1787817600000","Euro Area","Loans to Private Sector","Loans to Companies YoY","企业贷款同比","1","4.4%","","4%","","1785456000000","0","1787817602923","","%"
"401223","2026-08-27T08:00:00.000Z","1787817600000","Euro Area","Loan Growth","Loans to Households YoY","家庭贷款同比","1","3.1%","2.9%","3%","","1785456000000","0","1787817632217","","%"
"403382","2026-08-27T08:00:00.000Z","1787817600000","Euro Area","Money Supply M3","M3 Money Supply YoY","M3货币供应量同比","1","3.4%","3.4%","3.3%","","1785456000000","0","1787817602873","","%"
"406578","2026-08-27T08:00:00.000Z","1787817600000","Mozambique","GDP Annual Growth Rate","GDP Growth Rate YoY","国内生产总值（GDP）增长率同比","1","1.7%","","0.1%","","1782777600000","0","1787817808390","","%"
"408021","2026-08-27T08:00:00.000Z","1787817600000","Austria","Manufacturing PMI","UniCredit Bank Manufacturing PMI","裕信银行（UniCredit Bank）制造业采购经理人指数","1","54.4","","51.5","","1788134400000","","1787817601160","",""
"410089","2026-08-27T08:00:00.000Z","1787817600000","Bulgaria","Tourist Arrivals","Tourist Arrivals YoY","入境游客人数同比","1","-1.2%","","-0.2%","","1785456000000","0","1787817670260","","%"
"406627","2026-08-27T07:00:00.000Z","1787814000000","Thailand","Industrial Production","Industrial Production YoY","工业生产同比","1","0.46%","-1%","-2.38%","-3.1%","1785456000000","0","1787814409897","","%"
"401344","2026-08-27T06:45:00.000Z","1787813100000","France","Producer Price Inflation MoM","PPI MoM","生产者价格指数环比","1","1.1%","","-0.4%","-0.6%","1785456000000","0","1787813100350","","%"
"401902","2026-08-27T06:45:00.000Z","1787813100000","France","Producer Prices Change","PPI YoY","生产者价格指数同比","1","3.4%","","2.8%","2.6%","1785456000000","0","1787813100600","","%"
"404034","2026-08-27T06:30:00.000Z","1787812200000","Hungary","Wage Growth","Gross Wage YoY","税前工资同比","1","7.1%","","8.7%","","1782777600000","0","1787812200450","","%"
"404239","2026-08-27T06:30:00.000Z","1787812200000","Switzerland","Non Farm Payrolls","Non Farm Payrolls","非农就业人数","1","5.698M","","5.650M","5.537M","1782777600000","0","1787819384950","","M"
"417300","2026-08-27T06:30:00.000Z","1787812200000","Philippines","Interest Rate","Interest Rate Decision","利率决议","2","5%","5%","4.75%","","1787788800000","0","1787812255607","","%"
"418727","2026-08-27T06:30:00.000Z","1787812200000","Philippines","Government Budget Value","Budget Balance","预算差额","1","PHP-106.3B","","PHP-264.3B","","1785456000000","0","1787812719510","PHP","B"
"403004","2026-08-27T06:00:00.000Z","1787810400000","Germany","Consumer Confidence","GfK Consumer Confidence","GfK消费者信心指数","3","-26.6","-29.6","-29.4","-29.6","1790726400000","0","1787810400637","",""
"403952","2026-08-27T06:00:00.000Z","1787810400000","Norway","GDP Growth Non Oil Sector","GDP Growth Mainland QoQ","本土国内生产总值（GDP）增长率季环比","1","0.3%","0.4%","0.2%","","1782777600000","0","1787812056503","","%"
"404845","2026-08-27T06:00:00.000Z","1787810400000","Lithuania","Industrial Production","Industrial Production YoY","工业生产同比","1","3.3%","","9.9%","9.8%","1785456000000","0","1787810547837","","%"
"406452","2026-08-27T06:00:00.000Z","1787810400000","Lithuania","Industrial Production Mom","Industrial Production MoM","工业生产环比","1","-2.4%","","1.8%","2.1%","1785456000000","0","1787810537750","","%"
"407509","2026-08-27T06:00:00.000Z","1787810400000","Norway","GDP Annual Growth Rate","GDP Growth Rate YoY","国内生产总值（GDP）增长率同比","1","2.0%","","1.6%","1.7%","1782777600000","0","1787810482467","","%"
"409374","2026-08-27T06:00:00.000Z","1787810400000","Sweden","Balance of Trade","Balance of Trade","贸易差额","1","SEK1.2B","","SEK2.5B","SEK2.6B","1785456000000","0","1787810405093","SEK","B"
"413086","2026-08-27T06:00:00.000Z","1787810400000","Norway","GDP Growth Rate","GDP Growth Rate QoQ","国内生产总值（GDP）增长率季环比","1","0.7%","","0.4%","","1782777600000","0","1787810408027","","%"
"414036","2026-08-27T06:00:00.000Z","1787810400000","Sweden","Loan Growth","Household Lending Growth YoY","家庭贷款增长率同比","1","3.3%","","3.2%","","1785456000000","0","1787810505170","","%"
"414930","2026-08-27T06:00:00.000Z","1787810400000","Lithuania","Retail Sales YoY","Retail Sales YoY","零售销售同比","1","6.0%","","6.4%","5.8%","1785456000000","0","1787810880650","","%"
"406220","2026-08-27T05:00:00.000Z","1787806800000","Estonia","Retail Sales YoY","Retail Sales YoY","零售销售同比","1","4.1%","","0.8%","","1785456000000","0","1787807506410","","%"
"410101","2026-08-27T05:00:00.000Z","1787806800000","Finland","Business Confidence","Business Confidence","商业信心指数","1","6","","7","","1788134400000","0","1787806799303","",""
"410328","2026-08-27T05:00:00.000Z","1787806800000","Finland","Consumer Confidence","Consumer Confidence","消费者信心指数","1","-3.0","","-5.3","","1788134400000","0","1787806816333","",""
"413518","2026-08-27T05:00:00.000Z","1787806800000","Estonia","Retail Sales MoM","Retail Sales MoM","零售销售环比","1","2.8%","","1.9%","","1785456000000","0","1787807494330","","%"
"418432","2026-08-27T05:00:00.000Z","1787806800000","Singapore","6 Month Bill Yield","6-Month T-Bill Auction","6个月期国库券拍卖","1","1.6%","","1.56%","","","0","1787806928697","","%"
"418442","2026-08-27T05:00:00.000Z","1787806800000","Singapore","Government Bond 10Y","10-Year Bond Auction","10年期国债拍卖","1","2.3%","","2.09%","","","0","1787806895350","","%"
"420951","2026-08-27T03:35:00.000Z","1787801700000","Japan","Calendar","BoJ JGB Purchase","日本央行（BoJ）购买日本国债（JGB）","1","","","","","","0","1785484969027","",""
"404473","2026-08-27T03:30:00.000Z","1787801400000","Thailand","Balance of Trade","Balance of Trade","贸易差额","1","$-3.61B","$-5.4B","$-6.53B","","1785456000000","0","1787801548703","$","B"
"408188","2026-08-27T03:30:00.000Z","1787801400000","Thailand","Exports YoY","Exports YoY","出口额同比","1","21.6%","17.8%","20.8%","","1785456000000","0","1787801560463","","%"
"409829","2026-08-27T03:30:00.000Z","1787801400000","Thailand","Imports YoY","Imports YoY","进口额同比","1","36.7%","42.2%","50.3%","","1785456000000","0","1787801571560","","%"
"405535","2026-08-27T02:00:00.000Z","1787796000000","Taiwan","Consumer Confidence","Consumer Confidence","消费者信心指数","1","65.01","","64.58","","1788134400000","0","1787796103553","",""
"400921","2026-08-27T01:30:00.000Z","1787794200000","Australia","Household Spending","Household Spending YoY","家庭支出同比","1","7.0%","","6.1%","6.0%","1785456000000","0","1787794270197","","%"
"401899","2026-08-27T01:30:00.000Z","1787794200000","Australia","Building Capital Expenditure","Building Capital Expenditure QoQ","建筑资本支出季环比","1","2.1%","","-3.3%","-3.8%","1782777600000","0","1787794299263","","%"
"402134","2026-08-27T01:30:00.000Z","1787794200000","Australia","Private Investment","Private Capital Expenditure QoQ","私人资本支出季环比","1","-3.6%","0%","6.9%","6.5%","1782777600000","0","1787794355687","","%"
"402427","2026-08-27T01:30:00.000Z","1787794200000","Australia","Household Spending MoM","Household Spending MoM","家庭支出环比","1","1.1%","0.4%","1.0%","0.8%","1785456000000","0","1787794253283","","%"
"402618","2026-08-27T01:30:00.000Z","1787794200000","Australia","Plant Machinery Capital Expenditure","Plant Machinery Capital Expenditure QoQ","厂房及机械资本支出季环比","1","-8.9%","","18.4%","18.1%","1782777600000","0","1787794599150","","%"
"403567","2026-08-27T01:30:00.000Z","1787794200000","China","Corporate Profits","Industrial Profits (YTD) YoY","工业利润年初至今累计同比","1","17.6%","","18.7%","","1785456000000","0","1787794218930","","%"
"420983","2026-08-27T01:30:00.000Z","1787794200000","Australia","Interest Rate","RBA Bulletin","澳大利亚储备银行（RBA）公报","2","","","","","","0","1786096750064","",""
"420990","2026-08-27T01:30:00.000Z","1787794200000","Japan","Interest Rate","BoJ Himino Speech","日本央行（BoJ）Himino讲话","2","","","","","","0","1786461949013","",""
"417124","2026-08-27T01:00:00.000Z","1787792400000","South Korea","Interest Rate","Interest Rate Decision","利率决议","2","3%","3%","2.75%","","1787788800000","0","1787791803540","","%"
"394032","2026-08-27T00:00:00.000Z","1787788800000","Australia","Interest Rate","RBA Payments System Board Meeting","澳大利亚储备银行（RBA）支付系统委员会会议","1","","","","","","1","1761318314403","",""
"416358","2026-08-27T00:00:00.000Z","1787788800000","Moldova","Holidays","Independence Day","独立日","1","","","","","","0","1764785115397","",""
"416359","2026-08-27T00:00:00.000Z","1787788800000","Sri Lanka","Holidays","Nikini Full Moon Poya Day","尼基尼月满月佛教节","1","","","","","","0","1764785115004","",""
"420954","2026-08-27T00:00:00.000Z","1787788800000","United States","Interest Rate","Jackson Hole Symposium","杰克逊霍尔研讨会","2","","","","","","1","1785498772373","",""
"421011","2026-08-27T00:00:00.000Z","1787788800000","China","Calendar","National People's Congress","全国人民代表大会","2","","","","","","1","1787040310477","",""
"396625","2026-08-26T23:50:00.000Z","1787788200000","Japan","Foreign Bond Investment","Foreign Bond Investment","外国债券投资","1","¥-1978.4B","","¥1137.3B","¥1135.1B","1787356800000","0","1787788201590","¥","B"
"396626","2026-08-26T23:50:00.000Z","1787788200000","Japan","Foreign Stock Investment","Stock Investment by Foreigners","外国投资者股票投资","1","¥-764.1B","","¥622.4B","¥621.2B","1787356800000","0","1787788201600","¥","B"
"412069","2026-08-26T23:30:00.000Z","1787787000000","Bahrain","GDP Annual Growth Rate","GDP Growth Rate YoY","国内生产总值（GDP）增长率同比","1","-3.8%","","4.6%","","1774915200000","0","1787786777953","","%"
"399690","2026-08-26T23:01:00.000Z","1787785260000","United Kingdom","Car Production","Car Production YoY","汽车产量同比","1","-10.6%","","-1.2%","","1785456000000","0","1787786869490","","%"
"420066","2026-08-26T17:00:00.000Z","1787763600000","United States","5 Year Note Yield","5-Year Note Auction","5年期国债拍卖","1","4.393%","","4.408%","","","0","1787763777037","","%"
"420991","2026-08-26T16:15:00.000Z","1787760900000","Switzerland","Interest Rate","SNB Martin Speech","瑞士国家银行（SNB）Martin讲话","2","","","","","","0","1786462072543","",""
"410209","2026-08-26T16:00:00.000Z","1787760000000","Russia","Industrial Production","Industrial Production YoY","工业生产同比","1","0.4%","0.7%","0.7%","0.6%","1785456000000","0","1787760000690","","%"
"420646","2026-08-26T16:00:00.000Z","1787760000000","Canada","Government Bond 10Y","10-Year Bond Auction","10年期国债拍卖","1","3.707%","","3.653%","","","0","1787760146047","","%"
"421024","2026-08-26T15:45:00.000Z","1787759100000","United States","Interest Rate","Fed Barkin Speech","美联储Barkin讲话","2","","","","","","0","1787236879447","",""
"420059","2026-08-26T15:30:00.000Z","1787758200000","United States","Calendar","2-Year FRN Auction","2年期浮动利率国债（FRN）拍卖","1","0.055%","","0.050%","","","0","1787759452193","","%"
"420107","2026-08-26T15:30:00.000Z","1787758200000","United States","17 Week Bill Yield","17-Week Bill Auction","17周期国库券拍卖","1","3.750%","","3.750%","","","0","1787758534190","","%"
"396616","2026-08-26T14:30:00.000Z","1787754600000","United States","Crude Oil Stocks Change","EIA Crude Oil Stocks Change","EIA原油库存变动","2","0.095M","0.6M","4.405M","","1787270400000","0","1787754602380","","M"
"396617","2026-08-26T14:30:00.000Z","1787754600000","United States","Gasoline Production","EIA Gasoline Production Change","EIA汽油产量变动","1","0.061M","","0.143M","","1787270400000","0","1787754602320","","M"
"396618","2026-08-26T14:30:00.000Z","1787754600000","United States","Distillate Fuel Production","EIA Distillate Fuel Production Change","EIA馏分燃料产量变动","1","-0.091M","","-0.054M","","1787270400000","0","1787754602040","","M"
"396619","2026-08-26T14:30:00.000Z","1787754600000","United States","Refinery Crude Runs","EIA Refinery Crude Runs Change","EIA炼厂原油加工量变动","1","-0.002M","","0.216M","","1787270400000","0","1787754602013","","M"
"396620","2026-08-26T14:30:00.000Z","1787754600000","United States","Gasoline Stocks Change","EIA Gasoline Stocks Change","EIA汽油库存变动","2","-2.536M","-0.7M","0.688M","","1787270400000","0","1787754602660","","M"
"396621","2026-08-26T14:30:00.000Z","1787754600000","United States","Cushing Crude Oil Stocks","EIA Cushing Crude Oil Stocks Change","EIA库欣原油库存变动","1","1.176M","","-1.314M","","1787270400000","0","1787754602400","","M"
"396622","2026-08-26T14:30:00.000Z","1787754600000","United States","Distillate Stocks","EIA Distillate Stocks Change","EIA馏分油库存变动","1","-2.228M","-1.6M","-1.53M","","1787270400000","0","1787754602750","","M"
"396623","2026-08-26T14:30:00.000Z","1787754600000","United States","Heating Oil Stocks","EIA Heating Oil Stocks Change","EIA取暖油库存变动","1","0.027M","","-0.537M","","1787270400000","0","1787754602640","","M"
"396624","2026-08-26T14:30:00.000Z","1787754600000","United States","Crude Oil Imports","EIA Crude Oil Imports Change","EIA原油进口量变动","1","-0.161M","","-1.754M","","1787270400000","0","1787754602660","","M"
"421221","2026-08-26T13:20:00.000Z","1787750400000","United States","Calendar","NY Fed Bill Purchases 4 to 12 months","纽约联储购买4至12个月期国库券","1","","$2.122 billion","","","","0","1788535714543","",""
"397987","2026-08-26T12:30:00.000Z","1787747400000","United States","Personal Spending","Personal Spending MoM","个人支出环比","3","0.2%","0.1%","0.3%","","1785456000000","0","1787747408597","","%"
"398078","2026-08-26T12:30:00.000Z","1787747400000","United States","Durable Goods Orders Ex Defense","Durable Goods Orders ex Defense MoM","扣除国防的耐用品订单环比","1","1.3%","","0.3%","0.5%","1785456000000","0","1787749214817","","%"
"398172","2026-08-26T12:30:00.000Z","1787747400000","United States","Corporate Profits","Corporate Profits QoQ Prel","企业利润季环比初值","2","8.2%","","0.5%","","1782777600000","0","1787747409450","","%"
"398292","2026-08-26T12:30:00.000Z","1787747400000","United States","PCE Prices QoQ","PCE Prices QoQ 2nd Est","个人消费支出（PCE）价格季环比第二次估值","1","5.3%","5.1%","4.6%","","1782777600000","0","1787747415670","","%"
"398406","2026-08-26T12:30:00.000Z","1787747400000","United States","Real Consumer Spending","Real Consumer Spending QoQ 2nd Est","实际消费者支出季环比第二次估值","1","3.4%","3.2%","0.5%","","1782777600000","0","1787747415480","","%"
"398577","2026-08-26T12:30:00.000Z","1787747400000","United States","Personal Income","Personal Income MoM","个人收入环比","3","0.4%","0.2%","0.2%","","1785456000000","0","1787747408440","","%"
"398681","2026-08-26T12:30:00.000Z","1787747400000","United States","PCE Price Index Monthly Change","PCE Price Index MoM","个人消费支出（PCE）价格指数环比","2","0.2%","0.1%","-0.1%","","1785456000000","0","1787747408440","","%"
"398704","2026-08-26T12:30:00.000Z","1787747400000","United States","Durable Goods Orders Ex Transportation","Durable Goods Orders Ex Transp MoM","扣除运输设备的耐用品订单环比","2","0.4%","0.6%","1.1%","0.6%","1785456000000","0","1787747404253","","%"
"398912","2026-08-26T12:30:00.000Z","1787747400000","United States","GDP Sales QoQ","GDP Sales QoQ 2nd Est","国内生产总值（GDP）销售额季环比第二次估值","1","2.2%","2.2%","1.9%","","1782777600000","0","1787747415610","","%"
"398977","2026-08-26T12:30:00.000Z","1787747400000","United States","Core PCE Prices QoQ","Core PCE Prices QoQ 2nd Est","核心个人消费支出（PCE）价格季环比第二次估值","1","3.6%","3.4%","4.4%","","1782777600000","0","1787747415550","","%"
"398984","2026-08-26T12:30:00.000Z","1787747400000","United States","Durable Goods Orders","Durable Goods Orders MoM","耐用品订单环比","3","1.1%","0.5%","0.5%","0.3%","1785456000000","0","1787747658323","","%"
"399030","2026-08-26T12:30:00.000Z","1787747400000","United States","Gdp Deflator","GDP Price Index QoQ 2nd Est","国内生产总值（GDP）价格指数季环比第二次估值","2","6.4%","6.3%","3.6%","","1782777600000","0","1787747415730","","%"
"399083","2026-08-26T12:30:00.000Z","1787747400000","United States","Core PCE Price Index Annual Change","Core PCE Price Index YoY","核心个人消费支出（PCE）价格指数同比","1","3.3%","3.3%","3.3%","","1785456000000","0","1787747409983","","%"
"399124","2026-08-26T12:30:00.000Z","1787747400000","United States","PCE Price Index Annual Change","PCE Price Index YoY","个人消费支出（PCE）价格指数同比","2","3.7%","3.6%","3.7%","","1785456000000","0","1787747410247","","%"
"399129","2026-08-26T12:30:00.000Z","1787747400000","United States","Core PCE Price Index MoM","Core PCE Price Index MoM","核心个人消费支出（PCE）价格指数环比","3","0.2%","0.2%","0.1%","","1785456000000","0","1787747408440","","%"
"399141","2026-08-26T12:30:00.000Z","1787747400000","United States","Non Defense Capital Goods Orders Ex Aircraft","Non Defense Goods Orders Ex Air","扣除飞机的非国防商品订单","1","0.2%","0.9%","1.7%","0.9%","1785456000000","0","1787747404923","","%"
"399163","2026-08-26T12:30:00.000Z","1787747400000","United States","GDP Growth Rate","GDP Growth Rate QoQ 2nd Est","国内生产总值（GDP）增长率季环比第二次估值","3","1.5%","1.5%","2.1%","","1782777600000","0","1787747410247","","%"
"419417","2026-08-26T12:30:00.000Z","1787747400000","United States","Real Personal Spending MoM","Real Personal Spending MoM","实际个人支出环比","1","0.0%","","0.4%","","1785456000000","0","1787747454253","","%"
"406601","2026-08-26T12:00:00.000Z","1787745600000","Brazil","Mid-month Inflation Rate MoM","IPCA mid-month CPI MoM","IPCA月中消费者价格指数环比","1","-0.4%","-0.3%","0.06%","","1788134400000","0","1787745602763","","%"
"411049","2026-08-26T12:00:00.000Z","1787745600000","Brazil","Mid-month Inflation Rate YoY","IPCA mid-month CPI YoY","IPCA月中消费者价格指数同比","1","4.24%","4.34%","4.52%","","1788134400000","0","1787745602780","","%"
"396611","2026-08-26T11:00:00.000Z","1787742000000","United States","MBA Mortgage Refinance Index","MBA Mortgage Refinance Index","MBA抵押贷款再融资指数","1","740.8","","755.9","","1787270400000","0","1787742000833","",""
"396612","2026-08-26T11:00:00.000Z","1787742000000","United States","MBA Mortgage Market Index","MBA Mortgage Market Index","MBA抵押贷款市场指数","1","245.3","","247.7","","1787270400000","0","1787742000593","",""
"396613","2026-08-26T11:00:00.000Z","1787742000000","United States","MBA Purchase Index","MBA Purchase Index","MBA购房贷款申请指数","1","154.4","","154.8","","1787270400000","0","1787742000793","",""
"396614","2026-08-26T11:00:00.000Z","1787742000000","United States","Mortgage Applications","MBA Mortgage Applications","MBA抵押贷款申请","1","-1%","","-0.4%","","1787270400000","0","1787742000837","","%"
"396615","2026-08-26T11:00:00.000Z","1787742000000","United States","Mortgage Rate","MBA 30-Year Mortgage Rate","MBA 30年期抵押贷款利率","2","6.78%","","6.77%","","1787270400000","0","1787742000587","","%"
"403908","2026-08-26T10:45:00.000Z","1787741100000","Kuwait","Money Supply M2","M2 Money Supply YoY","M2货币供应量同比","1","1.9%","","1.7%","","1785456000000","0","1787741114300","","%"
"405016","2026-08-26T10:45:00.000Z","1787741100000","Kuwait","Loan Growth","Private Bank Lending YoY","私人银行贷款同比","1","5.3%","","5.49%","","1785456000000","0","1787741122237","","%"
"421028","2026-08-26T10:10:00.000Z","1787739000000","Euro Area","Interest Rate","ECB Cipollone Speech","欧洲央行（ECB）Cipollone讲话","1","","","","","","0","1787326463477","",""
"399412","2026-08-26T10:00:00.000Z","1787738400000","United Kingdom","CBI Distributive Trades","CBI Distributive Trades","英国工业联合会（CBI）分销贸易调查","2","-48","-24","-26","","1788134400000","0","1787738401023","",""
"411077","2026-08-26T10:00:00.000Z","1787738400000","Macedonia","Unemployment Rate","Unemployment Rate","失业率","1","11.3%","","11.3%","","1782777600000","0","1787738547223","","%"
"417472","2026-08-26T09:30:00.000Z","1787736600000","Germany","Calendar","15/20-Year Bund Auction","15年期及20年期德国联邦国债拍卖","1","","","","","","0","1767021908647","",""
"418518","2026-08-26T09:30:00.000Z","1787736600000","Hungary","Calendar","6-Month DTB Auction","6个月期DTB国库券拍卖","1","5.20%","","5.27%","","","0","1787737210347","","%"
"421013","2026-08-26T09:30:00.000Z","1787736600000","Germany","15 Year Bond Yield","15-Year Bund Auction","15年期德国联邦国债拍卖","1","3.50%","","3.29%","","","0","1787737106567","","%"
"421036","2026-08-26T09:30:00.000Z","1787736600000","Germany","Calendar","22-Year Bund Auction","22年期德国联邦国债拍卖","1","3.68%","","3.55%","","","0","1787737172857","","%"
"417993","2026-08-26T09:10:00.000Z","1787735400000","Italy","Calendar","BTP€i Auction","BTP€i欧元区通胀挂钩国债拍卖","1","","","","","","0","1767369102003","",""
"417994","2026-08-26T09:10:00.000Z","1787735400000","Italy","Calendar","2-Year BTP Short Term Auction","2年期BTP短期国债拍卖","1","3.02%","","2.92%","","","0","1787735313727","","%"
"420503","2026-08-26T09:05:00.000Z","1787735100000","Sweden","Calendar","2028 SGB Auction","2028年到期SGB国债拍卖","1","2.3709%","","2.2748%","","","0","1787735094943","","%"
"421019","2026-08-26T09:05:00.000Z","1787735100000","Sweden","Calendar","2045 SGB Auction","2045年到期SGB国债拍卖","1","3.1193%","","2.7620%","","","0","1787735032033","","%"
"408155","2026-08-26T09:00:00.000Z","1787734800000","Iceland","Producer Price Inflation MoM","PPI MoM","生产者价格指数环比","1","-0.5%","","1.6%","","1785456000000","0","1787734848023","","%"
"411311","2026-08-26T09:00:00.000Z","1787734800000","Iceland","Producer Prices Change","PPI YoY","生产者价格指数同比","1","18.6%","","19.4%","","1785456000000","0","1787734838513","","%"
"411562","2026-08-26T09:00:00.000Z","1787734800000","Iceland","Unemployment Rate","Unemployment Rate","失业率","1","6.3%","","5.1%","5.0%","1785456000000","0","1787734901147","","%"
"409595","2026-08-26T08:00:00.000Z","1787731200000","Switzerland","Zew Economic Sentiment Index","Economic Sentiment Index","经济景气指数","1","12.1","","10.0","","1788134400000","0","1787731724070","",""
"418719","2026-08-26T07:40:00.000Z","1787730000000","Zimbabwe","Inflation Rate","Inflation Rate YoY","通胀率同比","1","2.9%","","3.2%","","1788134400000","0","1787730004453","","%"
"394333","2026-08-26T07:00:00.000Z","1787727600000","Thailand","Interest Rate","Interest Rate Decision","利率决议","2","1%","1%","1%","","1787702400000","0","1787727602530","","%"
"411877","2026-08-26T06:00:00.000Z","1787724000000","Sweden","Producer Price Inflation MoM","PPI MoM","生产者价格指数环比","1","0.1%","","0.1%","","1785456000000","0","1787724051197","","%"
"413936","2026-08-26T06:00:00.000Z","1787724000000","Sweden","Producer Prices Change","PPI YoY","生产者价格指数同比","1","6.4%","","7.4%","","1785456000000","0","1787724003103","","%"
"408597","2026-08-26T05:00:00.000Z","1787720400000","Singapore","Industrial Production","Industrial Production YoY","工业生产同比","1","6.8%","6.7%","7.5%","7.2%","1785456000000","0","1787720400623","","%"
"413412","2026-08-26T05:00:00.000Z","1787720400000","Singapore","Industrial Production Mom","Industrial Production MoM","工业生产环比","1","2.3%","3%","-7%","-7.2%","1785456000000","0","1787720400623","","%"
"400717","2026-08-26T01:30:00.000Z","1787707800000","Australia","Construction Output","Construction Work Done QoQ","建筑工程完成额季环比","2","-2.1%","0.5%","4.3%","3.4%","1782777600000","0","1787708049537","","%"
"419584","2026-08-26T01:30:00.000Z","1787707800000","Australia","Consumer Price Index CPI","CPI","消费者价格指数","1","103.07","","102.03","","1785456000000","0","1787707880783","",""
"419586","2026-08-26T01:30:00.000Z","1787707800000","Australia","Inflation Rate MoM","Inflation Rate MoM","通胀率环比","2","1%","0.8%","-0.1%","","1785456000000","0","1787707853060","","%"
"419588","2026-08-26T01:30:00.000Z","1787707800000","Australia","Inflation Rate","Inflation Rate YoY","通胀率同比","2","3.5%","3.3%","3.8%","","1785456000000","0","1787707839863","","%"
"419592","2026-08-26T01:30:00.000Z","1787707800000","Australia","Trimmed Mean CPI MoM","RBA Trimmed Mean CPI MoM","澳大利亚储备银行（RBA）截尾均值消费者价格指数环比","2","0.5%","0.3%","0.3%","","1785456000000","0","1787707865910","","%"
"419594","2026-08-26T01:30:00.000Z","1787707800000","Australia","Core Inflation Rate","RBA Trimmed Mean CPI YoY","澳大利亚储备银行（RBA）截尾均值消费者价格指数同比","2","3.6%","3.5%","3.6%","","1785456000000","0","1787707857813","","%"
"419596","2026-08-26T01:30:00.000Z","1787707800000","Australia","Weighted Median CPI QoQ","RBA Weighted Median CPI MoM","澳大利亚储备银行（RBA）加权中位数消费者价格指数环比","1","0.4%","","0.3%","","1785456000000","0","1787707868327","","%"
"419598","2026-08-26T01:30:00.000Z","1787707800000","Australia","Weighted Median CPI YoY","RBA Weighted Median CPI YoY","澳大利亚储备银行（RBA）加权中位数消费者价格指数同比","1","3.6%","","3.6%","3.7%","1785456000000","0","1787707987400","","%"
"402037","2026-08-26T01:00:00.000Z","1787706000000","Australia","Leading Economic Index","Westpac Leading Index MoM","西太平洋银行领先指数环比","1","0%","","0.1%","0%","1785456000000","0","1787706103023","","%"
"416334","2026-08-26T00:00:00.000Z","1787702400000","Algeria","Holidays","Milad-Un-Nabi","圣纪节（先知诞辰）","1","","","","","","0","1764785115337","",""
"416335","2026-08-26T00:00:00.000Z","1787702400000","Comoros","Holidays","Prophet’ s Birthday","先知诞辰","1","","","","","","0","1764785115337","",""
"416336","2026-08-26T00:00:00.000Z","1787702400000","Egypt","Holidays","Milad-Un-Nabi","圣纪节（先知诞辰）","1","","","","","","0","1764785115034","",""
"416337","2026-08-26T00:00:00.000Z","1787702400000","Eritrea","Holidays","Prophet’ s Birthday","先知诞辰","1","","","","","","0","1764785115034","",""
"416338","2026-08-26T00:00:00.000Z","1787702400000","Ethiopia","Holidays","Milad-Un-Nabi","圣纪节（先知诞辰）","1","","","","","","0","1764785115343","",""
"416339","2026-08-26T00:00:00.000Z","1787702400000","Gambia","Holidays","Milad-Un-Nabi - Prophet’s Birthday","圣纪节——先知诞辰","1","","","","","","0","1764785115343","",""
"416340","2026-08-26T00:00:00.000Z","1787702400000","Guinea","Holidays","Milad-Un-Nabi","圣纪节（先知诞辰）","1","","","","","","0","1764785115347","",""
"416341","2026-08-26T00:00:00.000Z","1787702400000","Kuwait","Holidays","Milad-Un-Nabi","圣纪节（先知诞辰）","1","","","","","","0","1764785115035","",""
"416342","2026-08-26T00:00:00.000Z","1787702400000","Lebanon","Holidays","Milad-Un-Nabi","圣纪节（先知诞辰）","1","","","","","","0","1764785115353","",""
"416343","2026-08-26T00:00:00.000Z","1787702400000","Libya","Holidays","Milad-Un-Nabi","圣纪节（先知诞辰）","1","","","","","","0","1764785115036","",""
"416344","2026-08-26T00:00:00.000Z","1787702400000","Malaysia","Holidays","Milad-Un-Nabi","圣纪节（先知诞辰）","1","","","","","","0","1764785115363","",""
"416345","2026-08-26T00:00:00.000Z","1787702400000","Maldives","Holidays","Milad-Un-Nabi","圣纪节（先知诞辰）","1","","","","","","0","1764785115367","",""
"416346","2026-08-26T00:00:00.000Z","1787702400000","Mali","Holidays","The Prophet’s Birthday","先知诞辰","1","","","","","","0","1764785115037","",""
"416347","2026-08-26T00:00:00.000Z","1787702400000","Morocco","Holidays","Milad-Un-Nabi","圣纪节（先知诞辰）","1","","","","","","0","1764785115037","",""
"416348","2026-08-26T00:00:00.000Z","1787702400000","Namibia","Holidays","Heroes’ Day","英雄日","1","","","","","","0","1764785115373","",""
"416349","2026-08-26T00:00:00.000Z","1787702400000","Nigeria","Holidays","Milad-Un-Nabi","圣纪节（先知诞辰）","1","","","","","","0","1764785115373","",""
"416350","2026-08-26T00:00:00.000Z","1787702400000","Oman","Holidays","Milad-Un-Nabi","圣纪节（先知诞辰）","1","","","","","","0","1764785115377","",""
"416351","2026-08-26T00:00:00.000Z","1787702400000","Pakistan","Holidays","Milad-Un-Nabi","圣纪节（先知诞辰）","1","","","","","","0","1764785115038","",""
"416352","2026-08-26T00:00:00.000Z","1787702400000","Papua New Guinea","Holidays","National Day of Repentance","全国忏悔日","1","","","","","","0","1764785115038","",""
"416353","2026-08-26T00:00:00.000Z","1787702400000","Senegal","Holidays","Milad-Un-Nabi","圣纪节（先知诞辰）","1","","","","","","0","1764785115038","",""
"416354","2026-08-26T00:00:00.000Z","1787702400000","Sri Lanka","Holidays","Milad-Un-Nabi","圣纪节（先知诞辰）","1","","","","","","0","1764785115383","",""
"416355","2026-08-26T00:00:00.000Z","1787702400000","Tanzania","Holidays","Milad-Un-Nabi","圣纪节（先知诞辰）","1","","","","","","0","1764785115387","",""
"416356","2026-08-26T00:00:00.000Z","1787702400000","Tunisia","Holidays","Milad-Un-Nabi","圣纪节（先知诞辰）","1","","","","","","0","1764785115039","",""
"416357","2026-08-26T00:00:00.000Z","1787702400000","United Arab Emirates","Holidays","Milad-Un-Nabi","圣纪节（先知诞辰）","1","","","","","","0","1764785115393","",""
"421010","2026-08-26T00:00:00.000Z","1787702400000","China","Calendar","National People's Congress","全国人民代表大会","2","","","","","","1","1787040307827","",""
"396610","2026-08-25T22:00:00.000Z","1787695200000","United States","API Crude Oil Stock Change","API Crude Oil Stock Change","API原油库存变动","2","4.2M","1.8M","-0.328M","-3.28M","1787270400000","0","1787695295533","","M"
"405190","2026-08-25T21:00:00.000Z","1787691600000","South Korea","Business Confidence","Business Confidence","商业信心指数","2","81","","82","","1788134400000","0","1787691683083","",""
"421023","2026-08-25T20:00:00.000Z","1787688000000","United States","Interest Rate","Fed Barkin Speech","美联储Barkin讲话","2","","","","","","0","1787236862643","",""
"410009","2026-08-25T19:30:00.000Z","1787686200000","Paraguay","Producer Prices Change","PPI YoY","生产者价格指数同比","1","-1.5%","","-1.8%","","1785456000000","0","1787686316183","","%"
"418349","2026-08-25T19:30:00.000Z","1787686200000","Paraguay","Interest Rate","Interest Rate Decision","利率决议","1","5.5%","","5.5%","","1787616000000","0","1787686268487","","%"
"397892","2026-08-25T17:00:00.000Z","1787677200000","United States","Money Supply M2","Money Supply","货币供应量","1","$23.22T","","$23.15T","","1785456000000","0","1787677310723","$","T"
"420063","2026-08-25T17:00:00.000Z","1787677200000","United States","2 Year Note Yield","2-Year Note Auction","2年期国债拍卖","1","","","4.315%","","","0","1787066670300","","%"
"420090","2026-08-25T15:30:00.000Z","1787671800000","United States","Calendar","6-Week Bill Auction","6周期国库券拍卖","1","3.650%","","3.645%","","","0","1787671972267","","%"
"406995","2026-08-25T15:00:00.000Z","1787670000000","Mexico","Current Account","Current Account","经常账户差额","1","$8927M","","$-18231M","$-15878M","1782777600000","0","1787670130920","$","M"
"397921","2026-08-25T14:00:00.000Z","1787666400000","United States","Richmond Fed Manufacturing Shipments","Richmond Fed Manufacturing Shipments Index","里士满联储制造业出货指数","1","11","","8","","1788134400000","0","1787666423137","",""
"398768","2026-08-25T14:00:00.000Z","1787666400000","United States","Richmond Fed Manufacturing Index","Richmond Fed Manufacturing Index","里士满联储制造业指数","1","4","7","5","","1788134400000","0","1787666422873","",""
"398866","2026-08-25T14:00:00.000Z","1787666400000","United States","Richmond Fed Services Index","Richmond Fed Services Revenues Index","里士满联储服务业收入指数","1","-8","","-3","","1788134400000","0","1787666465050","",""
"398896","2026-08-25T14:00:00.000Z","1787666400000","United States","New Home Sales","New Home Sales","新屋销售量","2","0.607M","0.62M","0.678M","0.628M","1785456000000","0","1787666407343","","M"
"399053","2026-08-25T14:00:00.000Z","1787666400000","United States","New Home Sales MoM","New Home Sales MoM","新屋销售量环比","2","-10.5%","","7.6%","1.6%","1785456000000","0","1787666407343","","%"
"418457","2026-08-25T14:00:00.000Z","1787666400000","United States","Calendar","CB Consumer Confidence","世界大型企业联合会（CB）消费者信心指数","2","89.4","90.2","90.2","90.8","1788134400000","0","1787666403673","",""
"398134","2026-08-25T13:00:00.000Z","1787662800000","United States","House Price Index MoM","House Price Index MoM","房价指数环比","1","0%","0.2%","0.3%","","1782777600000","0","1787662801240","","%"
"398389","2026-08-25T13:00:00.000Z","1787662800000","United States","Housing Index","House Price Index","房价指数","1","442.5","","442.4","","1782777600000","0","1787662801283","",""
"398453","2026-08-25T13:00:00.000Z","1787662800000","United States","House Price Index YoY","House Price Index YoY","房价指数同比","1","2.3%","","2.4%","2.2%","1782777600000","0","1787662800937","","%"
"398622","2026-08-25T13:00:00.000Z","1787662800000","United States","Case Shiller Home Price Index YoY","S&P/Case-Shiller Home Price YoY","标普/Case-Shiller房价同比","2","2.1%","1.7%","1.6%","","1782777600000","0","1787662800560","","%"
"398845","2026-08-25T13:00:00.000Z","1787662800000","United States","Case Shiller Home Price Index MoM","S&P/Case-Shiller Home Price MoM","标普/Case-Shiller房价环比","1","0.4%","","0.9%","","1782777600000","0","1787662800513","","%"
"414110","2026-08-25T13:00:00.000Z","1787662800000","Belgium","Business Confidence","Business Confidence","商业信心指数","1","-13.2","-10.5","-11.9","","1788134400000","0","1787662800947","",""
"396609","2026-08-25T12:55:00.000Z","1787662500000","United States","Redbook Index","Redbook YoY","红皮书零售销售同比","1","9.1%","","7.6%","","1787356800000","0","1787662500370","","%"
"397885","2026-08-25T12:30:00.000Z","1787661000000","United States","Building Permits","Building Permits Final","建筑许可数量终值","1","1.433M","1.443M","1.374M","","1785456000000","0","1787661095740","","M"
"398011","2026-08-25T12:30:00.000Z","1787661000000","United States","Building Permits MoM","Building Permits MoM Final","建筑许可数量环比终值","1","4.3%","5%","-2.6%","","1785456000000","0","1787661108347","","%"
"404280","2026-08-25T12:30:00.000Z","1787661000000","Canada","Wholesale Sales","Wholesale Sales MoM Prel","批发销售额环比初值","1","-0.6%","","2.8%","","1785456000000","0","1787661044647","","%"
"397843","2026-08-25T12:15:00.000Z","1787660100000","United States","ADP Employment Change Weekly","ADP Employment Change Weekly","ADP每周就业人数变动","2","11.75K","","9.5K","","1786147200000","0","1787660202470","","K"
"394377","2026-08-25T12:00:00.000Z","1787659200000","Hungary","Interest Rate","Interest Rate Decision","利率决议","1","5.5%","5.5%","5.75%","","1787616000000","0","1787659203090","","%"
"417173","2026-08-25T12:00:00.000Z","1787659200000","Hungary","Deposit Interest Rate","Deposit Interest Rate","存款利率","1","4.50%","4.5%","4.75%","","1787616000000","0","1787659370500","","%"
"421022","2026-08-25T12:00:00.000Z","1787659200000","United States","Interest Rate","Fed Barkin Speech","美联储Barkin讲话","2","","","","","","0","1787236844057","",""
"404328","2026-08-25T11:00:00.000Z","1787655600000","Brazil","Consumer Confidence","FGV Consumer Confidence","FGV消费者信心指数","1","84.7","","88.3","","1788134400000","0","1787655607313","",""
"406332","2026-08-25T10:00:00.000Z","1787652000000","Luxembourg","Balance of Trade","Balance of Trade","贸易差额","1","€-0.83B","","€-0.69B","€-0.66B","1782777600000","0","1787652032400","€","B"
"414788","2026-08-25T10:00:00.000Z","1787652000000","Ireland","Wage Growth","Average Weekly Earnings YoY","平均周薪同比","1","3.9%","","3.4%","","1782777600000","0","1787652304840","","%"
"396608","2026-08-25T09:30:00.000Z","1787650200000","South Africa","Calendar","2037 Bond Auction","2037年到期国债拍卖","1","8.773%","","8.731%","","","0","1787651344820","","%"
"417413","2026-08-25T09:30:00.000Z","1787650200000","Germany","2 Year Note Yield","2-Year Schatz Auction","2年期德国联邦国债（Schatz）拍卖","1","2.85%","","2.78%","","","0","1787651146483","","%"
"418598","2026-08-25T09:30:00.000Z","1787650200000","Hungary","Calendar","3-Month DTB Auction","3个月期DTB国库券拍卖","1","5.21%","","5.25%","","","0","1787651192187","","%"
"421017","2026-08-25T09:30:00.000Z","1787650200000","South Africa","Calendar","2039 Bond Auction","2039年到期国债拍卖","1","9.076%","","8.978%","","","0","1787651351997","","%"
"421018","2026-08-25T09:30:00.000Z","1787650200000","South Africa","Calendar","2042 Bond Auction","2042年到期国债拍卖","1","9.292%","","9.137%","","","0","1787651362173","","%"
"404026","2026-08-25T09:00:00.000Z","1787648400000","Bosnia And Herzegovina","Inflation Rate Mom","Inflation Rate MoM","通胀率环比","1","-0.4%","","-1.1%","","1785456000000","0","1787648447953","","%"
"412693","2026-08-25T09:00:00.000Z","1787648400000","Bosnia and Herzegovina","Inflation Rate","Inflation Rate YoY","通胀率同比","1","3.6%","","4.2%","","1785456000000","0","1787648438410","","%"
"416943","2026-08-25T09:00:00.000Z","1787648400000","Austria","Calendar","ATB 2026-11-26 (G) Auction","ATB 2026-11-26 (G)国库券拍卖","1","2.450%","","","","","0","1787649117880","",""
"420444","2026-08-25T09:00:00.000Z","1787648400000","United Kingdom","Calendar","Treasury Gilt 2033 Auction","2033年到期英国国债拍卖","1","4.761%","","4.519%","","","0","1787648616110","","%"
"409737","2026-08-25T08:30:00.000Z","1787646600000","Hong Kong","Exports YoY","Exports YoY","出口额同比","1","50.7%","","53.4%","","1785456000000","0","1787646620800","","%"
"410299","2026-08-25T08:30:00.000Z","1787646600000","Slovenia","Tourist Arrivals","Tourist Arrivals YoY","入境游客人数同比","1","10.6%","","1.9%","","1785456000000","0","1787646640813","","%"
"410696","2026-08-25T08:30:00.000Z","1787646600000","Hong Kong","Imports YoY","Imports YoY","进口额同比","1","41%","","45.4%","","1785456000000","0","1787646620810","","%"
"411041","2026-08-25T08:30:00.000Z","1787646600000","Slovenia","Business Confidence","Business Confidence","商业信心指数","1","-4","","-2","","1788134400000","0","1787646656620","",""
"412657","2026-08-25T08:30:00.000Z","1787646600000","Hong Kong","Balance of Trade","Balance of Trade","贸易差额","1","H$-4.9B","","H$-52B","","1785456000000","0","1787646754787","H$","B"
"400371","2026-08-25T08:00:00.000Z","1787644800000","Germany","Ifo Expectations","Ifo Expectations","Ifo预期指数","1","89.1","87.5","86.8","86.7","1788134400000","0","1787644874693","",""
"400909","2026-08-25T08:00:00.000Z","1787644800000","Germany","Ifo Current Conditions","Ifo Current Conditions","Ifo现况指数","1","88.5","87","86.5","","1788134400000","0","1787644820170","",""
"402869","2026-08-25T08:00:00.000Z","1787644800000","Germany","Business Confidence","Ifo Business Climate","Ifo商业景气指数","3","88.8","87.2","86.7","86.6","1788134400000","0","1787644864930","",""
"404643","2026-08-25T08:00:00.000Z","1787644800000","Armenia","Construction Output","Construction Output YoY","建筑业产出同比","1","26.5%","","25.4%","","1785456000000","0","1787644856597","","%"
"405716","2026-08-25T08:00:00.000Z","1787644800000","Taiwan","Industrial Production","Industrial Production YoY","工业生产同比","1","25.61%","","22.56%","22.95%","1785456000000","0","1787644856843","","%"
"406905","2026-08-25T08:00:00.000Z","1787644800000","Armenia","Producer Prices Change","PPI YoY","生产者价格指数同比","1","8.5%","","8.8%","","1785456000000","0","1787644841823","","%"
"408433","2026-08-25T08:00:00.000Z","1787644800000","Armenia","Balance of Trade","Balance of Trade","贸易差额","1","$-699.1M","","$-599.6M","","1785456000000","0","1787648495900","$","M"
"409624","2026-08-25T08:00:00.000Z","1787644800000","Armenia","Industrial Production","Industrial Production YoY","工业生产同比","1","3.1%","","4%","","1785456000000","0","1787644875900","","%"
"410860","2026-08-25T08:00:00.000Z","1787644800000","Armenia","Retail Sales YoY","Retail Sales YoY","零售销售同比","1","-0.1%","","-0.1%","","1785456000000","0","1787645341563","","%"
"411522","2026-08-25T08:00:00.000Z","1787644800000","Taiwan","Retail Sales YoY","Retail Sales YoY","零售销售同比","1","7.7%","","8%","","1785456000000","0","1787644833923","","%"
"412526","2026-08-25T08:00:00.000Z","1787644800000","Armenia","Leading Economic Index","Economic Activity YoY","经济活动同比","1","6.5%","","7.4%","7.7%","1785456000000","0","1787644895760","","%"
"404257","2026-08-25T07:30:00.000Z","1787643000000","Poland","Unemployment Rate","Unemployment Rate","失业率","2","5.8%","5.8%","5.8%","","1785456000000","0","1787643018290","","%"
"418359","2026-08-25T07:30:00.000Z","1787643000000","Sweden","Interest Rate","Monetary Policy Meeting Minutes","货币政策会议纪要","1","","","","","","0","1767714741038","",""
"401600","2026-08-25T07:00:00.000Z","1787641200000","Spain","Producer Prices Change","PPI YoY","生产者价格指数同比","1","9.2%","","7%","","1785456000000","0","1787641397930","","%"
"406899","2026-08-25T07:00:00.000Z","1787641200000","South Africa","Leading Economic Index","Leading Business Cycle Indicator MoM","商业周期领先指标环比","1","-1.4%","","-0.3%","","1782777600000","0","1787641315470","","%"
"401869","2026-08-25T06:45:00.000Z","1787640300000","France","Consumer Confidence","Consumer Confidence","消费者信心指数","2","86","87","86","","1788134400000","0","1787640300710","",""
"407105","2026-08-25T06:40:00.000Z","1787640000000","Sweden","Business Inventories","Industrial Inventories QoQ","工业库存季环比","1","SEK -4.60B","","SEK 11.67B","","1782777600000","0","1787639902423","SEK","B"
"401968","2026-08-25T06:00:00.000Z","1787637600000","Germany","GDP Annual Growth Rate","GDP Growth Rate YoY Final","国内生产总值（GDP）增长率同比终值","1","1%","0.9%","0.7%","","1782777600000","0","1787637604907","","%"
"402044","2026-08-25T06:00:00.000Z","1787637600000","Germany","GDP Growth Rate","GDP Growth Rate QoQ Final","国内生产总值（GDP）增长率季环比终值","1","0.3%","0.2%","0.4%","","1782777600000","0","1787637609137","","%"
"403866","2026-08-25T06:00:00.000Z","1787637600000","Saudi Arabia","Exports","Exports","出口额","1","SAR87.8B","","SAR96.7B","SAR93.8B","1782777600000","0","1787639113533","SAR","B"
"408141","2026-08-25T06:00:00.000Z","1787637600000","Saudi Arabia","Imports","Imports","进口额","1","SAR70.4B","","SAR74.8B","SAR67.8B","1782777600000","0","1787637245473","SAR","B"
"409432","2026-08-25T06:00:00.000Z","1787637600000","Denmark","Retail Sales MoM","Retail Sales MoM","零售销售环比","1","1.3%","","0.2%","0.5%","1785456000000","0","1787637656340","","%"
"410035","2026-08-25T06:00:00.000Z","1787637600000","Norway","Unemployment Rate","Unemployment Rate","失业率","1","4.2%","","4.6%","4.5%","1785456000000","0","1787637684373","","%"
"411209","2026-08-25T06:00:00.000Z","1787637600000","Denmark","Retail Sales YoY","Retail Sales YoY","零售销售同比","1","6.7%","","4.6%","4.8%","1785456000000","0","1787637601220","","%"
"413702","2026-08-25T06:00:00.000Z","1787637600000","Saudi Arabia","Balance of Trade","Balance of Trade","贸易差额","1","SAR17.3B","","SAR21.9B","SAR26.0B","1782777600000","0","1787637208147","SAR","B"
"401464","2026-08-25T05:00:00.000Z","1787634000000","Japan","Coincident Index","Coincident Index Final","同步指数终值","1","118.5","","117.9","","1782777600000","0","1787634089430","",""
"403239","2026-08-25T05:00:00.000Z","1787634000000","Japan","Leading Economic Index","Leading Economic Index Final","经济领先指数终值","1","116.5","116.4","116.5","116.4","1782777600000","0","1787634074747","",""
"414256","2026-08-25T05:00:00.000Z","1787634000000","Finland","Unemployment Rate","Unemployment Rate","失业率","1","9.9%","","10.0%","","1785456000000","0","1787634094327","","%"
"420575","2026-08-25T05:00:00.000Z","1787634000000","Singapore","3 Month Bill Yield","MAS 12-Week Bill Auction","新加坡金融管理局（MAS）12周期票据拍卖","1","1.49%","","1.47%","","","0","1787634198977","","%"
"420578","2026-08-25T05:00:00.000Z","1787634000000","Singapore","1 Month Bill Yield","MAS 4-Week Bill Auction","新加坡金融管理局（MAS）4周期票据拍卖","1","1.4%","","1.42%","","","0","1787634191333","","%"
"406744","2026-08-25T04:00:00.000Z","1787630400000","Thailand","Total Vehicle Sales","New Car Sales YoY","新车销量同比","1","20.07%","","17.26%","","1785456000000","0","1787630516687","","%"
"417068","2026-08-25T04:00:00.000Z","1787630400000","Kyrgyzstan","Interest Rate","Interest Rate Decision","利率决议","1","12%","","12%","","1787529600000","0","1787631007507","","%"
"420984","2026-08-25T04:00:00.000Z","1787630400000","Australia","Interest Rate","RBA Jacobs Speech","澳大利亚储备银行（RBA）Jacobs讲话","2","","","","","","0","1787326553170","",""
"417612","2026-08-25T02:35:00.000Z","1787625300000","New Zealand","52 Week Bill Yield","1-Year Bill Auction","1年期国库券拍卖","1","","","","","","0","1788230289633","",""
"417664","2026-08-25T02:35:00.000Z","1787625300000","New Zealand","3 Month Bill Yield","3-Month Bill Auction","3个月期国库券拍卖","1","2.8499%","","2.8425%","","","0","1787625338393","","%"
"417716","2026-08-25T02:35:00.000Z","1787625300000","New Zealand","6 Month Bill Yield","6-Month Bill Auction","6个月期国库券拍卖","1","3.0295%","","3.0311%","","","0","1787625356980","","%"
"417824","2026-08-25T02:30:00.000Z","1787625000000","South Korea","20 Year Bond Yield","20-Year KTB Auction","20年期韩国国债（KTB）拍卖","1","4.555%","","4.530%","","","0","1787625043703","","%"
"394046","2026-08-25T01:30:00.000Z","1787621400000","Australia","Interest Rate","RBA Meeting Minutes","澳大利亚储备银行（RBA）会议纪要","3","","","","","","0","1761318688026","",""
"416329","2026-08-25T00:00:00.000Z","1787616000000","Brunei","Holidays","Milad un Nabi","圣纪节（先知诞辰）","1","","","","","","0","1764785115323","",""
"416330","2026-08-25T00:00:00.000Z","1787616000000","Indonesia","Holidays","Milad-Un-Nabi - Holy Prophet’ s Birthday","圣纪节——神圣先知诞辰","1","","","","","","0","1764785115327","",""
"416331","2026-08-25T00:00:00.000Z","1787616000000","Iraq","Holidays","Milad-Un-Nabi","圣纪节（先知诞辰）","1","","","","","","0","1764785115327","",""
"416332","2026-08-25T00:00:00.000Z","1787616000000","Jordan","Holidays","Milad-Un-Nabi","圣纪节（先知诞辰）","1","","","","","","0","1764785115033","",""
"416333","2026-08-25T00:00:00.000Z","1787616000000","Uruguay","Holidays","Independence Day","独立日","1","","","","","","0","1764785115333","",""
"421009","2026-08-25T00:00:00.000Z","1787616000000","China","Calendar","National People's Congress","全国人民代表大会","2","","","","","","1","1787040304863","",""
"413506","2026-08-24T21:00:00.000Z","1787605200000","South Korea","Consumer Confidence","Consumer Confidence","消费者信心指数","2","104.5","","106.8","","1788134400000","0","1787605284183","",""
"407952","2026-08-24T19:00:00.000Z","1787598000000","Costa Rica","Balance of Trade","Balance of Trade","贸易差额","1","$-1953.7M","","$-1537.37M","$-$-1537.37M","1785456000000","0","1787597831097","$","M"
"421032","2026-08-24T17:00:00.000Z","1787590800000","United States","Calendar","Treasury Secretary Bessent Speech","财政部长Bessent讲话","2","","","","","","0","1787591298553","",""
"396606","2026-08-24T15:30:00.000Z","1787585400000","United States","6 Month Bill Yield","6-Month Bill Auction","6个月期国库券拍卖","1","3.790%","","3.780%","","","0","1787585599360","","%"
"396607","2026-08-24T15:30:00.000Z","1787585400000","United States","3 Month Bill Yield","3-Month Bill Auction","3个月期国库券拍卖","1","3.715%","","3.715%","","","0","1787585588327","","%"
"402243","2026-08-24T14:50:00.000Z","1787583000000","France","New Passenger Car Registrations YoY","New Car Registrations YoY","新车注册量同比","1","9.0%","","11.4%","","1785456000000","0","1787583191303","","%"
"396603","2026-08-24T13:00:00.000Z","1787576400000","France","3 Month Bill Yield","3-Month BTF Auction","3个月期BTF国库券拍卖","1","2.495%","","2.484%","","","0","1787576284707","","%"
"396604","2026-08-24T13:00:00.000Z","1787576400000","France","6 Month Bill Yield","6-Month BTF Auction","6个月期BTF国库券拍卖","1","2.675%","","2.608%","","","0","1787576276690","","%"
"396605","2026-08-24T13:00:00.000Z","1787576400000","France","52 Week Bill Yield","12-Month BTF Auction","12个月期BTF国库券拍卖","1","2.832%","","2.781%","","","0","1787576269127","","%"
"404019","2026-08-24T13:00:00.000Z","1787576400000","Chile","Producer Prices Change","PPI YoY","生产者价格指数同比","1","20.5%","","19.7%","","1785456000000","0","1787576437560","","%"
"398572","2026-08-24T12:30:00.000Z","1787574600000","United States","Chicago Fed National Activity Index","Chicago Fed National Activity Index","芝加哥联储全国经济活动指数","2","-0.08","","0.06","-0.02","1785456000000","0","1787574600867","",""
"410016","2026-08-24T12:30:00.000Z","1787574600000","Canada","Manufacturing Sales","Manufacturing Sales MoM Prel","制造业销售额环比初值","1","-0.2%","","0.1%","","1785456000000","0","1787574704070","","%"
"405482","2026-08-24T12:00:00.000Z","1787572800000","Mexico","Mid-month Inflation Rate MoM","Mid-month Inflation Rate MoM","月中通胀率环比","1","0.1%","","0.07%","","1788134400000","0","1787572804253","","%"
"408219","2026-08-24T12:00:00.000Z","1787572800000","Mexico","GDP Annual Growth Rate","GDP Growth Rate YoY Final","国内生产总值（GDP）增长率同比终值","1","2.1%","2.2%","0.2%","","1782777600000","0","1787572802473","","%"
"411438","2026-08-24T12:00:00.000Z","1787572800000","Mexico","GDP Growth Rate","GDP Growth Rate QoQ Final","国内生产总值（GDP）增长率季环比终值","1","1.4%","1.5%","-0.6%","","1782777600000","0","1787572802293","","%"
"411819","2026-08-24T12:00:00.000Z","1787572800000","Mexico","Mid-month Core Inflation Rate MoM","Mid-month Core Inflation Rate MoM","月中核心通胀率环比","1","0.08%","","0.16%","","1788134400000","0","1787572804250","","%"
"411856","2026-08-24T12:00:00.000Z","1787572800000","Mexico","Monthly GDP YoY","Economic Activity YoY","经济活动同比","1","2.8%","","1.1%","","1782777600000","0","1787572803980","","%"
"413573","2026-08-24T12:00:00.000Z","1787572800000","Poland","Money Supply M3","M3 Money Supply YoY","M3货币供应量同比","1","11.3%","11.6%","11.8%","","1785456000000","0","1787572800600","","%"
"413701","2026-08-24T12:00:00.000Z","1787572800000","Mexico","Mid-month Core Inflation Rate YoY","Mid-month Core Inflation Rate YoY","月中核心通胀率同比","1","3.93%","","3.95%","","1788134400000","0","1787572875363","","%"
"414287","2026-08-24T12:00:00.000Z","1787572800000","Mexico","Mid-month Inflation Rate YoY","Mid-month Inflation Rate YoY","月中通胀率同比","1","3.26%","","3.1%","","1788134400000","0","1787572822157","","%"
"414687","2026-08-24T12:00:00.000Z","1787572800000","Mexico","Monthly GDP MoM","Economic Activity MoM","经济活动环比","1","-0.1%","","-0.4%","-0.3%","1782777600000","0","1787573315683","","%"
"394216","2026-08-24T11:30:00.000Z","1787571000000","Brazil","Interest Rate","BCB Focus Market Readout","BCB Focus市场调查报告","2","","","","","","1","1766737136153","",""
"416974","2026-08-24T10:30:00.000Z","1787567400000","Kosovo","Balance of Trade","Balance of Trade","贸易差额","1","€-615.7M","","€-578.3M","","1785456000000","0","1787567393190","€","M"
"418200","2026-08-24T10:00:00.000Z","1787565600000","Belgium","Calendar","2031 OLO Auction","2031年到期OLO国债拍卖","1","3.260%","","3.142%","","","0","1787566779540","","%"
"421015","2026-08-24T10:00:00.000Z","1787565600000","Belgium","Calendar","2045 OLO Auction","2045年到期OLO国债拍卖","1","4.389%","","4.188%","","","0","1787566772500","","%"
"421016","2026-08-24T10:00:00.000Z","1787565600000","Belgium","Government Bond 10Y","2036 OLO Auction","2036年到期OLO国债拍卖","1","3.805%","","3.480%","","","0","1787566765803","","%"
"396599","2026-08-24T09:30:00.000Z","1787563800000","South Africa","Calendar","364-Day T-Bill Auction","364天期国库券拍卖","1","7.75%","","7.75%","","","0","1787564698780","","%"
"396600","2026-08-24T09:30:00.000Z","1787563800000","South Africa","Calendar","91-Day T-Bill Auction","91天期国库券拍卖","1","6.89%","","6.96%","","","0","1787564672377","","%"
"396601","2026-08-24T09:30:00.000Z","1787563800000","South Africa","Calendar","182-Day T-Bill Auction","182天期国库券拍卖","1","7.41%","","7.42%","","","0","1787564680663","","%"
"396602","2026-08-24T09:30:00.000Z","1787563800000","South Africa","Calendar","273-Day T-Bill Auction","273天期国库券拍卖","1","7.67%","","7.66%","","","0","1787564691433","","%"
"417551","2026-08-24T09:30:00.000Z","1787563800000","Germany","Calendar","11-Month Bubill Auction","11个月期德国国库券（Bubill）拍卖","1","2.647%","","2.622%","","","0","1787564709257","","%"
"417552","2026-08-24T09:30:00.000Z","1787563800000","Germany","Calendar","5-Month Bubill Auction","5个月期德国国库券（Bubill）拍卖","1","2.492%","","2.406%","","","0","1787564716303","","%"
"405323","2026-08-24T08:20:00.000Z","1787559600000","Taiwan","Money Supply M2","M2 Money Supply YoY","M2货币供应量同比","1","7.42%","","8.13%","","1785456000000","0","1787559600580","","%"
"416982","2026-08-24T08:15:00.000Z","1787559300000","Kosovo","Producer Prices Change","PPI YoY","生产者价格指数同比","1","4.6%","","7.9%","","1782777600000","0","1787559278193","","%"
"407732","2026-08-24T08:00:00.000Z","1787558400000","Palestine","Balance of Trade","Balance of Trade","贸易差额","1","$-521.3M","","$-526.4M","","1782777600000","0","1787558422557","$","M"
"411134","2026-08-24T08:00:00.000Z","1787558400000","Taiwan","Unemployment Rate","Unemployment Rate","失业率","1","3.33%","","3.33%","","1785456000000","0","1787558409450","","%"
"412833","2026-08-24T07:30:00.000Z","1787556600000","Poland","Retail Sales YoY","Retail Sales YoY","零售销售同比","1","3.9%","4.5%","6.2%","","1785456000000","0","1787556697753","","%"
"408416","2026-08-24T07:00:00.000Z","1787554800000","Czech Republic","Consumer Confidence","Consumer Confidence","消费者信心指数","1","102.3","","105.6","","1788134400000","0","1787554820333","",""
"410230","2026-08-24T07:00:00.000Z","1787554800000","Czech Republic","Business Confidence","Business Confidence","商业信心指数","1","100.2","","100.2","","1788134400000","0","1787554839780","",""
"412176","2026-08-24T06:00:00.000Z","1787551200000","Norway","Loan Growth","Loan Growth YoY","贷款增长率同比","1","4.3%","","4.4%","","1785456000000","0","1787551207670","","%"
"404198","2026-08-24T05:00:00.000Z","1787547600000","Singapore","Inflation Rate","Inflation Rate YoY","通胀率同比","1","2.2%","","1.9%","","1785456000000","0","1787547600910","","%"
"406975","2026-08-24T05:00:00.000Z","1787547600000","Singapore","Inflation Rate Mom","Inflation Rate MoM","通胀率环比","1","-0.2%","","0%","","1785456000000","0","1787547668620","","%"
"407099","2026-08-24T05:00:00.000Z","1787547600000","Singapore","Core Inflation Rate","Core Inflation Rate YoY","核心通胀率同比","1","2%","","1.6%","","1785456000000","0","1787547600910","","%"
"407439","2026-08-24T05:00:00.000Z","1787547600000","Finland","Producer Prices Change","PPI YoY","生产者价格指数同比","1","6.9%","","6.7%","","1785456000000","0","1787547652667","","%"
"410032","2026-08-24T05:00:00.000Z","1787547600000","Finland","Import Prices YoY","Import Prices YoY","进口价格同比","1","7.3%","","6.5%","","1785456000000","0","1787547648163","","%"
"410932","2026-08-24T05:00:00.000Z","1787547600000","Finland","Export Prices YoY","Export Prices YoY","出口价格同比","1","8.5%","","6.1%","","1785456000000","0","1787547640770","","%"
"406034","2026-08-24T04:40:00.000Z","1787546400000","Indonesia","Money Supply M2","M2 Money Supply YoY","M2货币供应量同比","1","8.3%","","8.7%","","1785456000000","0","1787546504853","","%"
"403907","2026-08-24T04:00:00.000Z","1787544000000","Malaysia","Coincident Index","Coincident Index MoM","同步指数环比","1","0.3%","","-0.3%","","1782777600000","0","1787544062370","","%"
"408003","2026-08-24T04:00:00.000Z","1787544000000","Malaysia","Leading Economic Index","Leading Index MoM","领先指数环比","1","0.02%","","-0.5%","","1782777600000","0","1787544043397","","%"
"420285","2026-08-24T03:35:00.000Z","1787542500000","Japan","Calendar","10-Year Climate Transition JGB Auction","10年期日本气候转型国债（JGB）拍卖","1","2.863%","","2.195%","","","0","1787542541033","","%"
"417810","2026-08-24T02:30:00.000Z","1787538600000","South Korea","5 Year Note Yield","5-Year KTB Auction","5年期韩国国债（KTB）拍卖","1","4.131%","","4.165%","","","0","1787538641897","","%"
"416327","2026-08-24T00:00:00.000Z","1787529600000","Fiji","Holidays","Milad-Un-Nabi","圣纪节（先知诞辰）","1","","","","","","0","1764785115032","",""
"416328","2026-08-24T00:00:00.000Z","1787529600000","Liberia","Holidays","Flag Day","国旗日","1","","","","","","0","1764785115032","",""
"401403","2026-08-23T22:45:00.000Z","1787525100000","New Zealand","Retail Sales YoY","Retail Sales YoY","零售销售同比","1","3.3%","","4.5%","","1782777600000","0","1787525164883","","%"
"403006","2026-08-23T22:45:00.000Z","1787525100000","New Zealand","Retail Sales MoM","Retail Sales QoQ","零售销售季环比","1","-0.5%","0.1%","1.0%","0.9%","1782777600000","0","1787525257647","","%"
"420898","2026-08-23T06:00:00.000Z","1787464800000","Saudi Arabia","Construction Costs","Construction Cost Index","建筑成本指数","1","104.0","","104.0","","1785456000000","0","1787465197230","",""
"404810","2026-08-21T20:20:00.000Z","1787343600000","Peru","GDP Annual Growth Rate","GDP Growth Rate YoY","国内生产总值（GDP）增长率同比","1","2.6%","","3.6%","3.5%","1782777600000","0","1787345323677","","%"
"407729","2026-08-21T19:00:00.000Z","1787338800000","Argentina","Retail Sales YoY","Retail Sales YoY","零售销售同比","1","13.4%","","33.1%","25.9%","1782777600000","0","1787342354153","","%"
"396598","2026-08-21T17:20:00.000Z","1787332800000","United States","Crude Oil Rigs","Baker Hughes Oil Rig Count","贝克休斯石油钻井平台数量","1","452","456","455","","1787270400000","0","1787332843017","",""
"396597","2026-08-21T17:00:00.000Z","1787331600000","United States","Total Rigs","Baker Hughes Total Rigs Count","贝克休斯钻井平台总数","1","588","","593","","1787270400000","0","1787332850887","",""
"420987","2026-08-21T14:30:00.000Z","1787322600000","Canada","Interest Rate","Senior Loan Officer Survey","高级贷款主管调查","2","","","","","","0","1786112334467","",""
"402970","2026-08-21T14:00:00.000Z","1787320800000","Euro Area","Consumer Confidence","Consumer Confidence Flash","消费者信心指数快报值","2","-15.5","-16.3","-15.9","","1788134400000","0","1787320950037","",""
"397895","2026-08-21T13:45:00.000Z","1787319900000","United States","Services PMI","S&P Global Services PMI Flash","标普全球服务业采购经理人指数快报值","2","56.8","54","54.6","","1788134400000","","1787319901300","",""
"398010","2026-08-21T13:45:00.000Z","1787319900000","United States","Manufacturing PMI","S&P Global Manufacturing PMI Flash","标普全球制造业采购经理人指数快报值","2","53.2","53.9","53.9","","1788134400000","","1787319906182","",""
"399098","2026-08-21T13:45:00.000Z","1787319900000","United States","Composite PMI","S&P Global Composite PMI Flash","标普全球综合采购经理人指数快报值","2","56.0","","54.5","","1788134400000","","1787319901416","",""
"409205","2026-08-21T13:30:00.000Z","1787319000000","Malawi","Inflation Rate","Inflation Rate YoY","通胀率同比","1","20.8%","","21.1%","","1785456000000","0","1787319010857","","%"
"404172","2026-08-21T12:30:00.000Z","1787315400000","Canada","Retail Sales YoY","Retail Sales YoY","零售销售同比","1","5.2%","","6.1%","5.9%","1782777600000","0","1787315862403","","%"
"405909","2026-08-21T12:30:00.000Z","1787315400000","Canada","Retail Sales MoM","Retail Sales MoM Final","零售销售环比终值","2","0.6%","0.4%","1%","","1782777600000","0","1787315407647","","%"
"412323","2026-08-21T12:30:00.000Z","1787315400000","Canada","Retail Sales MoM","Retail Sales MoM Prel","零售销售环比初值","2","-0.8%","","1%","","1785456000000","0","1787315439063","","%"
"414571","2026-08-21T12:30:00.000Z","1787315400000","Canada","Retail Sales Ex Autos","Retail Sales Ex Autos MoM","扣除汽车的零售销售环比","2","0.5%","0.4%","1.2%","","1782777600000","0","1787315401547","","%"
"405823","2026-08-21T12:00:00.000Z","1787313600000","Mexico","Retail Sales YoY","Retail Sales YoY","零售销售同比","1","2.7%","3.1%","1.6%","","1782777600000","0","1787313602830","","%"
"406778","2026-08-21T12:00:00.000Z","1787313600000","Mexico","Retail Sales MoM","Retail Sales MoM","零售销售环比","1","-0.2%","0.1%","-0.6%","","1782777600000","0","1787313602977","","%"
"396594","2026-08-21T11:30:00.000Z","1787311800000","India","Foreign Exchange Reserves","Foreign Exchange Reserves","外汇储备","1","$716.91B","","$707B","","1786665600000","0","1787311808987","$","B"
"405270","2026-08-21T11:00:00.000Z","1787310000000","Canada","Small Business Sentiment","CFIB Business Barometer","CFIB商业晴雨表指数","1","57.6","","58.6","58.3","1788134400000","0","1787310006693","",""
"409512","2026-08-21T10:00:00.000Z","1787306400000","Latvia","Producer Price Inflation MoM","PPI MoM","生产者价格指数环比","1","0.1%","","0.5%","","1785456000000","0","1787306478250","","%"
"410285","2026-08-21T10:00:00.000Z","1787306400000","Macau","Retail Sales YoY","Retail Sales YoY","零售销售同比","1","6.2%","","16.5%","","1782777600000","0","1787306592807","","%"
"413740","2026-08-21T10:00:00.000Z","1787306400000","Ireland","Producer Price Inflation MoM","Wholesale Prices MoM","批发价格环比","1","3.2%","","-0.2%","","1785456000000","0","1787306475897","","%"
"414169","2026-08-21T10:00:00.000Z","1787306400000","Ireland","Producer Prices Change","Wholesale Prices YoY","批发价格同比","1","7.3%","","3.5%","","1785456000000","0","1787306469350","","%"
"414369","2026-08-21T10:00:00.000Z","1787306400000","Latvia","Producer Prices Change","PPI YoY","生产者价格指数同比","1","3.5%","","3.3%","","1785456000000","0","1787306472403","","%"
"412070","2026-08-21T09:20:00.000Z","1787304000000","Slovenia","Unemployment Rate","Unemployment Rate","失业率","1","4.3%","","4.4%","","1782777600000","0","1787304115023","","%"
"402102","2026-08-21T09:00:00.000Z","1787302800000","China","Foreign Direct Investment YoY","FDI (YTD) YoY","外国直接投资（FDI）年初至今累计同比","2","-6.2%","","-5%","","1785456000000","0","1787303188590","","%"
"403148","2026-08-21T09:00:00.000Z","1787302800000","Euro area","Negotiated Wage Growth","Negotiated Wage Growth","协商工资增长率","2","2.44%","","2.56%","2.46%","1782777600000","0","1787302971527","","%"
"408410","2026-08-21T09:00:00.000Z","1787302800000","Croatia","Unemployment Rate","Unemployment Rate","失业率","1","3.4%","","3.3%","","1785456000000","0","1787302849803","","%"
"412575","2026-08-21T09:00:00.000Z","1787302800000","Belgium","Consumer Confidence","Consumer Confidence","消费者信心指数","1","-7","","-5","","1788134400000","0","1787302844650","",""
"399603","2026-08-21T08:30:00.000Z","1787301000000","United Kingdom","Composite PMI","S&P Global Composite PMI Flash","标普全球综合采购经理人指数快报值","1","52.5","51.6","52.2","","1788134400000","","1787301001037","",""
"399654","2026-08-21T08:30:00.000Z","1787301000000","United Kingdom","Services PMI","S&P Global Services PMI Flash","标普全球服务业采购经理人指数快报值","3","52.8","51.8","52.1","","1788134400000","","1787301001041","",""
"399689","2026-08-21T08:30:00.000Z","1787301000000","United Kingdom","Manufacturing PMI","S&P Global Manufacturing PMI Flash","标普全球制造业采购经理人指数快报值","3","51.5","51.5","51.9","","1788134400000","","1787301001044","",""
"403807","2026-08-21T08:30:00.000Z","1787301000000","Slovenia","Producer Prices Change","PPI YoY","生产者价格指数同比","1","3.4%","","2.4%","","1785456000000","0","1787301085327","","%"
"412259","2026-08-21T08:30:00.000Z","1787301000000","Slovenia","Consumer Confidence","Consumer Confidence","消费者信心指数","1","-22","","-20","","1788134400000","0","1787301148480","",""
"414298","2026-08-21T08:30:00.000Z","1787301000000","Macau","GDP Annual Growth Rate","GDP Growth Rate YoY Final","国内生产总值（GDP）增长率同比终值","1","0.3%","","7.1%","","1782777600000","0","1787301127090","","%"
"408622","2026-08-21T08:25:00.000Z","1787300700000","Macau","Tourist Arrivals","Tourist Arrivals YoY","入境游客人数同比","1","2.4%","","-3.1%","","1785456000000","0","1787300741533","","%"
"411217","2026-08-21T08:15:00.000Z","1787300100000","Macau","Inflation Rate","Inflation Rate YoY","通胀率同比","1","1.12%","","1.24%","","1785456000000","0","1787300132117","","%"
"412165","2026-08-21T08:15:00.000Z","1787300100000","Macau","Inflation Rate Mom","Inflation Rate MoM","通胀率环比","1","-0.01%","","-0.15%","","1785456000000","0","1787300126150","","%"
"400636","2026-08-21T08:00:00.000Z","1787299200000","Euro Area","Manufacturing PMI","S&P Global Manufacturing PMI Flash","标普全球制造业采购经理人指数快报值","2","52.8","51.8","51.9","","1788134400000","","1787299208463","",""
"403003","2026-08-21T08:00:00.000Z","1787299200000","Euro Area","Services PMI","S&P Global Services PMI Flash","标普全球服务业采购经理人指数快报值","2","51.7","51.5","51.7","","1788134400000","","1787299208602","",""
"403348","2026-08-21T08:00:00.000Z","1787299200000","Euro Area","Inflation Expectations","ECB Consumer Inflation Expectations","欧洲央行（ECB）消费者通胀预期","1","2.9%","","3%","","1785456000000","0","1787299236223","","%"
"403588","2026-08-21T08:00:00.000Z","1787299200000","Euro Area","Composite PMI","S&P Global Composite PMI Flash","标普全球综合采购经理人指数快报值","2","52.1","51.7","52.0","","1788134400000","","1787299205255","",""
"411173","2026-08-21T08:00:00.000Z","1787299200000","Lebanon","Inflation Rate","Inflation Rate YoY","通胀率同比","1","15.7%","","17.3%","","1785456000000","0","1787299397170","","%"
"414814","2026-08-21T08:00:00.000Z","1787299200000","Turkey","Tourist Arrivals","Tourist Arrivals YoY","入境游客人数同比","1","-0.3%","","-4.02%","","1785456000000","0","1787299277650","","%"
"400869","2026-08-21T07:30:00.000Z","1787297400000","Germany","Manufacturing PMI","S&P Global Manufacturing PMI Flash","标普全球制造业采购经理人指数快报值","3","54.1","52","52.2","","1788134400000","","1787297406378","",""
"401559","2026-08-21T07:30:00.000Z","1787297400000","Germany","Services PMI","S&P Global Services PMI Flash","标普全球服务业采购经理人指数快报值","2","48.5","50.1","49.8","","1788134400000","","1787297406242","",""
"402326","2026-08-21T07:30:00.000Z","1787297400000","Germany","Composite PMI","S&P Global Composite PMI Flash","标普全球综合采购经理人指数快报值","2","51.0","51.3","51.3","","1788134400000","","1787297406099","",""
"418739","2026-08-21T07:30:00.000Z","1787297400000","Poland","Business Confidence","Business Confidence","商业信心指数","1","-5.1","","-5.3","","1788134400000","0","1787297780437","",""
"400130","2026-08-21T07:15:00.000Z","1787296500000","France","Manufacturing PMI","S&P Global Manufacturing PMI Flash","标普全球制造业采购经理人指数快报值","2","51.5","50","49.8","","1788134400000","","1787296505369","",""
"401636","2026-08-21T07:15:00.000Z","1787296500000","France","Services PMI","S&P Global Services PMI Flash","标普全球服务业采购经理人指数快报值","2","48.4","49.8","49.6","","1788134400000","","1787296505469","",""
"402183","2026-08-21T07:15:00.000Z","1787296500000","France","Composite PMI","S&P Global Composite PMI Flash","标普全球综合采购经理人指数快报值","2","48.8","49.5","49.4","","1788134400000","","1787296505274","",""
"411589","2026-08-21T07:10:00.000Z","1787296200000","Ethiopia","Inflation Rate","Inflation Rate YoY","通胀率同比","1","15.3%","","13.9%","","1785456000000","0","1787296488743","","%"
"410859","2026-08-21T07:00:00.000Z","1787295600000","Turkey","Capacity Utilization","Capacity Utilization","产能利用率","1","73.5%","","73.9%","","1788134400000","0","1787295653100","","%"
"411065","2026-08-21T07:00:00.000Z","1787295600000","Turkey","Consumer Confidence","Consumer Confidence","消费者信心指数","2","90.8","","89.8","","1788134400000","0","1787295638990","",""
"412810","2026-08-21T07:00:00.000Z","1787295600000","Turkey","Business Confidence","Business Confidence","商业信心指数","2","102.8","","102.20","","1788134400000","0","1787295645590","",""
"400622","2026-08-21T06:45:00.000Z","1787294700000","France","Business Climate Indicator","Business Climate Indicator","商业景气指标","1","98","98","97","","1788134400000","0","1787294801897","",""
"402584","2026-08-21T06:45:00.000Z","1787294700000","France","Business Confidence","Business Confidence","商业信心指数","2","103","101","101","","1788134400000","0","1787294700683","",""
"403924","2026-08-21T06:30:00.000Z","1787293800000","Kuwait","Inflation Rate","Inflation Rate YoY","通胀率同比","1","","","","","1785456000000","0","1764778459733","",""
"399365","2026-08-21T06:00:00.000Z","1787292000000","United Kingdom","Retail Sales YoY","Retail Sales YoY","零售销售同比","2","1.6%","2.2%","3.8%","4.2%","1785456000000","0","1787292004677","","%"
"399562","2026-08-21T06:00:00.000Z","1787292000000","United Kingdom","Retail Sales Ex Fuel","Retail Sales ex Fuel MoM","扣除燃料的零售销售环比","1","-0.9%","-0.5%","0.9%","1.1%","1785456000000","0","1787292009843","","%"
"399889","2026-08-21T06:00:00.000Z","1787292000000","United Kingdom","Retail Sales MoM","Retail Sales MoM","零售销售环比","3","-0.5%","-0.5%","0.7%","1%","1785456000000","0","1787292004673","","%"
"399962","2026-08-21T06:00:00.000Z","1787292000000","United Kingdom","Government Budget Value","Public Sector Net Borrowing Ex Banks","不含银行的公共部门净借款","1","£-1.8B","£0B","£-12.8B","£-16B","1785456000000","0","1787292071733","£","B"
"403953","2026-08-21T06:00:00.000Z","1787292000000","Sweden","Unemployment Rate","Unemployment Rate","失业率","1","7.8%","","9.9%","","1785456000000","0","1787292068200","","%"
"407023","2026-08-21T06:00:00.000Z","1787292000000","Denmark","Business Confidence","Business Confidence","商业信心指数","1","97.9","","99.2","","1788134400000","0","1787292052687","",""
"409064","2026-08-21T06:00:00.000Z","1787292000000","Sweden","Employed Persons","Employed Persons","就业人数","1","5.507M","","5.398M","","1785456000000","0","1787292175843","","M"
"414654","2026-08-21T06:00:00.000Z","1787292000000","Denmark","Consumer Confidence","Consumer Confidence","消费者信心指数","1","-13.1","","-14.7","","1788134400000","0","1787292004890","",""
"418418","2026-08-21T06:00:00.000Z","1787292000000","United Kingdom","Retail Sales Ex Fuel","Retail Sales ex Fuel YoY","扣除燃料的零售销售同比","1","2.3%","3.3%","5%","5.4%","1785456000000","0","1787292004930","","%"
"399278","2026-08-21T05:00:00.000Z","1787288400000","India","Manufacturing PMI","HSBC Manufacturing PMI Flash","汇丰（HSBC）制造业采购经理人指数快报值","2","52.9","54","53.5","","1788134400000","","1787288487030","",""
"399291","2026-08-21T05:00:00.000Z","1787288400000","India","Services PMI","HSBC Services PMI Flash","汇丰（HSBC）服务业采购经理人指数快报值","2","54.5","53.8","53.3","","1787270400000","","1787288438855","",""
"399303","2026-08-21T05:00:00.000Z","1787288400000","India","Composite PMI","HSBC Composite PMI Flash","汇丰（HSBC）综合采购经理人指数快报值","2","54.6","54.4","54.3","","1788134400000","","1787288447066","",""
"410200","2026-08-21T05:00:00.000Z","1787288400000","Estonia","Producer Price Inflation MoM","PPI MoM","生产者价格指数环比","1","-0.6%","","-0.3%","","1785456000000","0","1787288468293","","%"
"413784","2026-08-21T05:00:00.000Z","1787288400000","Estonia","Producer Prices Change","PPI YoY","生产者价格指数同比","1","3.5%","","3.8%","","1785456000000","0","1787288717637","","%"
"404960","2026-08-21T04:30:00.000Z","1787286600000","Netherlands","Consumer Confidence","Consumer Confidence","消费者信心指数","2","-34.0","","-35.0","","1788134400000","0","1787286600603","",""
"405352","2026-08-21T03:40:00.000Z","1787283600000","Indonesia","Current Account","Current Account","经常账户差额","1","$-12.5B","","$-3.6B","$-4.0B","1782777600000","0","1787283679760","$","B"
"396593","2026-08-21T03:35:00.000Z","1787283300000","Japan","3 Month Bill Yield","3-Month Bill Auction","3个月期国库券拍卖","1","1.0816%","","1.0919%","","","0","1787283067213","","%"
"420791","2026-08-21T03:00:00.000Z","1787281200000","New Zealand","Calendar","Credit Card Spending YoY","信用卡支出同比","1","5.3%","","3.2%","3.1%","1785456000000","0","1787281279087","","%"
"411521","2026-08-21T02:00:00.000Z","1787277600000","East Timor","Inflation Rate Mom","Inflation Rate MoM","通胀率环比","1","","","","","1785456000000","1","1766032328877","",""
"413815","2026-08-21T02:00:00.000Z","1787277600000","East Timor","Inflation Rate","Inflation Rate YoY","通胀率同比","1","","","","","1785456000000","1","1766032285953","",""
"401231","2026-08-21T00:30:00.000Z","1787272200000","Japan","Composite PMI","S&P Global Composite PMI Flash","标普全球综合采购经理人指数快报值","1","53.40","","52.7","","1788134400000","","1787272207250","",""
"403284","2026-08-21T00:30:00.000Z","1787272200000","Japan","Services PMI","S&P Global Services PMI Flash","标普全球服务业采购经理人指数快报值","2","52.3","","51.2","","1788134400000","","1787272207465","",""
"403309","2026-08-21T00:30:00.000Z","1787272200000","Japan","Manufacturing PMI","S&P Global Manufacturing PMI Flash","标普全球制造业采购经理人指数快报值","2","55.1","55.1","54.5","","1788134400000","","1787272207346","",""
"416323","2026-08-21T00:00:00.000Z","1787270400000","Hungary","Holidays","Hungary National Day","匈牙利国庆日","1","","","","","","0","1764785115031","",""
"416324","2026-08-21T00:00:00.000Z","1787270400000","Iran","Holidays","Martyrdom of Imam Hasan Asgari","伊玛目Hasan Asgari殉难日","1","","","","","","0","1764785115031","",""
"416325","2026-08-21T00:00:00.000Z","1787270400000","Morocco","Holidays","Youth Day","青年节","1","","","","","","0","1764785115313","",""
"416326","2026-08-21T00:00:00.000Z","1787270400000","Philippines","Holidays","Ninoy Aquino Day","Ninoy Aquino纪念日","1","","","","","","0","1764785115313","",""
"400234","2026-08-20T23:30:00.000Z","1787268600000","Japan","Inflation Rate Mom","Inflation Rate MoM","通胀率环比","1","0.4%","","0.3%","","1785456000000","0","1787268701907","","%"
"401159","2026-08-20T23:30:00.000Z","1787268600000","Japan","Core Inflation Rate","Core Inflation Rate YoY","核心通胀率同比","2","1.8%","1.8%","1.6%","","1785456000000","0","1787268601433","","%"
"402954","2026-08-20T23:30:00.000Z","1787268600000","Japan","Inflation Rate","Inflation Rate YoY","通胀率同比","3","1.9%","","1.6%","1.7%","1785456000000","0","1787269886937","","%"
"403586","2026-08-20T23:30:00.000Z","1787268600000","Japan","CPI Core Core","Inflation Rate Ex-Food and Energy YoY","扣除食品和能源的通胀率同比","1","1.9%","","1.7%","","1785456000000","0","1787270923980","","%"
"399396","2026-08-20T23:01:00.000Z","1787266860000","United Kingdom","Consumer Confidence","GfK Consumer Confidence","GfK消费者信心指数","2","-14","-18","-17","","1788134400000","0","1787266861013","",""
"400612","2026-08-20T23:00:00.000Z","1787266800000","Australia","manufacturing pmi","S&P Global Manufacturing PMI Flash","标普全球制造业采购经理人指数快报值","2","52.0","","52.0","","1788134400000","","1787266842674","",""
"402982","2026-08-20T23:00:00.000Z","1787266800000","Australia","Composite PMI","S&P Global Composite PMI Flash","标普全球综合采购经理人指数快报值","1","52.5","","53.2","","1788134400000","","1787266836777","",""
"403087","2026-08-20T23:00:00.000Z","1787266800000","Australia","services pmi","S&P Global Services PMI Flash","标普全球服务业采购经理人指数快报值","2","52.9","","53.6","","1788134400000","","1787266902202","",""
"400211","2026-08-20T22:45:00.000Z","1787265900000","New Zealand","Exports","Exports","出口额","1","NZ$7.39B","","NZ$7.82B","NZ$8.09B","1785456000000","0","1787266169510","NZ$","B"
"401263","2026-08-20T22:45:00.000Z","1787265900000","New Zealand","Balance of Trade","Balance of Trade","贸易差额","2","NZ$-1.95B","NZ$-0.175B","NZ$-0.24B","NZ$0.02B","1785456000000","0","1787271394830","NZ$","B"
"401852","2026-08-20T22:45:00.000Z","1787265900000","New Zealand","Imports","Imports","进口额","1","NZ$9.34B","","NZ$8.07B","","1785456000000","0","1787266137730","NZ$","B"
"406994","2026-08-20T21:00:00.000Z","1787259600000","South Korea","Producer Price Inflation MoM","PPI MoM","生产者价格指数环比","1","-0.4%","","0%","","1785456000000","0","1787260645310","","%"
"410935","2026-08-20T21:00:00.000Z","1787259600000","South Korea","Producer Prices Change","PPI YoY","生产者价格指数同比","1","7.7%","","8.5%","8.6%","1785456000000","0","1787259605250","","%"
"414747","2026-08-20T20:50:00.000Z","1787259000000","Peru","Current Account","Current Account","经常账户差额","1","$2.625B","","$4.723B","$4.463B","1782777600000","0","1787259059240","$","B"
"397778","2026-08-20T20:30:00.000Z","1787257800000","United States","Central Bank Balance Sheet","Fed Balance Sheet","美联储资产负债表","1","$6.746T","","$6.760T","","1787097600000","0","1787258051173","$","T"
"406674","2026-08-20T19:10:00.000Z","1787253000000","Argentina","Balance of Trade","Balance of Trade","贸易差额","1","$2115M","$1850M","$2194M","","1785456000000","0","1787252966573","$","M"
"409479","2026-08-20T19:10:00.000Z","1787253000000","Argentina","Monthly GDP YoY","Economic Activity YoY","经济活动同比","1","2.7%","1.9%","0.4%","0.2%","1782777600000","0","1787254845107","","%"
"403939","2026-08-20T17:30:00.000Z","1787247000000","Argentina","Leading Economic Index","Leading Indicator MoM","领先指标环比","1","-0.72%","","-0.52%","0.09%","1785456000000","0","1787249807540","","%"
"420074","2026-08-20T17:00:00.000Z","1787245200000","United States","30 Year TIPS Yield","30-Year TIPS Auction","30年期通胀保值国债（TIPS）拍卖","1","2.973%","","2.473%","","","0","1787245599473","","%"
"396591","2026-08-20T16:00:00.000Z","1787241600000","United States","15 Year Mortgage Rate","15-Year Mortgage Rate","15年期抵押贷款利率","1","5.95%","","6.01%","","1787184000000","0","1787241669313","","%"
"396592","2026-08-20T16:00:00.000Z","1787241600000","United States","30 Year Mortgage Rate","30-Year Mortgage Rate","30年期抵押贷款利率","1","6.65%","","6.67%","","1787184000000","0","1787241632777","","%"
"396589","2026-08-20T15:30:00.000Z","1787239800000","United States","8 Week Bill Yield","8-Week Bill Auction","8周期国库券拍卖","1","3.655%","","3.665%","","","0","1787239966777","","%"
"396590","2026-08-20T15:30:00.000Z","1787239800000","United States","4 Week Bill Yield","4-Week Bill Auction","4周期国库券拍卖","1","3.640%","","3.625%","","","0","1787239958960","","%"
"407337","2026-08-20T15:00:00.000Z","1787238000000","Argentina","Consumer Confidence","Consumer Confidence","消费者信心指数","1","40.23","","40.67","","1788134400000","0","1787237355330","",""
"396588","2026-08-20T14:30:00.000Z","1787236200000","United States","Natural Gas Stocks Change","EIA Natural Gas Stocks Change","EIA天然气库存变动","1","16Bcf","19Bcf","36Bcf","","1786665600000","0","1787236202587","","Bcf"
"406180","2026-08-20T14:30:00.000Z","1787236200000","Turkey","Government Debt","Central Government Debt","中央政府债务","1","TRY15.463T","","TRY14.992T","","1785456000000","0","1787236368597","TRY","T"
"418278","2026-08-20T14:20:00.000Z","1787235600000","Egypt","Interest Rate","Interest Rate Decision","利率决议","1","19%","19%","19%","","1787184000000","0","1787236067037","","%"
"418286","2026-08-20T14:20:00.000Z","1787235600000","Egypt","Lending Rate","Overnight Lending Rate","隔夜贷款利率","1","20%","20%","20%","","1787184000000","0","1787236076613","","%"
"419942","2026-08-20T14:00:00.000Z","1787234400000","United States","Calendar","CB Leading Index MoM","世界大型企业联合会（CB）领先指数环比","1","0.2%","0.1%","-0.1%","-0.2%","1785456000000","0","1787234404650","","%"
"421222","2026-08-20T13:20:00.000Z","1787232000000","United States","Calendar","NY Fed Bill Purchases 1 to 4 months","纽约联储购买1至4个月期国库券","1","","$4.243 billion","","","","0","1788535618433","",""
"396585","2026-08-20T12:30:00.000Z","1787229000000","United States","Continuing Jobless Claims","Continuing Jobless Claims","续请失业金人数","1","1799K","1790K","1781K","1777K","1786147200000","0","1787229002350","","K"
"396586","2026-08-20T12:30:00.000Z","1787229000000","United States","Jobless Claims 4-week Average","Jobless Claims 4-week Average","初请失业金人数四周平均值","1","204K","","199.75K","199K","1786752000000","0","1787229002323","","K"
"396587","2026-08-20T12:30:00.000Z","1787229000000","United States","Initial Jobless Claims","Initial Jobless Claims","初请失业金人数","2","206K","210K","212K","209K","1786752000000","0","1787229002320","","K"
"398513","2026-08-20T12:30:00.000Z","1787229000000","United States","Philly Fed Business Conditions","Philly Fed Business Conditions","费城联储商业状况指数","1","73.6","","34.4","","1788134400000","0","1787229005230","",""
"398552","2026-08-20T12:30:00.000Z","1787229000000","United States","Philly Fed Prices Paid","Philly Fed Prices Paid","费城联储支付价格指数","1","40.90","","53.90","","1788134400000","0","1787229004717","",""
"398797","2026-08-20T12:30:00.000Z","1787229000000","United States","Philadelphia Fed Manufacturing Index","Philadelphia Fed Manufacturing Index","费城联储制造业指数","2","47.4","25","41.4","","1788134400000","0","1787229004493","",""
"398846","2026-08-20T12:30:00.000Z","1787229000000","United States","Philly Fed CAPEX Index","Philly Fed CAPEX Index","费城联储资本支出（CAPEX）指数","1","48.20","","30.10","","1788134400000","0","1787229005220","",""
"399005","2026-08-20T12:30:00.000Z","1787229000000","United States","Philly Fed New Orders","Philly Fed New Orders","费城联储新订单指数","1","30.1","","37.0","","1788134400000","0","1787229004703","",""
"399252","2026-08-20T12:30:00.000Z","1787229000000","United States","Philly Fed Employment","Philly Fed Employment","费城联储就业指数","1","27.9","","10.0","","1788134400000","0","1787229004963","",""
"407192","2026-08-20T12:30:00.000Z","1787229000000","Canada","Commodity Prices YoY","Raw Materials Prices YoY","原材料价格同比","1","18.1%","","21%","20.7%","1785456000000","0","1787229107027","","%"
"407302","2026-08-20T12:30:00.000Z","1787229000000","Canada","House Price Index MoM","New Housing Price Index MoM","新建住宅价格指数环比","2","-0.1%","0%","-0.1%","","1785456000000","0","1787229006733","","%"
"407695","2026-08-20T12:30:00.000Z","1787229000000","Canada","Wholesale Prices","Raw Materials Prices MoM","原材料价格环比","1","-2.2%","-1.8%","-6.7%","-6.9%","1785456000000","0","1787229103567","","%"
"410831","2026-08-20T12:30:00.000Z","1787229000000","South Africa","Building Permits","Building Permits YoY","建筑许可数量同比","1","30.5%","","-12.9%","-13.1%","1782777600000","0","1787229150367","","%"
"411954","2026-08-20T12:30:00.000Z","1787229000000","Canada","Producer Prices Change","PPI YoY","生产者价格指数同比","1","12.4%","","12.4%","","1785456000000","0","1787229013050","","%"
"413139","2026-08-20T12:30:00.000Z","1787229000000","Canada","Producer Price Inflation MoM","PPI MoM","生产者价格指数环比","1","0.6%","-0.4%","-1.4%","","1785456000000","0","1787229012333","","%"
"410066","2026-08-20T12:15:00.000Z","1787228100000","Slovakia","Unemployment Rate","Unemployment Rate","失业率","1","5.3%","5.3%","5.2%","","1785456000000","0","1787229458910","","%"
"420943","2026-08-20T12:00:00.000Z","1787227200000","Brazil","Interest Rate","BCB National Monetary Council Meeting","BCB国家货币委员会会议","2","","","","","","1","1785421532037","",""
"396584","2026-08-20T11:30:00.000Z","1787225400000","Turkey","Foreign Exchange Reserves","Foreign Exchange Reserves","外汇储备","1","$75.166B","","$71.022B","","1786665600000","0","1787225464650","$","B"
"400393","2026-08-20T11:30:00.000Z","1787225400000","India","Construction Output","Infrastructure Output YoY","基础设施产出同比","1","5.4%","","6%","5%","1785456000000","0","1787226166220","","%"
"420997","2026-08-20T11:30:00.000Z","1787225400000","Euro Area","Interest Rate","ECB Monetary Policy Meeting Accounts","欧洲央行（ECB）货币政策会议纪要","2","","","","","","0","1786633032813","",""
"399740","2026-08-20T10:00:00.000Z","1787220000000","United Kingdom","Factory Orders","CBI Industrial Trends Orders","英国工业联合会（CBI）工业趋势订单指数","2","-25","-40","-45","","1788134400000","0","1787220000547","",""
"404563","2026-08-20T10:00:00.000Z","1787220000000","Luxembourg","Unemployment Rate","Unemployment Rate","失业率","1","6.3%","","6.3%","6.4%","1785456000000","0","1787220007480","","%"
"418067","2026-08-20T10:00:00.000Z","1787220000000","France","Calendar","2032 OAT€i Auction","2032年到期OAT€i欧元区通胀挂钩国债拍卖","1","1.26%","","1.81%","","","0","1787220178593","","%"
"420247","2026-08-20T10:00:00.000Z","1787220000000","France","Calendar","2043 OAT€i Auction","2043年到期OAT€i欧元区通胀挂钩国债拍卖","1","2.24%","","1.87%","","","0","1787220186230","","%"
"421005","2026-08-20T10:00:00.000Z","1787220000000","France","Calendar","2047 OAT€i Auction","2047年到期OAT€i欧元区通胀挂钩国债拍卖","1","2.36%","","2.03%","","","0","1787220162250","","%"
"421006","2026-08-20T10:00:00.000Z","1787220000000","Germany","Interest Rate","Bundesbank Monthly Report","德国央行月度报告","1","","","","","","0","1786714878013","",""
"407742","2026-08-20T09:30:00.000Z","1787218200000","Cape Verde","Inflation Rate Mom","Inflation Rate MoM","通胀率环比","1","0.2%","","0.5%","","1785456000000","0","1787218251530","","%"
"408282","2026-08-20T09:30:00.000Z","1787218200000","Cape Verde","Inflation Rate","Inflation Rate YoY","通胀率同比","1","0.4%","","1.1%","","1785456000000","0","1787218235477","","%"
"420502","2026-08-20T09:05:00.000Z","1787216700000","Sweden","Calendar","2039 Inflation-linked Auction","2039年到期通胀挂钩国债拍卖","1","1.2661%","","1.1274%","","","0","1787216831520","","%"
"420999","2026-08-20T09:05:00.000Z","1787216700000","Sweden","Calendar","2036 Inflation-linked Auction","2036年到期通胀挂钩国债拍卖","1","1.1936%","","1.1025%","","","0","1787216819230","","%"
"400326","2026-08-20T09:00:00.000Z","1787216400000","Euro Area","Labour Costs","Labour Cost Index YoY Flash","劳动力成本指数同比快报值","1","3%","","3.2%","","1782777600000","0","1787216455150","","%"
"401109","2026-08-20T09:00:00.000Z","1787216400000","Euro Area","Construction Output","Construction Output YoY","建筑业产出同比","1","-0.7%","","0.7%","1.2%","1782777600000","0","1787216427070","","%"
"418056","2026-08-20T09:00:00.000Z","1787216400000","France","Calendar","2032 OAT Auction","2032年到期OAT国债拍卖","1","3.52%","","3.35%","","","0","1787216502490","","%"
"418358","2026-08-20T09:00:00.000Z","1787216400000","Sweden","Interest Rate","Riksbank Press Conference","瑞典央行新闻发布会","1","","","","","","0","1767714785853","",""
"421002","2026-08-20T09:00:00.000Z","1787216400000","France","3 Year Note Yield","2029 OAT Auction","2029年到期OAT国债拍卖","1","3.17%","","3.04%","","","0","1787216527497","","%"
"421003","2026-08-20T09:00:00.000Z","1787216400000","France","5 Year Note Yield","2031 OAT Auction","2031年到期OAT国债拍卖","1","3.37%","","3.23%","","","0","1787216512087","","%"
"421004","2026-08-20T09:00:00.000Z","1787216400000","France","Calendar","2034 OAT Auction","2034年到期OAT国债拍卖","1","3.88%","","3.45%","","","0","1787216518650","","%"
"406273","2026-08-20T08:45:00.000Z","1787215500000","Armenia","GDP Annual Growth Rate","GDP Growth Rate YoY","国内生产总值（GDP）增长率同比","1","6.7%","","5.2%","4%","1782777600000","0","1787216406220","","%"
"419032","2026-08-20T08:40:00.000Z","1787215200000","Spain","Calendar","Bonos y Obligaciones Auction","西班牙中长期国债（Bonos y Obligaciones）拍卖","1","","","","","","0","1770113835095","",""
"404117","2026-08-20T08:30:00.000Z","1787214600000","Hong Kong","Inflation Rate","Inflation Rate YoY","通胀率同比","1","1.7%","1.7%","2%","","1785456000000","0","1787214655840","","%"
"405021","2026-08-20T08:30:00.000Z","1787214600000","Hong Kong","Inflation Rate Mom","Inflation Rate MoM","通胀率环比","1","0.2%","","0.0%","","1785456000000","0","1787214983330","","%"
"409548","2026-08-20T08:30:00.000Z","1787214600000","Hong Kong","Unemployment Rate","Unemployment Rate","失业率","1","3.7%","","3.7%","","1785456000000","0","1787214624960","","%"
"405457","2026-08-20T08:20:00.000Z","1787214000000","Taiwan","Current Account","Current Account","经常账户差额","1","$58.49B","","$62.53B","","1782777600000","0","1787214493230","$","B"
"407720","2026-08-20T08:00:00.000Z","1787212800000","Greece","Current Account","Current Account","经常账户差额","1","€-0.603B","","€-0.96B","","1782777600000","0","1787212649247","€","B"
"408120","2026-08-20T08:00:00.000Z","1787212800000","Taiwan","New Orders","Export Orders YoY","出口订单同比","1","61.9%","","59.4%","","1785456000000","0","1787212806850","","%"
"408006","2026-08-20T07:30:00.000Z","1787211000000","Poland","Producer Prices Change","PPI YoY","生产者价格指数同比","1","2.8%","2.3%","1.9%","1.7%","1785456000000","0","1787211085653","","%"
"408328","2026-08-20T07:30:00.000Z","1787211000000","Poland","Industrial Production","Industrial Production YoY","工业生产同比","1","5.1%","4.9%","7.4%","7.6%","1785456000000","0","1787211080123","","%"
"409135","2026-08-20T07:30:00.000Z","1787211000000","Poland","Employment Change YoY","Employment Growth YoY","就业增长率同比","1","-0.8%","-0.9%","-0.9%","","1785456000000","0","1787211115473","","%"
"410974","2026-08-20T07:30:00.000Z","1787211000000","Poland","Wage Growth","Corporate Sector Wages YoY","企业部门工资同比","1","6.8%","6.2%","5.9%","","1785456000000","0","1787211084890","","%"
"418357","2026-08-20T07:30:00.000Z","1787211000000","Sweden","Interest Rate","Riksbank Rate Decision","瑞典央行利率决议","2","1.75%","1.75%","1.75%","","1787184000000","0","1787211014250","","%"
"407306","2026-08-20T07:00:00.000Z","1787209200000","Moldova","Industrial Production","Industrial Production YoY","工业生产同比","1","10.6%","","8.3%","8.2%","1782777600000","0","1787209317350","","%"
"408700","2026-08-20T07:00:00.000Z","1787209200000","Georgia","Producer Prices Change","PPI YoY","生产者价格指数同比","1","5.1%","","5.9%","","1785456000000","0","1787209208713","","%"
"401360","2026-08-20T06:00:00.000Z","1787205600000","Germany","Producer Prices Change","PPI YoY","生产者价格指数同比","2","3%","2.7%","1.8%","","1785456000000","0","1787205606863","","%"
"401920","2026-08-20T06:00:00.000Z","1787205600000","Germany","Producer Price Inflation MoM","PPI MoM","生产者价格指数环比","1","1.1%","0.7%","-0.3%","","1785456000000","0","1787205606863","","%"
"405475","2026-08-20T06:00:00.000Z","1787205600000","Denmark","GDP Annual Growth Rate","GDP Growth Rate YoY Prel","国内生产总值（GDP）增长率同比初值","1","4.6%","","6.2%","","1782777600000","0","1787205608133","","%"
"407958","2026-08-20T06:00:00.000Z","1787205600000","Denmark","GDP Growth Rate","GDP Growth Rate QoQ Prel","国内生产总值（GDP）增长率季环比初值","1","0.3%","","1.5%","","1782777600000","0","1787205608390","","%"
"411196","2026-08-20T06:00:00.000Z","1787205600000","Switzerland","Balance of Trade","Balance of Trade","贸易差额","2","CHF8.1B","","CHF3.8B","","1785456000000","0","1787205778460","CHF","B"
"418902","2026-08-20T05:00:00.000Z","1787202000000","Montenegro","Current Account","Current Account","经常账户差额","1","€-489.72M","","€-595.29M","€-594.87M","1782777600000","0","1787202013830","€","M"
"412295","2026-08-20T04:30:00.000Z","1787200200000","Netherlands","Unemployment Rate","Unemployment Rate","失业率","2","4%","","3.8%","","1785456000000","0","1787200200760","","%"
"406130","2026-08-20T04:00:00.000Z","1787198400000","Malaysia","Balance of Trade","Balance of Trade","贸易差额","1","MYR22.5B","MYR17.5B","MYR15.8B","MYR14.9B","1785456000000","0","1787198519707","MYR","B"
"409160","2026-08-20T04:00:00.000Z","1787198400000","Malaysia","Imports YoY","Imports YoY","进口额同比","1","36.4%","32.4%","43.1%","43.9%","1785456000000","0","1787198497253","","%"
"414640","2026-08-20T04:00:00.000Z","1787198400000","Malaysia","Exports YoY","Exports YoY","出口额同比","1","38%","34.3%","45.5%","45.4%","1785456000000","0","1787198496693","","%"
"420279","2026-08-20T03:35:00.000Z","1787196900000","Japan","20 Year Bond Yield","20-Year JGB Auction","20年期日本国债（JGB）拍卖","1","3.698%","","3.626%","","","0","1787196930807","","%"
"411611","2026-08-20T02:10:00.000Z","1787191800000","Morocco","Inflation Rate","Inflation Rate YoY","通胀率同比","1","-0.6%","","0.3%","","1785456000000","0","1787191771593","","%"
"414211","2026-08-20T02:10:00.000Z","1787191800000","Morocco","Inflation Rate Mom","Inflation Rate MoM","通胀率环比","1","-1.0%","","-0.4%","","1785456000000","0","1787191809690","","%"
"400185","2026-08-20T01:30:00.000Z","1787189400000","Australia","Employment Change","Employment Change","就业人数变动","2","-15.8K","15K","80.3K","76.3K","1785456000000","0","1787189578720","","K"
"400317","2026-08-20T01:30:00.000Z","1787189400000","Australia","Unemployment Rate","Unemployment Rate","失业率","2","4.5%","4.4%","4.4%","","1785456000000","0","1787189401467","","%"
"402250","2026-08-20T01:30:00.000Z","1787189400000","Australia","Part Time Employment","Part Time Employment Chg","兼职就业人数变动","1","-32.2K","","31.4K","47K","1785456000000","0","1787189896753","","K"
"403204","2026-08-20T01:30:00.000Z","1787189400000","Australia","Full Time Employment","Full Time Employment Chg","全职就业人数变动","2","16.3K","","48.9K","29.3K","1785456000000","0","1787189682140","","K"
"403517","2026-08-20T01:30:00.000Z","1787189400000","Australia","Labor Force Participation Rate","Participation Rate","劳动参与率","1","66.9%","66.9%","67%","","1785456000000","0","1787189401520","","%"
"393972","2026-08-20T01:15:00.000Z","1787188500000","China","Interest Rate","Loan Prime Rate 1Y","1年期贷款市场报价利率（LPR）","2","3.0%","3.0%","3%","","1787184000000","0","1787187878913","","%"
"393984","2026-08-20T01:15:00.000Z","1787188500000","China","Loan Prime Rate 5Y","Loan Prime Rate 5Y","5年期贷款市场报价利率（LPR）","2","3.5%","3.5%","3.5%","","1787184000000","0","1787187617780","","%"
"402244","2026-08-20T01:00:00.000Z","1787187600000","Australia","Inflation Expectations","Consumer Inflation Expectations","消费者通胀预期","1","4.9%","","4.7%","","1788134400000","0","1787188145977","","%"
"416320","2026-08-20T00:00:00.000Z","1787184000000","Estonia","Holidays","Restoration Day","复国日","1","","","","","","0","1764785115003","",""
"416321","2026-08-20T00:00:00.000Z","1787184000000","Morocco","Holidays","Anniversary of the Revolution of the King and the People","国王与人民革命纪念日","1","","","","","","0","1764785115303","",""
"416322","2026-08-20T00:00:00.000Z","1787184000000","Hungary","Holidays","Hungary National Day","匈牙利国庆日","1","","","","","","0","1764785115307","",""
"396582","2026-08-19T23:50:00.000Z","1787183400000","Japan","Foreign Bond Investment","Foreign Bond Investment","外国债券投资","1","¥1135.1B","","¥1636.7B","¥1629.4B","1786752000000","0","1787183401237","¥","B"
"396583","2026-08-19T23:50:00.000Z","1787183400000","Japan","Foreign Stock Investment","Stock Investment by Foreigners","外国投资者股票投资","1","¥621.2B","","¥-368.6B","¥-368.5B","1786752000000","0","1787183456793","¥","B"
"400424","2026-08-19T23:50:00.000Z","1787183400000","Japan","Imports YoY","Imports YoY","进口额同比","1","27.8%","26.5%","25.4%","","1785456000000","0","1787183400897","","%"
"401326","2026-08-19T23:50:00.000Z","1787183400000","Japan","Balance of Trade","Balance of Trade","贸易差额","3","¥-634.5B","¥-680B","¥-409.9B","¥-406.9B","1785456000000","0","1787183400897","¥","B"
"402061","2026-08-19T23:50:00.000Z","1787183400000","Japan","Exports YoY","Exports YoY","出口额同比","2","23.2%","19.9%","19.3%","","1785456000000","0","1787183400897","","%"
"417271","2026-08-19T21:50:00.000Z","1787176200000","Jamaica","Interest Rate","Interest Rate Decision","利率决议","1","5.5%","","5.5%","","1787097600000","0","1787176245253","","%"
"405879","2026-08-19T20:30:00.000Z","1787171400000","El Salvador","Producer Prices Change","PPI YoY","生产者价格指数同比","1","3.54%","","3.18%","","1785456000000","0","1787171264060","","%"
"390610","2026-08-19T18:00:00.000Z","1787162400000","United States","Interest Rate","FOMC Minutes","联邦公开市场委员会（FOMC）会议纪要","3","","","","","","0","1735312101983","",""
"420054","2026-08-19T17:00:00.000Z","1787158800000","United States","20 Year Bond Yield","20-Year Bond Auction","20年期国债拍卖","1","5.204%","","5.163%","","","0","1787159018080","","%"
"411064","2026-08-19T16:00:00.000Z","1787155200000","Russia","Producer Price Inflation MoM","PPI MoM","生产者价格指数环比","1","-2.5%","","-0.1%","","1785456000000","0","1787155244147","","%"
"413333","2026-08-19T16:00:00.000Z","1787155200000","Russia","Producer Prices Change","PPI YoY","生产者价格指数同比","1","6.6%","","10.5%","","1785456000000","0","1787155244397","","%"
"420635","2026-08-19T16:00:00.000Z","1787155200000","Canada","2 Year Note Yield","2-Year Bond Auction","2年期国债拍卖","1","3.023%","","2.888%","","","0","1787155259733","","%"
"420106","2026-08-19T15:30:00.000Z","1787153400000","United States","17 Week Bill Yield","17-Week Bill Auction","17周期国库券拍卖","1","3.750%","","3.755%","","","0","1787153558767","","%"
"407488","2026-08-19T15:00:00.000Z","1787151600000","Colombia","Imports YoY","Imports YoY","进口额同比","1","27%","","10.6%","","1782777600000","0","1787150161330","","%"
"412852","2026-08-19T15:00:00.000Z","1787151600000","Colombia","Balance of Trade","Balance of Trade","贸易差额","1","$-2.54B","","$-1.59B","","1782777600000","0","1787151505317","$","B"
"396573","2026-08-19T14:30:00.000Z","1787149800000","United States","Gasoline Production","EIA Gasoline Production Change","EIA汽油产量变动","1","0.143M","","-0.001M","","1786665600000","0","1787149802323","","M"
"396574","2026-08-19T14:30:00.000Z","1787149800000","United States","Crude Oil Stocks Change","EIA Crude Oil Stocks Change","EIA原油库存变动","2","4.405M","-0.6M","17.422M","","1786665600000","0","1787149801890","","M"
"396575","2026-08-19T14:30:00.000Z","1787149800000","United States","Cushing Crude Oil Stocks","EIA Cushing Crude Oil Stocks Change","EIA库欣原油库存变动","1","-1.314M","","1.611M","","1786665600000","0","1787149802507","","M"
"396576","2026-08-19T14:30:00.000Z","1787149800000","United States","Distillate Stocks","EIA Distillate Stocks Change","EIA馏分油库存变动","1","-1.53M","-0.9M","-0.01M","","1786665600000","0","1787149803163","","M"
"396577","2026-08-19T14:30:00.000Z","1787149800000","United States","Refinery Crude Runs","EIA Refinery Crude Runs Change","EIA炼厂原油加工量变动","1","0.216M","","0.026M","","1786665600000","0","1787149802293","","M"
"396578","2026-08-19T14:30:00.000Z","1787149800000","United States","Distillate Fuel Production","EIA Distillate Fuel Production Change","EIA馏分燃料产量变动","1","-0.054M","","0.05M","","1786665600000","0","1787149802510","","M"
"396579","2026-08-19T14:30:00.000Z","1787149800000","United States","Crude Oil Imports","EIA Crude Oil Imports Change","EIA原油进口量变动","1","-1.754M","","1.768M","","1786665600000","0","1787149802450","","M"
"396580","2026-08-19T14:30:00.000Z","1787149800000","United States","Gasoline Stocks Change","EIA Gasoline Stocks Change","EIA汽油库存变动","2","0.688M","-1.2M","-0.968M","","1786665600000","0","1787149801890","","M"
"396581","2026-08-19T14:30:00.000Z","1787149800000","United States","Heating Oil Stocks","EIA Heating Oil Stocks Change","EIA取暖油库存变动","1","-0.537M","","0.192M","","1786665600000","0","1787149802507","","M"
"413459","2026-08-19T14:00:00.000Z","1787148000000","Ecuador","Balance of Trade","Balance of Trade","贸易差额","1","$21.29M","","$450.43M","","1782777600000","0","1787149485567","$","M"
"404535","2026-08-19T12:00:00.000Z","1787140800000","Serbia","Current Account","Current Account","经常账户差额","1","$-1022M","","$-86M","$-145M","1782777600000","0","1787195625123","$","M"
"396567","2026-08-19T11:00:00.000Z","1787137200000","United States","MBA Purchase Index","MBA Purchase Index","MBA购房贷款申请指数","1","154.8","","157.9","","1786665600000","0","1787137201770","",""
"396568","2026-08-19T11:00:00.000Z","1787137200000","United States","MBA Mortgage Market Index","MBA Mortgage Market Index","MBA抵押贷款市场指数","1","247.7","","248.6","","1786665600000","0","1787137201570","",""
"396569","2026-08-19T11:00:00.000Z","1787137200000","United States","MBA Mortgage Refinance Index","MBA Mortgage Refinance Index","MBA抵押贷款再融资指数","1","755.9","","744.4","","1786665600000","0","1787137201577","",""
"396570","2026-08-19T11:00:00.000Z","1787137200000","United States","Mortgage Applications","MBA Mortgage Applications","MBA抵押贷款申请","1","-0.4%","","3.6%","","1786665600000","0","1787137201593","","%"
"396571","2026-08-19T11:00:00.000Z","1787137200000","United States","Mortgage Rate","MBA 30-Year Mortgage Rate","MBA 30年期抵押贷款利率","2","6.77%","","6.77%","","1786665600000","0","1787137201590","","%"
"404193","2026-08-19T11:00:00.000Z","1787137200000","South Africa","Retail Sales MoM","Retail Sales MoM","零售销售环比","1","-0.6%","","0%","0.1%","1782777600000","0","1787137243733","","%"
"409943","2026-08-19T11:00:00.000Z","1787137200000","South Africa","Retail Sales YoY","Retail Sales YoY","零售销售同比","1","1.6%","2.3%","2.2%","2.3%","1782777600000","0","1787137212033","","%"
"414411","2026-08-19T10:40:00.000Z","1787136000000","Portugal","Current Account","Current Account","经常账户差额","1","€-303.42M","","€-624.1M","€-632.82M","1782777600000","0","1787132551870","€","M"
"418027","2026-08-19T10:30:00.000Z","1787135400000","Albania","Harmonised Inflation Rate YoY","Harmonised Inflation Rate YoY","调和通胀率同比","1","3.4%","","3.2%","","1785456000000","0","1787135639930","","%"
"409456","2026-08-19T10:15:00.000Z","1787134500000","Ghana","Producer Prices Change","PPI YoY","生产者价格指数同比","1","4%","","3.5%","","1785456000000","0","1787134730773","","%"
"406780","2026-08-19T10:00:00.000Z","1787133600000","Israel","Inflation Expectations","Inflation Expectations","通胀预期","1","1.4%","","1.5%","","1788134400000","0","1787133639233","","%"
"411757","2026-08-19T10:00:00.000Z","1787133600000","Ireland","House Price Index YoY","Residential Property Prices YoY","住宅物业价格同比","1","5.6%","","6.2%","","1782777600000","0","1787133601513","","%"
"413982","2026-08-19T10:00:00.000Z","1787133600000","Ireland","House Price Index MoM","Residential Property Prices MoM","住宅物业价格环比","1","0.5%","","0.4%","","1782777600000","0","1787135001310","","%"
"417429","2026-08-19T09:30:00.000Z","1787131800000","Germany","Government Bond 10Y","10-Year Bund Auction","10年期德国联邦国债拍卖","1","3.26%","","3.13%","","","0","1787132489840","","%"
"418640","2026-08-19T09:30:00.000Z","1787131800000","Hungary","Government Bond 10Y","10-Year Bond Auction","10年期国债拍卖","1","5.48%","","5.37%","","","0","1787132138863","","%"
"418690","2026-08-19T09:30:00.000Z","1787131800000","Hungary","Calendar","5-Year Bond Auction","5年期国债拍卖","1","5.38%","","5.36%","","","0","1787132126597","","%"
"418691","2026-08-19T09:30:00.000Z","1787131800000","Hungary","Calendar","3-Year Bond Auction","3年期国债拍卖","1","5.32%","","5.31%","","","0","1787132132730","","%"
"420930","2026-08-19T09:15:00.000Z","1787130900000","Greece","6 Month Bill Yield","26-Week Bill Auction","26周期国库券拍卖","1","2.34%","","2.32%","","","0","1787161672337","","%"
"419788","2026-08-19T09:05:00.000Z","1787130300000","Norway","Calendar","04/2028 NGB Auction","2028年04月到期NGB国债拍卖","1","4.59%","","4.63%","","","0","1787130364030","","%"
"420998","2026-08-19T09:05:00.000Z","1787130300000","Sweden","Government Bond 10Y","2036 SGB Auction","2036年到期SGB国债拍卖","1","3.0634%","","2.9994%","","","0","1787130398920","","%"
"421008","2026-08-19T09:05:00.000Z","1787130300000","Norway","Calendar","05/2039 NGB Auction","2039年05月到期NGB国债拍卖","1","4.43%","","4.36%","","","0","1787130374587","","%"
"401026","2026-08-19T09:00:00.000Z","1787130000000","Euro Area","Core Inflation Rate","Core Inflation Rate YoY Final","核心通胀率同比终值","1","2.5%","2.5%","2.4%","","1785456000000","0","1787130001483","","%"
"402902","2026-08-19T09:00:00.000Z","1787130000000","Euro Area","Inflation Rate","Inflation Rate YoY Final","通胀率同比终值","1","2.9%","2.9%","2.8%","","1785456000000","0","1787130001390","","%"
"403081","2026-08-19T09:00:00.000Z","1787130000000","Euro Area","Consumer Price Index CPI","CPI Final","消费者价格指数终值","1","103.24","103.22","103.02","","1785456000000","0","1787130046533","",""
"403605","2026-08-19T09:00:00.000Z","1787130000000","Euro Area","Inflation Rate Mom","Inflation Rate MoM Final","通胀率环比终值","1","0.2%","","-0.1%","","1785456000000","0","1787130320723","","%"
"408251","2026-08-19T09:00:00.000Z","1787130000000","Bulgaria","Current Account","Current Account","经常账户差额","1","€-488.3M","","€-598M","","1782777600000","0","1787130118867","€","M"
"413326","2026-08-19T09:00:00.000Z","1787130000000","Malta","Inflation Rate","Inflation Rate YoY","通胀率同比","1","2.1%","","2.0%","","1785456000000","0","1787130109207","","%"
"417249","2026-08-19T08:30:00.000Z","1787128200000","Iceland","Interest Rate","Interest Rate Decision","利率决议","1","8%","","7.75%","","1787097600000","0","1787128216700","","%"
"420450","2026-08-19T08:25:00.000Z","1787127900000","Denmark","Calendar","2028 DGB Auction","2028年到期DGB国债拍卖","1","2.59%","","2.45%","","","0","1787128619460","","%"
"421007","2026-08-19T08:25:00.000Z","1787127900000","Denmark","Calendar","2035 DGB Auction","2035年到期DGB国债拍卖","1","3.06%","","2.92%","","","0","1787128611547","","%"
"402729","2026-08-19T08:00:00.000Z","1787126400000","Euro Area","Current Account","Current Account","经常账户差额","1","€46.9B","","€-6.1B","€-6.2B","1782777600000","0","1787128896613","€","B"
"404025","2026-08-19T08:00:00.000Z","1787126400000","Italy","Current Account","Current Account","经常账户差额","1","€5839M","","€627M","€594M","1782777600000","0","1787126587110","€","M"
"404641","2026-08-19T08:00:00.000Z","1787126400000","South Africa","Core Inflation Rate MoM","Core Inflation Rate MoM","核心通胀率环比","1","0.5%","","0.6%","","1785456000000","0","1787126539783","","%"
"405296","2026-08-19T08:00:00.000Z","1787126400000","South Africa","Inflation Rate","Inflation Rate YoY","通胀率同比","2","4.3%","4.5%","5%","","1785456000000","0","1787126409100","","%"
"412101","2026-08-19T08:00:00.000Z","1787126400000","South Africa","Inflation Rate Mom","Inflation Rate MoM","通胀率环比","2","0.2%","","0.7%","","1785456000000","0","1787126409140","","%"
"414129","2026-08-19T08:00:00.000Z","1787126400000","South Africa","Core Inflation Rate","Core Inflation Rate YoY","核心通胀率同比","1","4.2%","","4.1%","","1785456000000","0","1787126528137","","%"
"417570","2026-08-19T08:00:00.000Z","1787126400000","Euro Area","Calendar","Current Account s.a","经常账户差额（季调后）","1","€35.1B","€22.1B","€25.8B","€25.1B","1782777600000","0","1787128934650","€","B"
"418746","2026-08-19T07:30:00.000Z","1787124600000","Poland","Consumer Confidence","Consumer Confidence","消费者信心指数","1","-11.3","","-10.2","","1788134400000","0","1787124644437","",""
"418304","2026-08-19T07:20:00.000Z","1787124000000","Indonesia","Interest Rate","Interest Rate Decision","利率决议","2","5.75%","5.75%","5.75%","","1787097600000","0","1787124231330","","%"
"418316","2026-08-19T07:20:00.000Z","1787124000000","Indonesia","Lending Rate","Lending Facility Rate","贷款便利利率","1","6.5%","6.5%","6.5%","","1787097600000","0","1787124241297","","%"
"418328","2026-08-19T07:20:00.000Z","1787124000000","Indonesia","Deposit Interest Rate","Deposit Facility Rate","存款便利利率","1","4.75%","4.75%","4.75%","","1787097600000","0","1787124223300","","%"
"414463","2026-08-19T07:15:00.000Z","1787123700000","Indonesia","Loan Growth","Loan Growth YoY","贷款增长率同比","1","13.58%","","12.67%","","1785456000000","0","1787124250740","","%"
"420996","2026-08-19T07:10:00.000Z","1787123400000","Euro Area","Interest Rate","ECB President Lagarde Speech","欧洲央行（ECB）行长Lagarde讲话","2","","","","","","0","1786629854043","",""
"405616","2026-08-19T07:00:00.000Z","1787122800000","Moldova","Producer Prices Change","PPI YoY","生产者价格指数同比","1","-0.2%","","-0.4%","","1785456000000","0","1787122931217","","%"
"405799","2026-08-19T07:00:00.000Z","1787122800000","Austria","Harmonised Inflation Rate YoY","Harmonised Inflation Rate YoY Final","调和通胀率同比终值","1","2.7%","2.6%","3.2%","","1785456000000","0","1787122806330","","%"
"405858","2026-08-19T07:00:00.000Z","1787122800000","Georgia","Balance of Trade","Balance of Trade","贸易差额","1","$-909.1M","","$-893.7M","","1785456000000","0","1787123327090","$","M"
"407445","2026-08-19T07:00:00.000Z","1787122800000","Slovakia","Harmonised Inflation Rate MoM","Harmonised Inflation Rate MoM","调和通胀率环比","1","0.1%","-0.1%","-0.2%","","1785456000000","0","1787122847643","","%"
"407937","2026-08-19T07:00:00.000Z","1787122800000","Georgia","Unemployment Rate","Unemployment Rate","失业率","1","13.8%","","14.4%","","1782777600000","0","1787122829303","","%"
"409393","2026-08-19T07:00:00.000Z","1787122800000","Slovakia","Current Account","Current Account","经常账户差额","1","€-226.5M","","€179.4M","€109.8M","1782777600000","0","1787122919797","€","M"
"410269","2026-08-19T07:00:00.000Z","1787122800000","Austria","Harmonised Inflation Rate MoM","Harmonised Inflation Rate MoM Final","调和通胀率环比终值","1","-0.4%","-0.4%","-0.3%","0%","1785456000000","0","1787122862677","","%"
"411141","2026-08-19T07:00:00.000Z","1787122800000","Slovakia","Harmonised Inflation Rate YoY","Harmonised Inflation Rate YoY","调和通胀率同比","1","3.2%","3%","3.5%","","1785456000000","0","1787122847643","","%"
"411550","2026-08-19T07:00:00.000Z","1787122800000","Austria","Inflation Rate Mom","Inflation Rate MoM Final","通胀率环比终值","1","0%","-0.1%","0%","","1785456000000","0","1787122854913","","%"
"413339","2026-08-19T07:00:00.000Z","1787122800000","Austria","Inflation Rate","Inflation Rate YoY Final","通胀率同比终值","1","2.8%","2.7%","3.2%","","1785456000000","0","1787122838567","","%"
"406974","2026-08-19T06:30:00.000Z","1787121000000","Switzerland","Industrial Production","Industrial Production YoY","工业生产同比","2","5.5%","-4.7%","-7.6%","-7.1%","1782777600000","0","1787121000620","","%"
"394624","2026-08-19T06:00:00.000Z","1787119200000","United Kingdom","Core Producer Prices MoM","PPI Core Output MoM","核心产出生产者价格指数环比","1","0.6%","","0.5%","","1785456000000","0","1787119253933","","%"
"394631","2026-08-19T06:00:00.000Z","1787119200000","United Kingdom","Core Producer Prices YoY","PPI Core Output YoY","核心产出生产者价格指数同比","1","2.8%","","2.6%","","1785456000000","0","1787119250740","","%"
"394638","2026-08-19T06:00:00.000Z","1787119200000","United Kingdom","PPI Input","PPI Input MoM","投入生产者价格指数环比","1","-1.7%","0%","-1.9%","-2%","1785456000000","0","1787119206470","","%"
"394645","2026-08-19T06:00:00.000Z","1787119200000","United Kingdom","PPI Input YoY","PPI Input YoY","投入生产者价格指数同比","1","4.9%","6.6%","7.4%","7.3%","1785456000000","0","1787119206470","","%"
"394653","2026-08-19T06:00:00.000Z","1787119200000","United Kingdom","Producer Price Inflation MoM","PPI Output MoM","产出生产者价格指数环比","1","0.2%","0.2%","-0.1%","0.0%","1785456000000","0","1787119752123","","%"
"394660","2026-08-19T06:00:00.000Z","1787119200000","United Kingdom","Producer Prices Change","PPI Output YoY","产出生产者价格指数同比","1","3.1%","3.2%","3.5%","","1785456000000","0","1787119206590","","%"
"399384","2026-08-19T06:00:00.000Z","1787119200000","United Kingdom","Core Inflation Rate","Core Inflation Rate YoY","核心通胀率同比","2","2.6%","2.5%","2.6%","","1785456000000","0","1787119210090","","%"
"399406","2026-08-19T06:00:00.000Z","1787119200000","United Kingdom","Core Inflation Rate MoM","Core Inflation Rate MoM","核心通胀率环比","1","0.2%","0.1%","0.3%","","1785456000000","0","1787119210313","","%"
"399441","2026-08-19T06:00:00.000Z","1787119200000","United Kingdom","Retail Price Index YoY","Retail Price Index YoY","零售价格指数同比","1","3.2%","3.3%","3%","","1785456000000","0","1787119210313","","%"
"399507","2026-08-19T06:00:00.000Z","1787119200000","United Kingdom","Inflation Rate","Inflation Rate YoY","通胀率同比","3","2.9%","2.9%","2.6%","","1785456000000","0","1787119210050","","%"
"399828","2026-08-19T06:00:00.000Z","1787119200000","United Kingdom","Inflation Rate Mom","Inflation Rate MoM","通胀率环比","2","0.3%","0.3%","0.1%","","1785456000000","0","1787119210350","","%"
"417210","2026-08-19T06:00:00.000Z","1787119200000","United Kingdom","Retail Price Index MoM","Retail Price Index MoM","零售价格指数环比","1","0.6%","0.8%","0.3%","","1785456000000","0","1787119211080","","%"
"420273","2026-08-19T03:35:00.000Z","1787110500000","Japan","52 Week Bill Yield","52-Week Bill Auction","52周期国库券拍卖","1","1.4332%","","1.2066%","","","0","1787110233130","","%"
"420949","2026-08-19T03:35:00.000Z","1787110500000","Japan","Calendar","BoJ JGB Purchase","日本央行（BoJ）购买日本国债（JGB）","1","","","","","","0","1785484953048","",""
"420982","2026-08-19T02:45:00.000Z","1787107500000","Australia","Interest Rate","RBA Hauser Speech","澳大利亚储备银行（RBA）Hauser讲话","2","","","","","","0","1786461822117","",""
"400868","2026-08-19T01:30:00.000Z","1787103000000","Australia","Wage Growth","Wage Price Index QoQ","工资价格指数季环比","1","0.8%","0.8%","0.8%","","1782777600000","0","1787103005760","","%"
"401412","2026-08-19T01:30:00.000Z","1787103000000","Australia","Wage Growth","Wage Price Index YoY","工资价格指数同比","1","3.2%","3.2%","3.2%","3.3%","1782777600000","0","1787103121430","","%"
"403108","2026-08-18T23:50:00.000Z","1787097000000","Japan","Machinery Orders","Machinery Orders MoM","机械订单环比","2","9.7%","7.8%","-12.4%","","1782777600000","0","1787097000890","","%"
"403598","2026-08-18T23:50:00.000Z","1787097000000","Japan","Machinery Orders YoY","Machinery Orders YoY","机械订单同比","2","16.9%","10.8%","-1.9%","","1782777600000","0","1787097001100","","%"
"400794","2026-08-18T22:45:00.000Z","1787093100000","New Zealand","Producer Price Inflation MoM","PPI Output QoQ","产出生产者价格指数季环比","1","1.6%","0.8%","0.8%","","1782777600000","0","1787093103847","","%"
"402272","2026-08-18T22:45:00.000Z","1787093100000","New Zealand","PPI Input","PPI Input QoQ","投入生产者价格指数季环比","1","2.9%","1.3%","1.4%","","1782777600000","0","1787093103850","","%"
"396566","2026-08-18T21:00:00.000Z","1787086800000","United States","API Crude Oil Stock Change","API Crude Oil Stock Change","API原油库存变动","2","-3.28M","","9.072M","","1786665600000","0","1787086580687","","M"
"418407","2026-08-18T20:30:00.000Z","1787085000000","Uruguay","Interest Rate","Interest Rate Decision","利率决议","1","5.75%","","5.75%","","1787011200000","0","1787084934447","","%"
"396565","2026-08-18T15:30:00.000Z","1787067000000","New Zealand","Global Dairy Trade Price Index","Global Dairy Trade Price Index","全球乳制品贸易价格指数","1","2.3%","","0.1%","","1787011200000","0","1787067371670","","%"
"420089","2026-08-18T15:30:00.000Z","1787067000000","United States","Calendar","6-Week Bill Auction","6周期国库券拍卖","1","3.645%","","3.670%","","","0","1787067165573","","%"
"405836","2026-08-18T15:00:00.000Z","1787065200000","Colombia","GDP Growth Rate","GDP Growth Rate QoQ","国内生产总值（GDP）增长率季环比","1","1.3%","","0.6%","","1782777600000","0","1787065465107","","%"
"409956","2026-08-18T15:00:00.000Z","1787065200000","Colombia","Leading Economic Index","ISE Economic Activity YoY","ISE经济活动同比","1","3.5%","","4.2%","4.1%","1782777600000","0","1787066731327","","%"
"411187","2026-08-18T15:00:00.000Z","1787065200000","Colombia","GDP Annual Growth Rate","GDP Growth Rate YoY","国内生产总值（GDP）增长率同比","1","3.5%","","2.2%","","1782777600000","0","1787066790477","","%"
"397916","2026-08-18T14:00:00.000Z","1787061600000","United States","Pending Home Sales MoM","Pending Home Sales MoM","成屋待完成销售量环比","2","-2.3%","0.3%","-4.8%","-5.4%","1785456000000","0","1787061600923","","%"
"398203","2026-08-18T14:00:00.000Z","1787061600000","United States","Pending Home Sales","Pending Home Sales YoY","成屋待完成销售量同比","2","-2.2%","","-0.3%","","1785456000000","0","1787061646003","","%"
"421223","2026-08-18T13:20:00.000Z","1787059200000","United States","Calendar","NY Fed Bill Purchases 1 to 4 months","纽约联储购买1至4个月期国库券","1","","$4.243 billion","","","","0","1788535596990","",""
"398413","2026-08-18T13:15:00.000Z","1787058900000","United States","Industrial Production Mom","Industrial Production MoM","工业生产环比","2","0.2%","0.3%","0.3%","0.1%","1785456000000","0","1787058904587","","%"
"398742","2026-08-18T13:15:00.000Z","1787058900000","United States","Manufacturing Production MoM","Manufacturing Production MoM","制造业生产环比","1","0.2%","0.2%","0.3%","0%","1785456000000","0","1787058904633","","%"
"398890","2026-08-18T13:15:00.000Z","1787058900000","United States","Manufacturing Production","Manufacturing Production YoY","制造业生产同比","1","1.2%","","1.1%","","1785456000000","0","1787059842127","","%"
"399201","2026-08-18T13:15:00.000Z","1787058900000","United States","Capacity Utilization","Capacity Utilization","产能利用率","1","76.3%","76.3%","76.2%","76.1%","1785456000000","0","1787058904367","","%"
"399265","2026-08-18T13:15:00.000Z","1787058900000","United States","Industrial Production","Industrial Production YoY","工业生产同比","1","1.1%","","1.29%","1.1%","1785456000000","0","1787059324927","","%"
"396564","2026-08-18T12:55:00.000Z","1787057700000","United States","Redbook Index","Redbook YoY","红皮书零售销售同比","1","7.6%","","8.3%","","1786752000000","0","1787057646933","","%"
"397725","2026-08-18T12:30:00.000Z","1787056200000","United States","NY Fed Services Activity Index","NY Fed Services Activity Index","纽约联储服务业活动指数","1","0.5","","8.7","","1788134400000","0","1787056286058","",""
"397957","2026-08-18T12:30:00.000Z","1787056200000","United States","Housing Starts MoM","Housing Starts MoM","新屋开工数量环比","2","-12.4%","","19.7%","19%","1785456000000","0","1787056204023","","%"
"398326","2026-08-18T12:30:00.000Z","1787056200000","United States","Housing Starts","Housing Starts","新屋开工数量","3","1.239M","1.35M","1.415M","1.427M","1785456000000","0","1787056204024","","M"
"398701","2026-08-18T12:30:00.000Z","1787056200000","United States","Import Prices MoM","Import Prices MoM","进口价格环比","2","-0.4%","0.1%","-0.3%","0.3%","1785456000000","0","1787056202107","","%"
"398809","2026-08-18T12:30:00.000Z","1787056200000","United States","Building Permits","Building Permits Prel","建筑许可数量初值","3","1.443M","1.37M","1.374M","","1785456000000","0","1787056202098","","M"
"398909","2026-08-18T12:30:00.000Z","1787056200000","United States","Import Prices YoY","Import Prices YoY","进口价格同比","1","5.9%","","7.1%","","1785456000000","0","1787056242883","","%"
"398964","2026-08-18T12:30:00.000Z","1787056200000","United States","Building Permits MoM","Building Permits MoM Prel","建筑许可数量环比初值","2","5%","","-2.6%","","1785456000000","0","1787056202973","","%"
"399025","2026-08-18T12:30:00.000Z","1787056200000","United States","Export Prices MoM","Export Prices MoM","出口价格环比","2","-1.3%","0.2%","-0.7%","-0.6%","1785456000000","0","1787056202004","","%"
"399047","2026-08-18T12:30:00.000Z","1787056200000","United States","Export Prices YoY","Export Prices YoY","出口价格同比","1","8.2%","","10.2%","","1785456000000","0","1787056224049","","%"
"405210","2026-08-18T12:30:00.000Z","1787056200000","Chile","GDP Annual Growth Rate","GDP Growth Rate YoY","国内生产总值（GDP）增长率同比","1","-0.2%","0.2%","-0.5%","","1782777600000","0","1787056309055","","%"
"410899","2026-08-18T12:30:00.000Z","1787056200000","Chile","Current Account","Current Account","经常账户差额","1","$-0.4B","","$1.9B","","1782777600000","0","1787056360089","$","B"
"413662","2026-08-18T12:30:00.000Z","1787056200000","Chile","GDP Growth Rate","GDP Growth Rate QoQ","国内生产总值（GDP）增长率季环比","1","0%","0.3%","-0.3%","","1782777600000","0","1787056313317","","%"
"397842","2026-08-18T12:15:00.000Z","1787055300000","United States","ADP Employment Change Weekly","ADP Employment Change Weekly","ADP每周就业人数变动","2","9.5K","","8.25K","","1785542400000","0","1787055352097","","K"
"405814","2026-08-18T12:15:00.000Z","1787055300000","Canada","Housing Starts","Housing Starts","新屋开工数量","2","229.1K","248K","240.8K","239K","1785456000000","0","1787055306733","","K"
"420995","2026-08-18T11:45:00.000Z","1787053500000","Euro Area","Interest Rate","ECB Lane Speech","欧洲央行（ECB）Lane讲话","1","","","","","","0","1786629830893","",""
"413312","2026-08-18T10:20:00.000Z","1787048400000","Belarus","Monthly GDP YoY","GDP YoY","国内生产总值（GDP）同比","1","2.1%","","1.5%","","1785456000000","0","1787048372367","","%"
"404033","2026-08-18T10:00:00.000Z","1787047200000","Ireland","Balance of Trade","Balance of Trade","贸易差额","1","€3.5B","","€2.9B","€3.4B","1782777600000","0","1787047410099","€","B"
"407570","2026-08-18T10:00:00.000Z","1787047200000","Portugal","Producer Price Inflation MoM","PPI MoM","生产者价格指数环比","1","0.8%","","0.9%","0.8%","1785456000000","0","1787047250009","","%"
"411875","2026-08-18T10:00:00.000Z","1787047200000","Portugal","Producer Prices Change","PPI YoY","生产者价格指数同比","1","5.8%","","5.1%","5.0%","1785456000000","0","1787047237037","","%"
"396563","2026-08-18T09:30:00.000Z","1787045400000","South Africa","Calendar","2033 Bond Auction","2033年到期国债拍卖","1","8.299%","","8.207%","","","0","1787045465017","","%"
"406212","2026-08-18T09:30:00.000Z","1787045400000","South Africa","Coincident Index","SACCI Business Confidence","SACCI商业信心指数","1","125.4","","123.5","","1785456000000","0","1787045509027","",""
"410380","2026-08-18T09:30:00.000Z","1787045400000","Mongolia","GDP Annual Growth Rate","GDP Growth Rate YoY","国内生产总值（GDP）增长率同比","1","7.7%","","7.9%","","1782777600000","0","1787045115943","","%"
"414719","2026-08-18T09:30:00.000Z","1787045400000","South Africa","Coincident Index","SACCI Business Confidence","SACCI商业信心指数","1","123.5","","124.1","","1782777600000","0","1787045513031","",""
"418597","2026-08-18T09:30:00.000Z","1787045400000","Hungary","Calendar","3-Month DTB Auction","3个月期DTB国库券拍卖","1","5.25%","","5.29%","","","0","1787045527023","","%"
"421000","2026-08-18T09:30:00.000Z","1787045400000","South Africa","Calendar","2038 Bond Auction","2038年到期国债拍卖","1","8.966%","","8.967%","","","0","1787045477009","","%"
"421001","2026-08-18T09:30:00.000Z","1787045400000","South Africa","Calendar","2040 Bond Auction","2040年到期国债拍卖","1","9.202%","","9.091%","","","0","1787045487567","","%"
"420487","2026-08-18T09:05:00.000Z","1787043900000","Sweden","Calendar","209-Day T-Bill Auction","209天期国库券拍卖","1","2.0826%","","2.2215%","","","0","1787043886907","","%"
"400376","2026-08-18T09:00:00.000Z","1787043600000","Euro Area","Zew Economic Sentiment Index","ZEW Economic Sentiment Index","ZEW经济景气指数","2","31.4","25.4","23.4","","1788134400000","0","1787043754063","",""
"401938","2026-08-18T09:00:00.000Z","1787043600000","Germany","Zew Economic Sentiment Index","ZEW Economic Sentiment Index","ZEW经济景气指数","3","34.2","30","26.3","","1788134400000","0","1787043600967","",""
"403141","2026-08-18T09:00:00.000Z","1787043600000","Germany","Zew Current Conditions","ZEW Current Conditions","ZEW现况指数","1","-61.1","-69.5","-77.6","","1788134400000","0","1787043746028","",""
"420437","2026-08-18T09:00:00.000Z","1787043600000","United Kingdom","Government Bond 10Y","Treasury Gilt 2036 Auction","2036年到期英国国债拍卖","1","5.155%","","5.040%","","","0","1787044443072","","%"
"399584","2026-08-18T08:30:00.000Z","1787041800000","United Kingdom","Productivity","Labour Productivity QoQ","劳动生产率季环比","1","-0.8%","-0.5%","1.1%","0.9%","1782777600000","0","1787041868163","","%"
"408879","2026-08-18T08:20:00.000Z","1787041200000","Angola","Money Supply M3","M3 Money Supply YoY","M3货币供应量同比","1","15%","","15.1%","","1785456000000","0","1787041205088","","%"
"402574","2026-08-18T08:00:00.000Z","1787040000000","Spain","Balance of Trade","Balance of Trade","贸易差额","2","€-7.69B","","€-8.24B","","1782777600000","0","1787040373053","€","B"
"399478","2026-08-18T06:00:00.000Z","1787032800000","United Kingdom","Average Earnings Excluding Bonus","Average Earnings excl. Bonus (3Mo/Yr)","不含奖金的平均工资（三个月平均同比）","1","3.5%","3.4%","3.4%","","1782777600000","0","1787032804087","","%"
"399501","2026-08-18T06:00:00.000Z","1787032800000","United Kingdom","Employment Change","Employment Change","就业人数变动","2","83K","","147K","","1782777600000","0","1787032804039","","K"
"399600","2026-08-18T06:00:00.000Z","1787032800000","United Kingdom","Claimant Count Change","Claimant Count Change","申领失业救济人数变动","1","-11K","11.2K","-6.4K","6.7K","1785456000000","0","1787032802088","","K"
"399626","2026-08-18T06:00:00.000Z","1787032800000","United Kingdom","Wage Growth","Average Earnings incl. Bonus (3Mo/Yr)","含奖金的平均工资（三个月平均同比）","2","4.1%","4.1%","4.4%","4.3%","1782777600000","0","1787032804027","","%"
"399648","2026-08-18T06:00:00.000Z","1787032800000","United Kingdom","Non Farm Payrolls","HMRC Payrolls Change","HMRC受薪就业人数变动","1","-13K","","-13K","-4K","1785456000000","0","1787032846061","","K"
"399670","2026-08-18T06:00:00.000Z","1787032800000","United Kingdom","Unemployment Rate","Unemployment Rate","失业率","3","4.9%","4.8%","4.9%","","1782777600000","0","1787032804041","","%"
"420571","2026-08-18T05:00:00.000Z","1787029200000","Singapore","Calendar","MAS 36-Week Bill Auction","新加坡金融管理局（MAS）36周期票据拍卖","1","1.6%","","1.57%","","","0","1787029344035","","%"
"420572","2026-08-18T05:00:00.000Z","1787029200000","Singapore","3 Month Bill Yield","MAS 12-Week Bill Auction","新加坡金融管理局（MAS）12周期票据拍卖","1","1.47%","","1.48%","","","0","1787029308183","","%"
"420576","2026-08-18T05:00:00.000Z","1787029200000","Singapore","1 Month Bill Yield","MAS 4-Week Bill Auction","新加坡金融管理局（MAS）4周期票据拍卖","1","1.42%","","1.4%","","","0","1787029251573","","%"
"420276","2026-08-18T03:35:00.000Z","1787024100000","Japan","5 Year Note Yield","5-Year JGB Auction","5年期日本国债（JGB）拍卖","1","2.163%","","2.020%","","","0","1787024142523","","%"
"417611","2026-08-18T02:35:00.000Z","1787020500000","New Zealand","52 Week Bill Yield","1-Year Bill Auction","1年期国库券拍卖","1","","","","","","0","1787625380597","",""
"417663","2026-08-18T02:35:00.000Z","1787020500000","New Zealand","3 Month Bill Yield","3-Month Bill Auction","3个月期国库券拍卖","1","2.8425%","","2.7645%","","","0","1787020554053","","%"
"417715","2026-08-18T02:35:00.000Z","1787020500000","New Zealand","6 Month Bill Yield","6-Month Bill Auction","6个月期国库券拍卖","1","3.0311%","","3.0285%","","","0","1787020568723","","%"
"417800","2026-08-18T02:30:00.000Z","1787020200000","South Korea","Government Bond 10Y","10-Year KTB Auction","10年期韩国国债（KTB）拍卖","1","4.415%","","4.255%","","","0","1787020755163","","%"
"406541","2026-08-18T02:00:00.000Z","1787018400000","Jordan","Industrial Production","Industrial Production YoY","工业生产同比","1","-1.3%","","1.4%","0.3%","1782777600000","0","1787018430527","","%"
"401262","2026-08-18T00:30:00.000Z","1787013000000","Australia","Consumer Confidence","Westpac Consumer Confidence Index","西太平洋银行消费者信心指数","2","88.9","","83.9","","1788134400000","0","1787013265053","",""
"403636","2026-08-18T00:30:00.000Z","1787013000000","Australia","Consumer Confidence MoM","Westpac Consumer Confidence Change","西太平洋银行消费者信心变动","3","6%","","4.1%","","1788134400000","0","1787013000006","","%"
"398081","2026-08-17T20:00:00.000Z","1786996800000","United States","Capital Flows","Overall Net Capital Flows","资本净流动总额","1","$133.5B","","$131.5B","$132.2B","1782777600000","0","1786996800837","$","B"
"398685","2026-08-17T20:00:00.000Z","1786996800000","United States","Net Long-term TIC Flows","Net Long-term TIC Flows","长期国际资本（TIC）净流入","2","$172.7B","$151.4B","$231.2B","$232.7B","1782777600000","0","1786996800059","$","B"
"399250","2026-08-17T20:00:00.000Z","1786996800000","United States","Foreign Bond Investment","Foreign Bond Investment","外国债券投资","1","$6.8B","","$56.6B","","1782777600000","0","1786996800837","$","B"
"419454","2026-08-17T16:00:00.000Z","1786982400000","United States","Calendar","NOPA Crush Report","NOPA大豆压榨报告","1","","","","","","0","1773679363897","",""
"396555","2026-08-17T15:30:00.000Z","1786980600000","Netherlands","3 Month Bill Yield","3-Month Bill Auction","3个月期国库券拍卖","1","2.429%","","2.315%","","","0","1786980464089","","%"
"396556","2026-08-17T15:30:00.000Z","1786980600000","Netherlands","6 Month Bill Yield","6-Month Bill Auction","6个月期国库券拍卖","1","2.502%","","2.486%","","","0","1786980476923","","%"
"396561","2026-08-17T15:30:00.000Z","1786980600000","United States","6 Month Bill Yield","6-Month Bill Auction","6个月期国库券拍卖","1","3.780%","","3.830%","","","0","1786980761663","","%"
"396562","2026-08-17T15:30:00.000Z","1786980600000","United States","3 Month Bill Yield","3-Month Bill Auction","3个月期国库券拍卖","1","3.715%","","3.735%","","","0","1786980751084","","%"
"407054","2026-08-17T14:45:00.000Z","1786977900000","Ecuador","Inflation Rate","Inflation Rate YoY","通胀率同比","1","1.39%","","1.65%","","1785456000000","0","1786978040027","","%"
"398403","2026-08-17T14:00:00.000Z","1786975200000","United States","Nahb Housing Market Index","NAHB Housing Market Index","NAHB住房市场指数","2","35","33","34","","1788134400000","0","1786975201503","",""
"396558","2026-08-17T13:00:00.000Z","1786971600000","France","3 Month Bill Yield","3-Month BTF Auction","3个月期BTF国库券拍卖","1","2.484%","","2.448%","","","0","1786971473907","","%"
"396559","2026-08-17T13:00:00.000Z","1786971600000","France","6 Month Bill Yield","6-Month BTF Auction","6个月期BTF国库券拍卖","1","2.608%","","2.579%","","","0","1786971482973","","%"
"396560","2026-08-17T13:00:00.000Z","1786971600000","France","52 Week Bill Yield","12-Month BTF Auction","12个月期BTF国库券拍卖","1","2.781%","","2.752%","","","0","1786971465873","","%"
"405546","2026-08-17T13:00:00.000Z","1786971600000","Belarus","Industrial Production","Industrial Production YoY","工业生产同比","1","0.1%","","-0.7%","","1785456000000","0","1786971611427","","%"
"409074","2026-08-17T12:40:00.000Z","1786970400000","Sri Lanka","Manufacturing PMI","Manufacturing PMI","制造业采购经理人指数","1","55.0","","53.0","","1785456000000","0","1786970512753","",""
"412171","2026-08-17T12:40:00.000Z","1786970400000","Sri Lanka","Services PMI","Services PMI","服务业采购经理人指数","1","61.4","","58.5","","1785456000000","0","1786970524357","",""
"398376","2026-08-17T12:30:00.000Z","1786969800000","United States","Ny Empire State Manufacturing Index","NY Empire State Manufacturing Index","纽约州制造业指数","2","20.60","11","15.60","","1788134400000","0","1786969800623","",""
"403874","2026-08-17T12:30:00.000Z","1786969800000","Canada","Inflation Rate Mom","Inflation Rate MoM","通胀率环比","2","0.5%","0.4%","-0.4%","","1785456000000","0","1786969801027","","%"
"404007","2026-08-17T12:30:00.000Z","1786969800000","Canada","Foreign Stock Investment","Foreign Securities Purchases","外国投资者购买证券净额","1","C$40.83B","C$15B","C$8.8B","C$7.9B","1782777600000","0","1786969801097","C$","B"
"406571","2026-08-17T12:30:00.000Z","1786969800000","Canada","Inflation Rate","Inflation Rate YoY","通胀率同比","3","3%","2.9%","2.8%","","1785456000000","0","1786969801703","","%"
"408742","2026-08-17T12:30:00.000Z","1786969800000","Canada","Car Registrations","New Motor Vehicle Sales","新机动车销量","1","190.2K","","190.6K","","1782777600000","0","1786969864597","","K"
"409122","2026-08-17T12:30:00.000Z","1786969800000","Canada","CPI Trimmed-Mean","CPI Trimmed-Mean YoY","截尾均值消费者价格指数同比","1","1.9%","1.8%","1.9%","1.8%","1785456000000","0","1786969801223","","%"
"410011","2026-08-17T12:30:00.000Z","1786969800000","Canada","CPI Median","CPI Median YoY","中位数消费者价格指数同比","1","2%","1.9%","1.9%","","1785456000000","0","1786969801023","","%"
"412539","2026-08-17T12:30:00.000Z","1786969800000","Canada","Core Inflation Rate MoM","Core Inflation Rate MoM","核心通胀率环比","1","0.2%","","0.1%","","1785456000000","0","1786969801253","","%"
"412929","2026-08-17T12:30:00.000Z","1786969800000","Canada","Investment In Foreign Securities","Foreign Securities Purchases by Canadians","加拿大投资者购买外国证券净额","1","C$35.43B","","C$21.89B","C$22.27B","1782777600000","0","1786969801483","C$","B"
"413296","2026-08-17T12:30:00.000Z","1786969800000","Canada","Core Inflation Rate","Core Inflation Rate YoY","核心通胀率同比","2","2.3%","","2.1%","","1785456000000","0","1786969801027","","%"
"418846","2026-08-17T12:30:00.000Z","1786969800000","Canada","CPI-Common","CPI Common YoY","共同成分消费者价格指数同比","1","2.7%","2.5%","2.6%","","1785456000000","0","1786969833223","","%"
"409084","2026-08-17T12:10:00.000Z","1786968600000","Nigeria","Food Inflation","Food Inflation YoY","食品通胀率同比","1","20.31%","","17.52%","","1785456000000","0","1786969036993","","%"
"410738","2026-08-17T12:10:00.000Z","1786968600000","Nigeria","Inflation Rate","Inflation Rate YoY","通胀率同比","1","15.43%","","15.91%","","1785456000000","0","1786968773076","","%"
"414277","2026-08-17T12:00:00.000Z","1786968000000","Brazil","Leading Economic Index","IBC-BR Economic Activity","IBC-BR经济活动指数","1","-0.6%","-0.5%","0.1%","","1782777600000","0","1786968030177","","%"
"394215","2026-08-17T11:30:00.000Z","1786966200000","Brazil","Interest Rate","BCB Focus Market Readout","BCB Focus市场调查报告","2","","","","","","1","1766737133031","",""
"420037","2026-08-17T11:00:00.000Z","1786964400000","Brazil","IGP-10 Inflation MoM","IGP-10 Inflation MoM","IGP-10通胀率环比","1","-0.51%","0.1%","-1.13%","-1.1%","1788134400000","0","1786964422061","","%"
"401121","2026-08-17T10:30:00.000Z","1786962600000","India","Unemployment Rate","Unemployment Rate","失业率","1","5.1%","5.4%","5.5%","","1785456000000","0","1786962649023","","%"
"404248","2026-08-17T10:00:00.000Z","1786960800000","Peru","Unemployment Rate","Unemployment Rate","失业率","1","4.7%","","4.9%","","1785456000000","0","1786960903143","","%"
"406664","2026-08-17T10:00:00.000Z","1786960800000","Israel","Unemployment Rate","Unemployment Rate","失业率","1","3.1%","","2.9%","","1785456000000","0","1786960866487","","%"
"409305","2026-08-17T10:00:00.000Z","1786960800000","Peru","Monthly GDP YoY","GDP Growth Rate YoY","国内生产总值（GDP）增长率同比","1","1.75%","","1.8%","","1782777600000","0","1786960895099","","%"
"418017","2026-08-17T10:00:00.000Z","1786960800000","Albania","Balance of Trade","Balance of Trade","贸易差额","1","ALL-52.8B","","ALL-48.0B","","1785456000000","0","1786960812057","ALL","B"
"396552","2026-08-17T09:30:00.000Z","1786959000000","South Africa","Calendar","364-Day T-Bill Auction","364天期国库券拍卖","1","7.75%","","7.74%","","","0","1786959388007","","%"
"396553","2026-08-17T09:30:00.000Z","1786959000000","South Africa","Calendar","273-Day T-Bill Auction","273天期国库券拍卖","1","7.66%","","7.65%","","","0","1786959380393","","%"
"396554","2026-08-17T09:30:00.000Z","1786959000000","South Africa","Calendar","182-Day T-Bill Auction","182天期国库券拍卖","1","7.42%","","7.42%","","","0","1786959371054","","%"
"396557","2026-08-17T09:30:00.000Z","1786959000000","South Africa","Calendar","91-Day T-Bill Auction","91天期国库券拍卖","1","6.96%","","7%","","","0","1786959361673","","%"
"417521","2026-08-17T09:30:00.000Z","1786959000000","Germany","6 Month Bill Yield","6-Month Bubill Auction","6个月期德国国库券（Bubill）拍卖","1","2.502%","","2.436%","","","0","1786960129063","","%"
"417533","2026-08-17T09:30:00.000Z","1786959000000","Germany","52 Week Bill Yield","12-Month Bubill Auction","12个月期德国国库券（Bubill）拍卖","1","2.656%","","2.566%","","","0","1786960112557","","%"
"419960","2026-08-17T09:30:00.000Z","1786959000000","Belgium","Harmonised Inflation Rate YoY","Harmonised Inflation Rate YoY Final","调和通胀率同比终值","1","3.6%","","3.3%","","1785456000000","0","1786959061587","","%"
"420994","2026-08-17T09:30:00.000Z","1786959000000","Euro Area","Interest Rate","ECB Lane Speech","欧洲央行（ECB）Lane讲话","1","","","","","","0","1786629815065","",""
"419771","2026-08-17T09:05:00.000Z","1786957500000","Norway","Calendar","03/2027 NTB Auction","2027年03月到期NTB国库券拍卖","1","4.46%","","4.20%","","","0","1786957638057","","%"
"405498","2026-08-17T08:00:00.000Z","1786953600000","Kazakhstan","Industrial Production","Industrial Production YoY","工业生产同比","1","0.1%","","8.2%","","1785456000000","0","1786953627807","","%"
"407157","2026-08-17T08:00:00.000Z","1786953600000","Jordan","Producer Prices Change","PPI YoY","生产者价格指数同比","1","5.3%","","6.6%","","1782777600000","0","1786953847893","","%"
"407569","2026-08-17T08:00:00.000Z","1786953600000","Bulgaria","Inflation Rate Mom","Inflation Rate MoM Final","通胀率环比终值","1","0.8%","","-0.9%","","1785456000000","0","1786953786063","","%"
"411529","2026-08-17T08:00:00.000Z","1786953600000","Bulgaria","Inflation Rate","Inflation Rate YoY Final","通胀率同比终值","1","4.5%","","5.4%","","1785456000000","0","1786953745233","","%"
"416912","2026-08-17T08:00:00.000Z","1786953600000","Turkey","Government Budget Value","Budget Balance","预算差额","1","TRY-378.1B","","TRY114.2B","","1785456000000","0","1786953758037","TRY","B"
"400550","2026-08-17T07:00:00.000Z","1786950000000","China","Fixed Asset Investment","Fixed Asset Investment (YTD) YoY","固定资产投资年初至今累计同比","2","-6.7%","-6.2%","-5.7%","","1785456000000","0","1786950000072","","%"
"400936","2026-08-17T07:00:00.000Z","1786950000000","China","Retail Sales YoY","Retail Sales YoY","零售销售同比","3","0.6%","1.5%","1%","","1785456000000","0","1786950000723","","%"
"401550","2026-08-17T07:00:00.000Z","1786950000000","China","Unemployment Rate","Unemployment Rate","失业率","1","5.2%","5.1%","5%","","1785456000000","0","1786950000713","","%"
"401895","2026-08-17T07:00:00.000Z","1786950000000","China","Industrial Production","Industrial Production YoY","工业生产同比","3","4.5%","5.0%","5.3%","","1785456000000","0","1786950000723","","%"
"402123","2026-08-17T07:00:00.000Z","1786950000000","China","Housing Index","House Price Index YoY","房价指数同比","2","-3.2%","","-3.3%","","1785456000000","0","1786950228066","","%"
"404570","2026-08-17T07:00:00.000Z","1786950000000","Czech Republic","Producer Price Inflation MoM","PPI MoM","生产者价格指数环比","1","0.3%","","-0.4%","","1785456000000","0","1786950000833","","%"
"404985","2026-08-17T07:00:00.000Z","1786950000000","Turkey","Car Production","Auto Production YoY","汽车产量同比","1","-19.2%","","15.5%","","1785456000000","0","1786950018042","","%"
"405273","2026-08-17T07:00:00.000Z","1786950000000","Turkey","Total Vehicle Sales","Auto Sales YoY","汽车销量同比","1","-25.0%","","-11.4%","","1785456000000","0","1786950026071","","%"
"408783","2026-08-17T07:00:00.000Z","1786950000000","Czech Republic","Producer Prices Change","PPI YoY","生产者价格指数同比","1","1.6%","","1.3%","","1785456000000","0","1786950000833","","%"
"411974","2026-08-17T06:30:00.000Z","1786948200000","Tunisia","GDP Growth Rate","GDP Growth Rate QoQ","国内生产总值（GDP）增长率季环比","1","1.4%","","0.0%","-0.3%","1782777600000","0","1786948068987","","%"
"412574","2026-08-17T06:30:00.000Z","1786948200000","Tunisia","GDP Annual Growth Rate","GDP Growth Rate YoY","国内生产总值（GDP）增长率同比","1","2.3%","","2.6%","","1782777600000","0","1786948047953","","%"
"408002","2026-08-17T06:00:00.000Z","1786946400000","Norway","Balance of Trade","Balance of Trade","贸易差额","1","NOK84.3B","","NOK63.3B","NOK61.9B","1785456000000","0","1786946476052","NOK","B"
"401826","2026-08-17T04:30:00.000Z","1786941000000","Japan","Capacity Utilization","Capacity Utilization MoM","产能利用率环比","1","4.1%","","0.1%","","1782777600000","0","1786941052683","","%"
"401868","2026-08-17T04:30:00.000Z","1786941000000","Japan","Tertiary Industry Index","Tertiary Industry Index MoM","第三产业活动指数环比","1","-0.2%","-1%","0.8%","1.1%","1782777600000","0","1786942008086","","%"
"402839","2026-08-17T04:30:00.000Z","1786941000000","Japan","Industrial Production","Industrial Production YoY Final","工业生产同比终值","1","4.9%","","-2.1%","","1782777600000","0","1786941058076","","%"
"403342","2026-08-17T04:30:00.000Z","1786941000000","Japan","Industrial Production Mom","Industrial Production MoM Final","工业生产环比终值","1","1.9%","1.3%","0.1%","","1782777600000","0","1786941044037","","%"
"403800","2026-08-17T04:00:00.000Z","1786939200000","Malaysia","Inflation Rate","Inflation Rate YoY","通胀率同比","2","1.8%","","1.9%","","1785456000000","0","1786939350393","","%"
"407545","2026-08-17T04:00:00.000Z","1786939200000","Malaysia","Inflation Rate Mom","Inflation Rate MoM","通胀率环比","2","0%","","0.0%","","1785456000000","0","1786939372667","","%"
"413915","2026-08-17T03:45:00.000Z","1786938300000","Philippines","Remittances","Cash Remittances","现金汇款额","1","$3.0B","","$2.7B","","1782777600000","0","1786938352563","$","B"
"405552","2026-08-17T02:30:00.000Z","1786933800000","Thailand","GDP Growth Rate","GDP Growth Rate QoQ","国内生产总值（GDP）增长率季环比","2","-0.20%","-0.6%","0.60%","0.7%","1782777600000","0","1786934096537","","%"
"406050","2026-08-17T02:30:00.000Z","1786933800000","Thailand","GDP Annual Growth Rate","GDP Growth Rate YoY","国内生产总值（GDP）增长率同比","2","1.9%","1.7%","2.8%","","1782777600000","0","1786933824413","","%"
"407793","2026-08-17T02:00:00.000Z","1786932000000","Jordan","Inflation Rate Mom","Inflation Rate MoM","通胀率环比","1","-0.18%","","0.14%","","1785456000000","0","1786931890427","","%"
"412457","2026-08-17T02:00:00.000Z","1786932000000","Jordan","Inflation Rate","Inflation Rate YoY","通胀率同比","1","2.70%","","2.79%","","1785456000000","0","1786931857423","","%"
"412332","2026-08-17T00:45:00.000Z","1786927500000","Singapore","Balance of Trade","Balance of Trade","贸易差额","1","$10.724B","","$13.870B","$13.817B","1785456000000","0","1786927584009","$","B"
"410351","2026-08-17T00:30:00.000Z","1786926600000","Singapore","Domestic Exports of Non Oil (nodx) (%yoy)","Non-Oil Exports YoY","非石油出口同比","1","24.2%","","20.8%","20.7%","1785456000000","0","1786926679853","","%"
"414649","2026-08-17T00:30:00.000Z","1786926600000","Singapore","Exports of Non-oil Domestic Exports Of","Non-Oil Exports MoM","非石油出口环比","1","-0.3%","","-8.8%","-8.9%","1785456000000","0","1786927567897","","%"
"416315","2026-08-17T00:00:00.000Z","1786924800000","Argentina","Holidays","San Martin Day","圣马丁纪念日","1","","","","","","0","1764785115283","",""
"416316","2026-08-17T00:00:00.000Z","1786924800000","Colombia","Holidays","Assumption of Mary","圣母升天节","1","","","","","","0","1764785115287","",""
"416317","2026-08-17T00:00:00.000Z","1786924800000","Indonesia","Holidays","Indonesian Independence Day","印度尼西亚独立日","1","","","","","","0","1764785115287","",""
"416318","2026-08-17T00:00:00.000Z","1786924800000","Rwanda","Holidays","Assumption of Mary","圣母升天节","1","","","","","","0","1764785115029","",""
"416319","2026-08-17T00:00:00.000Z","1786924800000","South Korea","Holidays","Liberation Day","解放日","1","","","","","","0","1764785115297","",""
"400559","2026-08-16T23:50:00.000Z","1786924200000","Japan","Gross Fixed Capital Formation","GDP Capital Expenditure QoQ Prel","国内生产总值（GDP）资本支出季环比初值","1","-1.2%","0.4%","-1.0%","-0.7%","1782777600000","0","1786924694717","","%"
"401003","2026-08-16T23:50:00.000Z","1786924200000","Japan","GDP Growth Rate","GDP Growth Rate QoQ Prel","国内生产总值（GDP）增长率季环比初值","3","0.3%","0.5%","0.5%","","1782777600000","0","1786924253093","","%"
"401442","2026-08-16T23:50:00.000Z","1786924200000","Japan","GDP External Demand Contribution","GDP External Demand QoQ Prel","国内生产总值（GDP）外部需求季环比初值","1","0.5%","0.3%","0.3%","","1782777600000","0","1786924392029","","%"
"401972","2026-08-16T23:50:00.000Z","1786924200000","Japan","GDP Deflator","GDP Price Index YoY Prel","国内生产总值（GDP）价格指数同比初值","1","2.6%","2.4%","3.2%","","1782777600000","0","1786924285006","","%"
"402330","2026-08-16T23:50:00.000Z","1786924200000","Japan","Gdp Growth Annualized","GDP Growth Annualized Prel","国内生产总值（GDP）年化增长率初值","2","1.1%","2%","1.9%","1.8%","1782777600000","0","1786924337463","","%"
"403260","2026-08-16T23:50:00.000Z","1786924200000","Japan","Consumer Spending","GDP Private Consumption QoQ Prel","国内生产总值（GDP）私人消费季环比初值","1","0%","0.5%","0.5%","0.3%","1782777600000","0","1786924718133","","%"
"402651","2026-08-16T22:45:00.000Z","1786920300000","New Zealand","Credit Card Spending","Electronic Retail Card Spending YoY","电子卡零售支出同比","1","3.4%","","1.3%","","1785456000000","0","1786920478357","","%"
"403379","2026-08-16T22:45:00.000Z","1786920300000","New Zealand","Credit Card Spending","Electronic Retail Card Spending MoM","电子卡零售支出环比","1","1.3%","","-1.3%","-1.4%","1785456000000","0","1786920508187","","%"
"414957","2026-08-16T22:45:00.000Z","1786920300000","New Zealand","Food Inflation","Food Inflation YoY","食品通胀率同比","1","1.9%","","2.5%","","1785456000000","0","1786920358663","","%"
"401731","2026-08-16T22:30:00.000Z","1786919400000","New Zealand","Services PMI","Services NZ PSI","新西兰服务业表现指数（PSI）","1","50.6","","50.9","50.6","1785456000000","0","1786923628317","",""
"403046","2026-08-16T22:30:00.000Z","1786919400000","New Zealand","Composite PMI","Composite NZ PCI","新西兰综合表现指数（PCI）","1","52.6","","53.8","53.6","1785456000000","0","1786920596107","",""
"405196","2026-08-16T10:00:00.000Z","1786874400000","Israel","GDP Growth Annualized","GDP Growth Annualized 1st Est","国内生产总值（GDP）年化增长率第一次估值","1","15.4%","6.9%","-2.2%","","1782777600000","0","1786948770049","","%"
"416314","2026-08-16T00:00:00.000Z","1786838400000","Dominican Republic","Holidays","Restoration Day","复国日","1","","","","","","0","1764785115028","",""
"408849","2026-08-15T00:30:00.000Z","1786753800000","El Salvador","Inflation Rate","Inflation Rate YoY","通胀率同比","1","2.49%","","2.77%","","1785456000000","0","1786754098867","","%"
"412140","2026-08-15T00:30:00.000Z","1786753800000","El Salvador","Inflation Rate Mom","Inflation Rate MoM","通胀率环比","1","0.05%","","0.55%","","1785456000000","0","1786754271493","","%"
"416283","2026-08-15T00:00:00.000Z","1786752000000","Austria","Holidays","Assumption of Mary","圣母升天节","1","","","","","","0","1764785115021","",""
"416284","2026-08-15T00:00:00.000Z","1786752000000","Belgium","Holidays","Assumption of Mary","圣母升天节","1","","","","","","0","1764785115021","",""
"416285","2026-08-15T00:00:00.000Z","1786752000000","Burundi","Holidays","Assumption of Mary","圣母升天节","1","","","","","","0","1764785115213","",""
"416286","2026-08-15T00:00:00.000Z","1786752000000","Cameroon","Holidays","Assumption of Mary","圣母升天节","1","","","","","","0","1764785115217","",""
"416287","2026-08-15T00:00:00.000Z","1786752000000","Cape Verde","Holidays","Assumption of Mary","圣母升天节","1","","","","","","0","1764785115217","",""
"416288","2026-08-15T00:00:00.000Z","1786752000000","Chile","Holidays","Assumption of Mary","圣母升天节","1","","","","","","0","1764785115022","",""
"416289","2026-08-15T00:00:00.000Z","1786752000000","Costa Rica","Holidays","Mother’s Day","母亲节","1","","","","","","0","1764785115022","",""
"416290","2026-08-15T00:00:00.000Z","1786752000000","Croatia","Holidays","Assumption of Mary","圣母升天节","1","","","","","","0","1764785115223","",""
"416291","2026-08-15T00:00:00.000Z","1786752000000","Cyprus","Holidays","Assumption of Mary","圣母升天节","1","","","","","","0","1764785115227","",""
"416292","2026-08-15T00:00:00.000Z","1786752000000","France","Holidays","Assumption of Mary","圣母升天节","1","","","","","","0","1764785115227","",""
"416293","2026-08-15T00:00:00.000Z","1786752000000","Gambia","Holidays","Assumption of Mary","圣母升天节","1","","","","","","0","1764785115023","",""
"416294","2026-08-15T00:00:00.000Z","1786752000000","Greece","Holidays","Dormition of the Holy Virgin","圣母安息节","1","","","","","","0","1764785115023","",""
"416295","2026-08-15T00:00:00.000Z","1786752000000","Guinea","Holidays","Assumption of Mary","圣母升天节","1","","","","","","0","1764785115233","",""
"416296","2026-08-15T00:00:00.000Z","1786752000000","India","Holidays","Independence Day","独立日","1","","","","","","0","1764785115237","",""
"416297","2026-08-15T00:00:00.000Z","1786752000000","Italy","Holidays","Assumption of Mary","圣母升天节","1","","","","","","0","1764785115024","",""
"416298","2026-08-15T00:00:00.000Z","1786752000000","Lebanon","Holidays","Assumption of Mary","圣母升天节","1","","","","","","0","1764785115243","",""
"416299","2026-08-15T00:00:00.000Z","1786752000000","Lithuania","Holidays","Assumption of Mary","圣母升天节","1","","","","","","0","1764785115247","",""
"416300","2026-08-15T00:00:00.000Z","1786752000000","Luxembourg","Holidays","Assumption of Mary","圣母升天节","1","","","","","","0","1764785115025","",""
"416301","2026-08-15T00:00:00.000Z","1786752000000","Madagascar","Holidays","Assumption of Mary","圣母升天节","1","","","","","","0","1764785115025","",""
"416302","2026-08-15T00:00:00.000Z","1786752000000","Maldives","Holidays","National Day","国庆日","1","","","","","","0","1764785115253","",""
"416303","2026-08-15T00:00:00.000Z","1786752000000","Malta","Holidays","Assumption of Mary","圣母升天节","1","","","","","","0","1764785115253","",""
"416304","2026-08-15T00:00:00.000Z","1786752000000","Mauritius","Holidays","Assumption of Mary","圣母升天节","1","","","","","","0","1764785115257","",""
"416305","2026-08-15T00:00:00.000Z","1786752000000","Paraguay","Holidays","Founding of Asuncion","亚松森建城纪念日","1","","","","","","0","1764785115026","",""
"416306","2026-08-15T00:00:00.000Z","1786752000000","Poland","Holidays","Assumption of Mary","圣母升天节","1","","","","","","0","1764785115026","",""
"416307","2026-08-15T00:00:00.000Z","1786752000000","Portugal","Holidays","Assumption of Mary","圣母升天节","1","","","","","","0","1764785115263","",""
"416308","2026-08-15T00:00:00.000Z","1786752000000","Romania","Holidays","St Mary’s Day","圣母玛利亚节","1","","","","","","0","1764785115267","",""
"416309","2026-08-15T00:00:00.000Z","1786752000000","Senegal","Holidays","Assumption of Mary","圣母升天节","1","","","","","","0","1764785115027","",""
"416310","2026-08-15T00:00:00.000Z","1786752000000","Seychelles","Holidays","Assumption of Mary","圣母升天节","1","","","","","","0","1764785115273","",""
"416311","2026-08-15T00:00:00.000Z","1786752000000","Slovenia","Holidays","Assumption of Mary","圣母升天节","1","","","","","","0","1764785115273","",""
"416312","2026-08-15T00:00:00.000Z","1786752000000","Spain","Holidays","Assumption of Mary","圣母升天节","1","","","","","","0","1764785115277","",""
"416313","2026-08-15T00:00:00.000Z","1786752000000","Venezuela","Holidays","Assumption of Mary","圣母升天节","1","","","","","","0","1764785115028","",""
"417389","2026-08-15T00:00:00.000Z","1786752000000","Republic of the Congo","Holidays","National Day","国庆日","1","","","","","","0","1767014117703","",""
"396550","2026-08-14T17:00:00.000Z","1786726800000","United States","Crude Oil Rigs","Baker Hughes Oil Rig Count","贝克休斯石油钻井平台数量","1","455","","454","","1786665600000","0","1786727270497","",""
"396551","2026-08-14T17:00:00.000Z","1786726800000","United States","Total Rigs","Baker Hughes Total Rigs Count","贝克休斯钻井平台总数","1","593","","588","","1786665600000","0","1786727280617","",""
"403763","2026-08-14T17:00:00.000Z","1786726800000","Paraguay","Consumer Confidence","Consumer Confidence","消费者信心指数","1","42.99","","41.23","","1785456000000","0","1786727355063","",""
"404154","2026-08-14T15:00:00.000Z","1786719600000","Colombia","Retail Sales YoY","Retail Sales YoY","零售销售同比","1","14.7%","13.6%","11.7%","","1782777600000","0","1786717712047","","%"
"411762","2026-08-14T15:00:00.000Z","1786719600000","Colombia","Industrial Production","Industrial Production YoY","工业生产同比","1","4.1%","2.1%","-0.4%","","1782777600000","0","1786717568068","","%"
"396545","2026-08-14T14:00:00.000Z","1786716000000","United States","Michigan 5 Year Inflation Expectations","Michigan 5 Year Inflation Expectations Prel","密歇根大学5年期通胀预期初值","1","3.3%","","3.3%","","1788134400000","0","1786716025093","","%"
"396546","2026-08-14T14:00:00.000Z","1786716000000","United States","Michigan Inflation Expectations","Michigan Inflation Expectations Prel","密歇根大学通胀预期初值","1","4.3%","","4.2%","","1788134400000","0","1786716025035","","%"
"396547","2026-08-14T14:00:00.000Z","1786716000000","United States","Michigan Current Economic Conditions","Michigan Current Conditions Prel","密歇根大学现况指数初值","1","51.8","55","54.8","","1788134400000","0","1786716002088","",""
"396548","2026-08-14T14:00:00.000Z","1786716000000","United States","Consumer Confidence","Michigan Consumer Sentiment Prel","密歇根大学消费者信心指数初值","3","51.0","54.5","55.2","","1788134400000","0","1786716002085","",""
"396549","2026-08-14T14:00:00.000Z","1786716000000","United States","Michigan Consumer Expectations","Michigan Consumer Expectations Prel","密歇根大学消费者预期指数初值","1","50.6","55.2","55.4","","1788134400000","0","1786716002088","",""
"398237","2026-08-14T14:00:00.000Z","1786716000000","United States","Business Inventories","Business Inventories MoM","商业库存环比","2","0%","0.1%","0.4%","0.3%","1782777600000","0","1786716002088","","%"
"398478","2026-08-14T14:00:00.000Z","1786716000000","United States","Retail Inventories Ex Autos","Retail Inventories Ex Autos MoM","扣除汽车的零售库存环比","1","-0.4%","","0.7%","0.2%","1782777600000","0","1786716265043","","%"
"404878","2026-08-14T13:00:00.000Z","1786712400000","Russia","Current Account","Current Account","经常账户差额","1","$21.4B","","$12.7B","$12.2B","1782777600000","0","1786712513277","$","B"
"407992","2026-08-14T13:00:00.000Z","1786712400000","Ukraine","Balance of Trade","Balance of Trade","贸易差额","1","","","","","1782777600000","0","1769904071015","",""
"420993","2026-08-14T13:00:00.000Z","1786712400000","United States","Interest Rate","Fed Venable Speech","美联储Venable讲话","2","","","","","","0","1786629760683","",""
"398378","2026-08-14T12:30:00.000Z","1786710600000","United States","Retail Sales YoY","Retail Sales YoY","零售销售同比","1","5%","","6.8%","6.7%","1785456000000","0","1786710663031","","%"
"398619","2026-08-14T12:30:00.000Z","1786710600000","United States","Retail Sales Ex Gas and Autos MoM","Retail Sales Ex Gas/Autos MoM","扣除汽油及汽车的零售销售环比","1","-0.2%","","0.4%","","1785456000000","0","1786710611573","","%"
"398623","2026-08-14T12:30:00.000Z","1786710600000","United States","Retail Sales Ex Autos","Retail Sales Ex Autos MoM","扣除汽车的零售销售环比","2","-0.3%","0.2%","-0.2%","","1785456000000","0","1786710611577","","%"
"398906","2026-08-14T12:30:00.000Z","1786710600000","United States","Retail Sales MoM","Retail Sales MoM","零售销售环比","3","-0.6%","0.1%","0.2%","","1785456000000","0","1786710602048","","%"
"399321","2026-08-14T12:30:00.000Z","1786710600000","United States","Retail Sales Control Group","Retail Sales Control Group MoM","零售销售控制组环比","2","-0.4%","0.3%","0.4%","0.5%","1785456000000","0","1786710611573","","%"
"406691","2026-08-14T12:30:00.000Z","1786710600000","Canada","Manufacturing Sales","Manufacturing Sales MoM Final","制造业销售额环比终值","1","0.1%","-0.1%","1.3%","","1782777600000","0","1786710643019","","%"
"410580","2026-08-14T12:30:00.000Z","1786710600000","Canada","Wholesale Sales","Wholesale Sales MoM Final","批发销售额环比终值","1","2.8%","2.7%","0%","","1782777600000","0","1786710655767","","%"
"420454","2026-08-14T12:30:00.000Z","1786710600000","Canada","Capacity Utilization","Capacity Utilization","产能利用率","1","82.3%","","82.2%","82.5%","1782777600000","0","1786710689313","","%"
"409254","2026-08-14T12:00:00.000Z","1786708800000","Poland","Core Inflation Rate","Core Inflation Rate YoY","核心通胀率同比","1","3.1%","3.1%","3%","","1785456000000","0","1786708800053","","%"
"413833","2026-08-14T11:45:00.000Z","1786707900000","Costa Rica","GDP Annual Growth Rate","GDP Growth Rate YoY","国内生产总值（GDP）增长率同比","1","3.4%","","4.0%","4.5%","1782777600000","0","1786707985001","","%"
"396491","2026-08-14T11:30:00.000Z","1786707000000","India","Loan Growth","Bank Loan Growth YoY","银行贷款增长率同比","1","19.3%","","17.7%","","1785456000000","0","1787312069733","","%"
"396493","2026-08-14T11:30:00.000Z","1786707000000","India","Deposit Growth","Deposit Growth YoY","存款增长率同比","1","15.4%","","12.7%","","1785456000000","0","1787312087463","","%"
"396544","2026-08-14T11:30:00.000Z","1786707000000","India","Foreign Exchange Reserves","Foreign Exchange Reserves","外汇储备","1","$707B","","$692.87B","","1786060800000","0","1786707007028","$","B"
"406121","2026-08-14T11:00:00.000Z","1786705200000","Israel","Inflation Rate","Inflation Rate YoY","通胀率同比","1","1.5%","1.6%","1.6%","","1785456000000","0","1786705200737","","%"
"412679","2026-08-14T11:00:00.000Z","1786705200000","Israel","Inflation Rate Mom","Inflation Rate MoM","通胀率环比","1","0.3%","0.4%","0%","","1785456000000","0","1786705200773","","%"
"413836","2026-08-14T11:00:00.000Z","1786705200000","Egypt","Unemployment Rate","Unemployment Rate","失业率","1","5.8%","","6%","","1782777600000","0","1786705910193","","%"
"408604","2026-08-14T10:00:00.000Z","1786701600000","Kyrgyzstan","Monthly GDP YoY","GDP YoY","国内生产总值（GDP）同比","1","11.1%","","11.9%","","1785456000000","0","1786701620003","","%"
"410474","2026-08-14T10:00:00.000Z","1786701600000","Romania","Current Account","Current Account","经常账户差额","1","€-2956M","","€-2654M","€-2711M","1782777600000","0","1786701606663","€","M"
"410967","2026-08-14T10:00:00.000Z","1786701600000","Latvia","Unemployment Rate","Unemployment Rate","失业率","1","7.0%","","7.1%","","1782777600000","0","1786702151473","","%"
"413552","2026-08-14T10:00:00.000Z","1786701600000","Serbia","Building Permits","Building Permits","建筑许可数量","1","2673","","2329","","1782777600000","0","1786701615052","",""
"414899","2026-08-14T09:30:00.000Z","1786699800000","Kyrgyzstan","Industrial Production","Industrial Production YoY","工业生产同比","1","6.3%","","5.0%","","1785456000000","0","1786699821263","","%"
"400333","2026-08-14T09:00:00.000Z","1786698000000","Euro Area","Employment Change YoY","Employment Change YoY Prel","就业人数变动同比初值","2","0.5%","0.6%","0.5%","","1782777600000","0","1786698001833","","%"
"401526","2026-08-14T09:00:00.000Z","1786698000000","Euro Area","GDP Growth Rate","GDP Growth Rate QoQ 2nd Est","国内生产总值（GDP）增长率季环比第二次估值","1","0.4%","0.4%","0.0%","","1782777600000","0","1786698001093","","%"
"401697","2026-08-14T09:00:00.000Z","1786698000000","Euro Area","Employment Change","Employment Change QoQ Prel","就业人数变动季环比初值","2","0.1%","0.1%","0.1%","","1782777600000","0","1786698001617","","%"
"401915","2026-08-14T09:00:00.000Z","1786698000000","China","Current Account","Current Account Prel","经常账户差额初值","2","$195.1B","","$184.3B","","1782777600000","0","1786698286593","$","B"
"402307","2026-08-14T09:00:00.000Z","1786698000000","Euro Area","GDP Annual Growth Rate","GDP Growth Rate YoY 2nd Est","国内生产总值（GDP）增长率同比第二次估值","1","1%","1%","0.5%","","1782777600000","0","1786698001897","","%"
"402959","2026-08-14T09:00:00.000Z","1786698000000","Euro Area","Balance of Trade","Balance of Trade","贸易差额","2","€8.6B","€-2.2B","€-9B","€-7.8B","1782777600000","0","1786698002005","€","B"
"406570","2026-08-14T09:00:00.000Z","1786698000000","Croatia","Inflation Rate","Inflation Rate YoY Final","通胀率同比终值","1","3.9%","","4.5%","","1785456000000","0","1786698053017","","%"
"407204","2026-08-14T09:00:00.000Z","1786698000000","Kazakhstan","Unemployment Rate","Unemployment Rate","失业率","1","4.5%","","4.5%","","1782777600000","0","1786698138043","","%"
"408826","2026-08-14T09:00:00.000Z","1786698000000","Belgium","Balance of Trade","Balance of Trade","贸易差额","1","€6442.1M","","€4787.7M","€4271.9M","1782777600000","0","1786698315197","€","M"
"409747","2026-08-14T09:00:00.000Z","1786698000000","Cyprus","GDP Growth Rate","GDP Growth Rate QoQ Flash","国内生产总值（GDP）增长率季环比快报值","1","0.8%","","0.5%","","1782777600000","0","1786698069227","","%"
"410721","2026-08-14T09:00:00.000Z","1786698000000","Croatia","Inflation Rate Mom","Inflation Rate MoM Final","通胀率环比终值","1","-0.2%","","-0.4%","","1785456000000","0","1786698063052","","%"
"411162","2026-08-14T09:00:00.000Z","1786698000000","Kyrgyzstan","Inflation Rate","Inflation Rate YoY","通胀率同比","1","11.5%","","11.0%","","1785456000000","0","1786698061983","","%"
"414898","2026-08-14T09:00:00.000Z","1786698000000","Cyprus","GDP Annual Growth Rate","GDP Growth Rate YoY Flash","国内生产总值（GDP）增长率同比快报值","1","3.3%","","3.0%","","1782777600000","0","1786698064091","","%"
"401630","2026-08-14T08:30:00.000Z","1786696200000","China","Total Social Financing","Total Social Financing","社会融资规模","1","CNY1410B","CNY1200B","CNY3360B","","1785456000000","0","1786696932383","CNY","B"
"401825","2026-08-14T08:30:00.000Z","1786696200000","China","New Bank Loans","New Yuan Loans","新增人民币贷款","2","CNY-340B","CNY45B","CNY1610B","","1785456000000","0","1786696903717","CNY","B"
"402865","2026-08-14T08:30:00.000Z","1786696200000","China","Loan Growth","Outstanding Loan Growth YoY","贷款余额增长率同比","1","5.1%","5.3%","5.3%","5.2%","1785456000000","0","1786696917081","","%"
"403265","2026-08-14T08:30:00.000Z","1786696200000","China","Money Supply M2","M2 Money Supply YoY","M2货币供应量同比","1","7.7%","7.9%","8%","","1785456000000","0","1786696890117","","%"
"407125","2026-08-14T08:30:00.000Z","1786696200000","Hong Kong","GDP Annual Growth Rate","GDP Growth Rate YoY Final","国内生产总值（GDP）增长率同比终值","1","4.3%","4.3%","5.9%","","1782777600000","0","1786696213024","","%"
"407442","2026-08-14T08:30:00.000Z","1786696200000","Hong Kong","GDP Growth Rate","GDP Growth Rate QoQ Final","国内生产总值（GDP）增长率季环比终值","1","-0.6%","-0.6%","2.9%","","1782777600000","0","1786696213027","","%"
"413242","2026-08-14T08:30:00.000Z","1786696200000","Slovenia","GDP Annual Growth Rate","GDP Growth Rate YoY","国内生产总值（GDP）增长率同比","1","5.0%","","3.2%","3.0%","1782777600000","0","1786696332005","","%"
"413509","2026-08-14T08:30:00.000Z","1786696200000","Slovenia","GDP Growth Rate","GDP Growth Rate QoQ","国内生产总值（GDP）增长率季环比","1","1.8%","","1.1%","0.7%","1782777600000","0","1786696340883","","%"
"405664","2026-08-14T08:00:00.000Z","1786694400000","Bulgaria","GDP Annual Growth Rate","GDP Growth Rate YoY Prel","国内生产总值（GDP）增长率同比初值","1","2.7%","","2.9%","","1782777600000","0","1786695811075","","%"
"408409","2026-08-14T08:00:00.000Z","1786694400000","Kazakhstan","GDP Annual Growth Rate","GDP Growth Rate YoY","国内生产总值（GDP）增长率同比","1","4.1%","","3%","","1782777600000","0","1786694977167","","%"
"409156","2026-08-14T08:00:00.000Z","1786694400000","Bulgaria","GDP Growth Rate","GDP Growth Rate QoQ Prel","国内生产总值（GDP）增长率季环比初值","1","0.6%","","0.7%","","1782777600000","0","1786694452063","","%"
"410868","2026-08-14T08:00:00.000Z","1786694400000","Taiwan","GDP Annual Growth Rate","GDP Growth Rate YoY Final","国内生产总值（GDP）增长率同比终值","1","12.93%","12.92%","15.43%","14.55%","1782777600000","0","1786695451097","","%"
"410046","2026-08-14T07:30:00.000Z","1786692600000","Botswana","Inflation Rate Mom","Inflation Rate MoM","通胀率环比","1","-1.8%","","0.2%","","1785456000000","0","1786692883937","","%"
"414076","2026-08-14T07:30:00.000Z","1786692600000","Botswana","Inflation Rate","Inflation Rate YoY","通胀率同比","1","9.4%","","10.7%","","1785456000000","0","1786692863997","","%"
"412599","2026-08-14T07:20:00.000Z","1786692000000","Kazakhstan","Monthly GDP YoY","GDP YoY","国内生产总值（GDP）同比","1","4.9%","","5.1%","","1785456000000","0","1786692117076","","%"
"404684","2026-08-14T07:00:00.000Z","1786690800000","Slovakia","GDP Annual Growth Rate","GDP Growth Rate YoY Prel","国内生产总值（GDP）增长率同比初值","1","0.7%","","0.9%","","1782777600000","0","1786690860823","","%"
"408914","2026-08-14T07:00:00.000Z","1786690800000","Moldova","Balance of Trade","Balance of Trade","贸易差额","1","$-620.9M","","$-640.2M","","1782777600000","0","1786690852223","$","M"
"412326","2026-08-14T07:00:00.000Z","1786690800000","Switzerland","GDP Growth Rate","GDP Growth Rate QoQ Flash","国内生产总值（GDP）增长率季环比快报值","2","1.5%","","0.4%","","1782777600000","0","1786690943163","","%"
"413820","2026-08-14T07:00:00.000Z","1786690800000","Slovakia","GDP Growth Rate","GDP Growth Rate QoQ Prel","国内生产总值（GDP）增长率季环比初值","1","0.2%","","0.2%","","1782777600000","0","1786691017036","","%"
"400678","2026-08-14T06:45:00.000Z","1786689900000","France","Harmonised Inflation Rate YoY","Harmonised Inflation Rate YoY Final","调和通胀率同比终值","1","2.4%","2.4%","2%","","1785456000000","0","1786689900543","","%"
"401119","2026-08-14T06:45:00.000Z","1786689900000","France","Harmonised Inflation Rate MoM","Harmonised Inflation Rate MoM Final","调和通胀率环比终值","1","0.6%","0.6%","-0.3%","","1785456000000","0","1786689900055","","%"
"401128","2026-08-14T06:45:00.000Z","1786689900000","France","Inflation Rate Mom","Inflation Rate MoM Final","通胀率环比终值","1","0.6%","0.6%","-0.3%","","1785456000000","0","1786689900547","","%"
"402408","2026-08-14T06:45:00.000Z","1786689900000","France","Inflation Rate","Inflation Rate YoY Final","通胀率同比终值","1","2.1%","2.1%","1.8%","","1785456000000","0","1786689933035","","%"
"400209","2026-08-14T06:30:00.000Z","1786689000000","India","WPI Fuel YoY","WPI Fuel YoY","批发价格指数（WPI）燃料分项同比","1","20.05%","","27.41%","","1785456000000","0","1786689107603","","%"
"400981","2026-08-14T06:30:00.000Z","1786689000000","India","Wholesale Prices YoY","WPI Inflation YoY","批发价格指数（WPI）通胀率同比","1","9.78%","9.95%","9.87%","","1785456000000","0","1786689077297","","%"
"401333","2026-08-14T06:30:00.000Z","1786689000000","India","WPI Food Index YoY","WPI Food Index YoY","批发价格指数（WPI）食品分项同比","1","6.65%","","6.14%","","1785456000000","0","1786689683085","","%"
"402549","2026-08-14T06:30:00.000Z","1786689000000","India","WPI Manufacturing YoY","WPI Manufacturing YoY","批发价格指数（WPI）制造业分项同比","1","8.29%","","7.48%","","1785456000000","0","1786689115013","","%"
"400463","2026-08-14T06:00:00.000Z","1786687200000","Germany","Wholesale Prices YoY","Wholesale Prices YoY","批发价格同比","2","5.3%","","4.9%","","1785456000000","0","1786687205013","","%"
"401074","2026-08-14T06:00:00.000Z","1786687200000","Germany","Wholesale Prices MoM","Wholesale Prices MoM","批发价格环比","2","0.2%","0.4%","-0.7%","","1785456000000","0","1786687205013","","%"
"410415","2026-08-14T06:00:00.000Z","1786687200000","Romania","GDP Growth Rate","GDP Growth Rate QoQ Prel","国内生产总值（GDP）增长率季环比初值","1","0%","","-0.1%","0%","1782777600000","0","1786687352503","","%"
"412828","2026-08-14T06:00:00.000Z","1786687200000","Romania","GDP Annual Growth Rate","GDP Growth Rate YoY Prel","国内生产总值（GDP）增长率同比初值","1","-0.4%","-1.5%","-1.2%","","1782777600000","0","1786687284062","","%"
"403774","2026-08-14T05:00:00.000Z","1786683600000","Finland","Harmonised Inflation Rate MoM","Harmonised Inflation Rate MoM Final","调和通胀率环比终值","1","0.2%","","-0.4%","","1785456000000","0","1786683644293","","%"
"406552","2026-08-14T05:00:00.000Z","1786683600000","Finland","Inflation Rate Mom","Inflation Rate MoM","通胀率环比","1","0.2%","","-0.2%","","1785456000000","0","1786683636057","","%"
"409541","2026-08-14T05:00:00.000Z","1786683600000","Finland","Harmonised Inflation Rate YoY","Harmonised Inflation Rate YoY Final","调和通胀率同比终值","1","2.5%","","2.7%","","1785456000000","0","1786683635011","","%"
"410953","2026-08-14T05:00:00.000Z","1786683600000","Estonia","Unemployment Rate","Unemployment Rate","失业率","1","6.6%","","7.1%","","1782777600000","0","1786683652091","","%"
"411040","2026-08-14T05:00:00.000Z","1786683600000","Finland","Inflation Rate","Inflation Rate YoY","通胀率同比","1","2.1%","","2.1%","","1785456000000","0","1786683613797","","%"
"408495","2026-08-14T04:00:00.000Z","1786680000000","Malaysia","Current Account","Current Account","经常账户差额","1","MYR10.8B","","MYR15.2B","","1782777600000","0","1786680000061","MYR","B"
"410896","2026-08-14T04:00:00.000Z","1786680000000","Malaysia","GDP Annual Growth Rate","GDP Growth Rate YoY Final","国内生产总值（GDP）增长率同比终值","1","6%","5.8%","5.4%","","1782777600000","0","1786680000647","","%"
"414627","2026-08-14T04:00:00.000Z","1786680000000","Malaysia","GDP Growth Rate","GDP Growth Rate QoQ","国内生产总值（GDP）增长率季环比","1","2.5%","","0%","","1782777600000","0","1786680105613","","%"
"396543","2026-08-14T03:35:00.000Z","1786678500000","Japan","3 Month Bill Yield","3-Month Bill Auction","3个月期国库券拍卖","1","1.0919%","","1.0665%","","","0","1786678250076","","%"
"409511","2026-08-14T03:25:00.000Z","1786677900000","Peru","Balance of Trade","Balance of Trade","贸易差额","1","$3169M","","$3348M","$3473M","1782777600000","0","1786677917032","$","M"
"417790","2026-08-14T02:30:00.000Z","1786674600000","South Korea","50 Year Bond Yield","50-Year KTB Auction","50年期韩国国债（KTB）拍卖","1","4.620%","","4.345%","","","0","1786674645503","","%"
"401446","2026-08-14T01:30:00.000Z","1786671000000","Australia","Investment Lending For Homes","Investment Lending for Homes","投资性住房贷款","2","-10.2%","","-3.2%","-3.0%","1782777600000","0","1786671311607","","%"
"402483","2026-08-14T01:30:00.000Z","1786671000000","Australia","Home Loans","Home Loans QoQ","住房贷款季环比","2","-1.9%","","-3.5%","-4.3%","1782777600000","0","1786671224002","","%"
"401904","2026-08-14T00:00:00.000Z","1786665600000","India","Total Vehicle Sales","Passenger Vehicles Sales YoY","乘用车销量同比","1","31.2%","","18.2%","","1785456000000","0","1786665375513","","%"
"416280","2026-08-14T00:00:00.000Z","1786665600000","Iran","Holidays","Martyrdom of Imam Reza","伊玛目Reza殉难日","1","","","","","","0","1764785115002","",""
"416281","2026-08-14T00:00:00.000Z","1786665600000","Morocco","Holidays","Anniversary of the Recovery Oued Ed-Dahab","收复Oued Ed-Dahab纪念日","1","","","","","","0","1764785115203","",""
"416282","2026-08-14T00:00:00.000Z","1786665600000","Pakistan","Holidays","Independence Day","独立日","1","","","","","","0","1764785115207","",""
"396532","2026-08-13T23:50:00.000Z","1786665000000","Japan","Foreign Bond Investment","Foreign Bond Investment","外国债券投资","1","¥1629.4B","","¥477.9B","","1786147200000","0","1786665001029","¥","B"
"396533","2026-08-13T23:50:00.000Z","1786665000000","Japan","Foreign Stock Investment","Stock Investment by Foreigners","外国投资者股票投资","1","¥-368.5B","","¥-392.5B","","1786147200000","0","1786665001287","¥","B"
"420980","2026-08-13T23:30:00.000Z","1786663800000","Australia","Interest Rate","RBA Gov Bullock Speech","澳大利亚储备银行（RBA）行长Bullock讲话","2","","","","","","0","1786094619527","",""
"417292","2026-08-13T23:00:00.000Z","1786662000000","Peru","Interest Rate","Interest Rate Decision","利率决议","1","4.25%","4.25%","4.25%","","1786579200000","0","1786662047035","","%"
"402333","2026-08-13T22:45:00.000Z","1786661100000","New Zealand","Tourist Arrivals","Visitor Arrivals YoY","入境访客人数同比","1","8.1%","","6.7%","","1782777600000","0","1786661101537","","%"
"402090","2026-08-13T22:30:00.000Z","1786660200000","New Zealand","Manufacturing PMI","Business NZ PMI","Business NZ采购经理人指数","2","54.3","","60.1","59.7","1785456000000","0","1786660396717","",""
"408973","2026-08-13T21:00:00.000Z","1786654800000","South Korea","Import Prices YoY","Import Prices YoY","进口价格同比","1","18.7%","","20.9%","20.6%","1785456000000","0","1786654801697","","%"
"412419","2026-08-13T21:00:00.000Z","1786654800000","South Korea","Export Prices YoY","Export Prices YoY","出口价格同比","1","49.1%","","48.7%","48.9%","1785456000000","0","1786654801703","","%"
"397777","2026-08-13T20:30:00.000Z","1786653000000","United States","Central Bank Balance Sheet","Fed Balance Sheet","美联储资产负债表","1","$6.760T","","$6.749T","","1786492800000","0","1786653651777","$","T"
"408519","2026-08-13T19:20:00.000Z","1786648800000","Argentina","Inflation Rate","Inflation Rate YoY","通胀率同比","1","33.8%","33.5%","33.5%","","1785456000000","0","1786648883048","","%"
"414884","2026-08-13T19:00:00.000Z","1786647600000","Argentina","Inflation Rate Mom","Inflation Rate MoM","通胀率环比","1","2.1%","2%","1.9%","","1785456000000","0","1786647884017","","%"
"420050","2026-08-13T17:00:00.000Z","1786640400000","United States","30 Year Bond Yield","30-Year Bond Auction","30年期国债拍卖","1","5.216%","","5.058%","","","0","1786640681537","","%"
"396541","2026-08-13T16:00:00.000Z","1786636800000","United States","15 Year Mortgage Rate","15-Year Mortgage Rate","15年期抵押贷款利率","1","6.01%","","6.01%","","1786579200000","0","1786637591079","","%"
"396542","2026-08-13T16:00:00.000Z","1786636800000","United States","30 Year Mortgage Rate","30-Year Mortgage Rate","30年期抵押贷款利率","1","6.67%","","6.69%","","1786579200000","0","1786637013057","","%"
"396539","2026-08-13T15:30:00.000Z","1786635000000","United States","8 Week Bill Yield","8-Week Bill Auction","8周期国库券拍卖","1","3.665%","","3.710%","","","0","1786635178763","","%"
"396540","2026-08-13T15:30:00.000Z","1786635000000","United States","4 Week Bill Yield","4-Week Bill Auction","4周期国库券拍卖","1","3.625%","","3.640%","","","0","1786635186937","","%"
"409526","2026-08-13T15:00:00.000Z","1786633200000","Colombia","Consumer Confidence","Consumer Confidence","消费者信心指数","1","20.7%","","24.3%","","1785456000000","0","1786632761153","","%"
"396538","2026-08-13T14:30:00.000Z","1786631400000","United States","Natural Gas Stocks Change","EIA Natural Gas Stocks Change","EIA天然气库存变动","1","36Bcf","31Bcf","33Bcf","","1786060800000","0","1786631402397","","Bcf"
"411370","2026-08-13T14:00:00.000Z","1786629600000","Brazil","Business Confidence","Business Confidence","商业信心指数","2","46.3","","44.4","","1788134400000","0","1786629743643","",""
"420970","2026-08-13T12:40:00.000Z","1786624800000","United States","Interest Rate","Fed Barkin Speech","美联储Barkin讲话","2","","","","","","0","1785510403077","",""
"396535","2026-08-13T12:30:00.000Z","1786624200000","United States","Continuing Jobless Claims","Continuing Jobless Claims","续请失业金人数","1","1777K","1800K","1799K","1801K","1785542400000","0","1786624202567","","K"
"396536","2026-08-13T12:30:00.000Z","1786624200000","United States","Jobless Claims 4-week Average","Jobless Claims 4-week Average","初请失业金人数四周平均值","1","199K","","199K","198.75K","1786147200000","0","1786624202047","","K"
"396537","2026-08-13T12:30:00.000Z","1786624200000","United States","Initial Jobless Claims","Initial Jobless Claims","初请失业金人数","2","209K","202K","200K","199K","1786147200000","0","1786624202373","","K"
"398003","2026-08-13T12:30:00.000Z","1786624200000","United States","Core Producer Prices YoY","Core PPI YoY","核心生产者价格指数同比","1","4.2%","4.2%","4.7%","","1785456000000","0","1786624203507","","%"
"398076","2026-08-13T12:30:00.000Z","1786624200000","United States","PPI Ex Food Energy and Trade Services YoY","PPI Ex Food, Energy and Trade YoY","扣除食品、能源和贸易的生产者价格指数同比","1","4.7%","","5%","5.1%","1785456000000","0","1786624203025","","%"
"398533","2026-08-13T12:30:00.000Z","1786624200000","United States","PPI Ex Food Energy and Trade Services MoM","PPI Ex Food, Energy and Trade MoM","扣除食品、能源和贸易的生产者价格指数环比","1","0.4%","","0.1%","","1785456000000","0","1786624203051","","%"
"398777","2026-08-13T12:30:00.000Z","1786624200000","United States","Core Producer Prices MoM","Core PPI MoM","核心生产者价格指数环比","2","0.2%","0.3%","0.4%","0.2%","1785456000000","0","1786624203051","","%"
"399062","2026-08-13T12:30:00.000Z","1786624200000","United States","Producer Price Inflation MoM","PPI MoM","生产者价格指数环比","3","0%","0.2%","-0.1%","-0.3%","1785456000000","0","1786624251089","","%"
"399174","2026-08-13T12:30:00.000Z","1786624200000","United States","Producer Prices Change","PPI YoY","生产者价格指数同比","1","4.7%","4.9%","5.5%","","1785456000000","0","1786624203287","","%"
"399187","2026-08-13T12:30:00.000Z","1786624200000","United States","Producer Prices","PPI","生产者价格指数","1","156.563","","156.607","156.566","1785456000000","0","1786626530197","",""
"420979","2026-08-13T12:15:00.000Z","1786623300000","United States","Interest Rate","Fed Hammack Speech","美联储Hammack讲话","2","","","","","","0","1786091707617","",""
"404399","2026-08-13T12:00:00.000Z","1786622400000","Poland","Balance of Trade","Balance of Trade","贸易差额","1","€-1469M","","€-1182M","","1782777600000","0","1786622451937","€","M"
"406970","2026-08-13T12:00:00.000Z","1786622400000","Brazil","Retail Sales YoY","Retail Sales YoY","零售销售同比","1","2.9%","2.4%","0.4%","","1782777600000","0","1786622401157","","%"
"411386","2026-08-13T12:00:00.000Z","1786622400000","Poland","Current Account","Current Account","经常账户差额","1","€-2216M","€-764M","€-1071M","","1782777600000","0","1786622400823","€","M"
"411626","2026-08-13T12:00:00.000Z","1786622400000","Brazil","Retail Sales MoM","Retail Sales MoM","零售销售环比","2","0.5%","0.3%","0.3%","0.1%","1782777600000","0","1786622615367","","%"
"396534","2026-08-13T11:30:00.000Z","1786620600000","Turkey","Foreign Exchange Reserves","Foreign Exchange Reserves","外汇储备","1","$71.022B","","$63.811B","","1786060800000","0","1786620796173","$","B"
"397812","2026-08-13T11:30:00.000Z","1786620600000","United Kingdom","Calendar","NIESR Monthly GDP Tracker","NIESR月度国内生产总值（GDP）跟踪估计","1","0.2%","","0.4%","","1785456000000","1","1786710967008","",""
"418401","2026-08-13T10:30:00.000Z","1786617000000","Uganda","Interest Rate","Interest Rate Decision","利率决议","1","9.75%","","9.75%","","1786579200000","0","1786616925096","","%"
"406199","2026-08-13T10:00:00.000Z","1786615200000","Ireland","Harmonised Inflation Rate MoM","Harmonised Inflation Rate MoM Final","调和通胀率环比终值","1","0.1%","0.0%","0.3%","","1785456000000","0","1786615233001","","%"
"406266","2026-08-13T10:00:00.000Z","1786615200000","Israel","Imports","Imports","进口额","1","$9717.8M","","$10189.8M","$10196.1M","1785456000000","0","1786615243032","$","M"
"408572","2026-08-13T10:00:00.000Z","1786615200000","Israel","Balance of Trade","Balance of Trade","贸易差额","1","$-4099.8M","","$-4373.2M","$-4213.6M","1785456000000","0","1786615277503","$","M"
"409790","2026-08-13T10:00:00.000Z","1786615200000","Ireland","Inflation Rate","Inflation Rate YoY","通胀率同比","1","3.4%","","3.4%","","1785456000000","0","1786615236763","","%"
"411153","2026-08-13T10:00:00.000Z","1786615200000","Ireland","Inflation Rate Mom","Inflation Rate MoM","通胀率环比","1","0.1%","","0.3%","","1785456000000","0","1786615203903","","%"
"412399","2026-08-13T10:00:00.000Z","1786615200000","Ireland","Harmonised Inflation Rate YoY","Harmonised Inflation Rate YoY Final","调和通胀率同比终值","1","3.1%","3.1%","3.2%","","1785456000000","0","1786615237287","","%"
"413247","2026-08-13T10:00:00.000Z","1786615200000","Israel","Exports","Exports","出口额","1","$5618M","","$5816.6M","$5982.5M","1785456000000","0","1786615221005","$","M"
"417138","2026-08-13T10:00:00.000Z","1786615200000","Serbia","Interest Rate","Interest Rate Decision","利率决议","1","5.75%","","5.75%","","1786579200000","0","1786615208593","","%"
"404238","2026-08-13T09:30:00.000Z","1786613400000","Belgium","Industrial Production Mom","Industrial Production MoM","工业生产环比","1","","","","","1782777600000","0","1764778459733","",""
"408371","2026-08-13T09:30:00.000Z","1786613400000","South Africa","Gold Production","Gold Production YoY","黄金产量同比","1","6.2%","","-4.4%","-4.3%","1782777600000","0","1786613413013","","%"
"408655","2026-08-13T09:30:00.000Z","1786613400000","South Africa","Mining Production MoM","Mining Production MoM","采矿业生产环比","1","0.3%","","-5.2%","","1782777600000","0","1786613434034","","%"
"410712","2026-08-13T09:30:00.000Z","1786613400000","South Africa","Mining Production","Mining Production YoY","采矿业生产同比","1","-4%","","-5.1%","-5.4%","1782777600000","0","1786613413017","","%"
"418544","2026-08-13T09:30:00.000Z","1786613400000","Hungary","Calendar","12-Month DTB Auction","12个月期DTB国库券拍卖","1","5.22%","","5.25%","","","0","1786613478004","","%"
"417991","2026-08-13T09:10:00.000Z","1786612200000","Italy","Calendar","BTP Auction","BTP国债拍卖","1","","","","","","0","1767369088035","",""
"400621","2026-08-13T09:00:00.000Z","1786611600000","Euro Area","Industrial Production Mom","Industrial Production MoM","工业生产环比","2","0%","-0.1%","0.3%","-0.2%","1782777600000","0","1786611601467","","%"
"400821","2026-08-13T09:00:00.000Z","1786611600000","India","Imports","Imports","进口额","1","$76.2B","","$70.84B","","1785456000000","0","1786614893283","$","B"
"401343","2026-08-13T09:00:00.000Z","1786611600000","India","Balance of Trade","Balance of Trade","贸易差额","2","$-31.98B","$-30.2B","$-30.43B","","1785456000000","0","1786614876933","$","B"
"401718","2026-08-13T09:00:00.000Z","1786611600000","Euro Area","Industrial Production","Industrial Production YoY","工业生产同比","1","0.1%","-0.8%","-0.1%","-1.2%","1782777600000","0","1786611601493","","%"
"403128","2026-08-13T09:00:00.000Z","1786611600000","India","Exports","Exports","出口额","1","$44.2B","","$40.4B","","1785456000000","0","1786614885077","$","B"
"404116","2026-08-13T09:00:00.000Z","1786611600000","Croatia","Producer Prices Change","PPI YoY","生产者价格指数同比","1","4.9%","","5.7%","","1785456000000","0","1786611618353","","%"
"411161","2026-08-13T08:30:00.000Z","1786609800000","Latvia","Current Account","Current Account","经常账户差额","1","€-334M","","€-103M","","1782777600000","0","1786609854287","€","M"
"409969","2026-08-13T08:15:00.000Z","1786608900000","Oman","Inflation Rate","Inflation Rate YoY","通胀率同比","1","3.2%","","2.8%","","1785456000000","0","1786608931066","","%"
"413734","2026-08-13T08:15:00.000Z","1786608900000","Oman","Inflation Rate Mom","Inflation Rate MoM","通胀率环比","1","0.7%","","-0.6%","","1785456000000","0","1786609220113","","%"
"394354","2026-08-13T08:00:00.000Z","1786608000000","Norway","Interest Rate","Norges Bank Interest Rate Decision","挪威央行利率决议","2","4.25%","4.25%","4.25%","","1786579200000","0","1786608001017","","%"
"406134","2026-08-13T08:00:00.000Z","1786608000000","Namibia","Inflation Rate Mom","Inflation Rate MoM","通胀率环比","1","0.1%","","0.3%","","1785456000000","0","1786608231055","","%"
"411445","2026-08-13T08:00:00.000Z","1786608000000","Czech Republic","Current Account","Current Account","经常账户差额","1","CZK-80.47B","CZK-46.8B","CZK-38.31B","","1782777600000","0","1786608000713","CZK","B"
"413847","2026-08-13T08:00:00.000Z","1786608000000","Namibia","Inflation Rate","Inflation Rate YoY","通胀率同比","1","4.4%","","4.4%","","1785456000000","0","1786608225039","","%"
"413964","2026-08-13T08:00:00.000Z","1786608000000","Palestine","Inflation Rate","Inflation Rate YoY","通胀率同比","1","-43.19%","","-40.04%","","1785456000000","0","1786608124006","","%"
"404736","2026-08-13T07:30:00.000Z","1786606200000","Poland","Inflation Rate","Inflation Rate YoY Final","通胀率同比终值","1","3%","3%","2.5%","","1785456000000","0","1786606221247","","%"
"408359","2026-08-13T07:30:00.000Z","1786606200000","Poland","GDP Growth Rate","GDP Growth Rate QoQ Prel","国内生产总值（GDP）增长率季环比初值","2","0.9%","1%","0.6%","","1782777600000","0","1786606250055","","%"
"409722","2026-08-13T07:30:00.000Z","1786606200000","Thailand","Consumer Confidence","Consumer Confidence","消费者信心指数","1","51.8","","50.7","","1785456000000","0","1786606311277","",""
"411866","2026-08-13T07:30:00.000Z","1786606200000","Poland","Inflation Rate Mom","Inflation Rate MoM Final","通胀率环比终值","1","0.8%","0.8%","-0.5%","","1785456000000","0","1786606221025","","%"
"414644","2026-08-13T07:30:00.000Z","1786606200000","Poland","GDP Annual Growth Rate","GDP Growth Rate YoY Prel","国内生产总值（GDP）增长率同比初值","2","3.8%","3.8%","3.5%","","1782777600000","0","1786606238727","","%"
"418383","2026-08-13T07:30:00.000Z","1786606200000","Turkey","Interest Rate","Inflation Report","通胀报告","1","","","","","","0","1767715317577","",""
"400229","2026-08-13T07:00:00.000Z","1786604400000","Spain","Core Inflation Rate","Core Inflation Rate YoY Final","核心通胀率同比终值","1","3%","3%","2.9%","","1785456000000","0","1786604459043","","%"
"401653","2026-08-13T07:00:00.000Z","1786604400000","Spain","Inflation Rate","Inflation Rate YoY Final","通胀率同比终值","1","3.6%","3.5%","3.2%","","1785456000000","0","1786604400007","","%"
"402459","2026-08-13T07:00:00.000Z","1786604400000","Spain","Harmonised Inflation Rate YoY","Harmonised Inflation Rate YoY Final","调和通胀率同比终值","1","3.9%","3.8%","3.6%","","1785456000000","0","1786604400047","","%"
"402655","2026-08-13T07:00:00.000Z","1786604400000","Spain","Harmonised Inflation Rate MoM","Harmonised Inflation Rate MoM Final","调和通胀率环比终值","1","0%","-0.1%","0.6%","","1785456000000","0","1786604400703","","%"
"403305","2026-08-13T07:00:00.000Z","1786604400000","Spain","Inflation Rate Mom","Inflation Rate MoM Final","通胀率环比终值","1","0.3%","0.2%","0.6%","","1785456000000","0","1786604400007","","%"
"404991","2026-08-13T07:00:00.000Z","1786604400000","Slovakia","Inflation Rate","Inflation Rate YoY","通胀率同比","1","3.3%","3%","3.5%","","1785456000000","0","1786604492983","","%"
"407627","2026-08-13T07:00:00.000Z","1786604400000","Slovakia","Core Inflation Rate MoM","Core Inflation Rate MoM","核心通胀率环比","1","0.1%","-0.1%","-0.1%","","1785456000000","0","1786604478004","","%"
"411269","2026-08-13T07:00:00.000Z","1786604400000","Lithuania","Current Account","Current Account","经常账户差额","1","€437.5M","","€-267.8M","","1782777600000","0","1786604456833","€","M"
"413647","2026-08-13T07:00:00.000Z","1786604400000","Turkey","Current Account","Current Account","经常账户差额","1","$-4.194B","$-5B","$-1.254B","$-1.459B","1782777600000","0","1786604540071","$","B"
"413803","2026-08-13T07:00:00.000Z","1786604400000","Slovakia","Core Inflation Rate","Core Inflation Rate YoY","核心通胀率同比","1","1.7%","1.4%","1.9%","","1785456000000","0","1786604496477","","%"
"414326","2026-08-13T07:00:00.000Z","1786604400000","Slovakia","Inflation Rate Mom","Inflation Rate MoM","通胀率环比","1","0.1%","-0.1%","-0.1%","","1785456000000","0","1786604462243","","%"
"404714","2026-08-13T06:30:00.000Z","1786602600000","Switzerland","Producer Price Inflation MoM","Producer & Import Prices MoM","生产者与进口价格环比","1","-0.1%","0.2%","-0.3%","","1785456000000","0","1786602600052","","%"
"405020","2026-08-13T06:30:00.000Z","1786602600000","Hungary","Industrial Production","Industrial Production YoY Final","工业生产同比终值","1","10.1%","10.1%","-0.4%","","1782777600000","0","1786602600527","","%"
"407825","2026-08-13T06:30:00.000Z","1786602600000","Switzerland","Producer Prices Change","Producer & Import Prices YoY","生产者与进口价格同比","1","-2.1%","","-2.1%","","1785456000000","0","1786602600527","","%"
"413090","2026-08-13T06:30:00.000Z","1786602600000","Hungary","Construction Output","Construction Output YoY","建筑业产出同比","1","-1.2%","","-10.7%","","1782777600000","0","1786602720117","","%"
"397868","2026-08-13T06:00:00.000Z","1786600800000","United Kingdom","Balance of Trade","Balance of Trade","贸易差额","1","£-5.537B","","£-3.464B","£-1.044B","1782777600000","0","1786601004527","£","B"
"399386","2026-08-13T06:00:00.000Z","1786600800000","United Kingdom","Monthly GDP YoY","GDP YoY","国内生产总值（GDP）同比","1","1.1%","0.8%","1.2%","1.3%","1782777600000","0","1786600803067","","%"
"399414","2026-08-13T06:00:00.000Z","1786600800000","United Kingdom","Industrial Production","Industrial Production YoY","工业生产同比","1","-0.2%","0.2%","1%","","1782777600000","0","1786600802693","","%"
"399431","2026-08-13T06:00:00.000Z","1786600800000","United Kingdom","Construction Orders","Construction Orders YoY","建筑订单同比","1","-18.1%","","-11.9%","","1782777600000","0","1786600901577","","%"
"399451","2026-08-13T06:00:00.000Z","1786600800000","United Kingdom","GDP Growth Rate","GDP Growth Rate QoQ Prel","国内生产总值（GDP）增长率季环比初值","3","0.4%","0.4%","0.6%","","1782777600000","0","1786600803553","","%"
"399493","2026-08-13T06:00:00.000Z","1786600800000","United Kingdom","Goods Trade Balance","Goods Trade Balance","货物贸易差额","2","£-23.01B","£-20.5B","£-21.08B","£-18.66B","1782777600000","0","1786600805743","£","B"
"399498","2026-08-13T06:00:00.000Z","1786600800000","United Kingdom","Leading Economic Index","GDP 3-Month Avg","国内生产总值（GDP）三个月平均值","2","0.4%","0.4%","0.6%","0.7%","1782777600000","0","1786600802437","","%"
"399595","2026-08-13T06:00:00.000Z","1786600800000","United Kingdom","GDP Annual Growth Rate","GDP Growth Rate YoY Prel","国内生产总值（GDP）增长率同比初值","3","1.2%","1.1%","0.9%","","1782777600000","0","1786600803037","","%"
"399629","2026-08-13T06:00:00.000Z","1786600800000","United Kingdom","Construction Output","Construction Output YoY","建筑业产出同比","1","-2.3%","-2.4%","-2%","-1.8%","1782777600000","0","1786600802067","","%"
"399646","2026-08-13T06:00:00.000Z","1786600800000","United Kingdom","Monthly GDP MoM","GDP MoM","国内生产总值（GDP）环比","3","0.3%","0%","0%","0.1%","1782777600000","0","1786600803387","","%"
"399658","2026-08-13T06:00:00.000Z","1786600800000","United Kingdom","Private Investment","Business Investment QoQ Prel","企业投资季环比初值","2","1.7%","-0.5%","0.9%","","1782777600000","0","1786600803048","","%"
"399749","2026-08-13T06:00:00.000Z","1786600800000","United Kingdom","Manufacturing Production","Manufacturing Production YoY","制造业生产同比","1","0.5%","1.2%","2%","2.3%","1782777600000","0","1786600802613","","%"
"399784","2026-08-13T06:00:00.000Z","1786600800000","United Kingdom","Manufacturing Production MoM","Manufacturing Production MoM","制造业生产环比","2","-0.5%","-0.2%","-0.2%","0.1%","1782777600000","0","1786600802233","","%"
"399832","2026-08-13T06:00:00.000Z","1786600800000","United Kingdom","Goods Trade Balance Non-EU","Goods Trade Balance Non-EU","对非欧盟地区货物贸易差额","2","£-10.45B","","£-9.58B","£-7.14B","1782777600000","0","1786600805913","£","B"
"399854","2026-08-13T06:00:00.000Z","1786600800000","United Kingdom","Industrial Production Mom","Industrial Production MoM","工业生产环比","2","-0.2%","0.1%","-0.7%","-0.5%","1782777600000","0","1786600802437","","%"
"404067","2026-08-13T06:00:00.000Z","1786600800000","Romania","Industrial Production Mom","Industrial Production MoM","工业生产环比","1","-0.7%","","-2.8%","","1782777600000","0","1786600844094","","%"
"405597","2026-08-13T06:00:00.000Z","1786600800000","Sweden","CPI with fixed interest rate MoM","CPIF MoM Final","固定利率消费者价格指数（CPIF）环比终值","1","-0.3%","-0.3%","0.3%","","1785456000000","0","1786600841887","","%"
"405857","2026-08-13T06:00:00.000Z","1786600800000","Saudi Arabia","Inflation Rate Mom","Inflation Rate MoM","通胀率环比","1","0.2%","0.1%","0.2%","","1785456000000","0","1786600880813","","%"
"407270","2026-08-13T06:00:00.000Z","1786600800000","Saudi Arabia","Producer Prices Change","Wholesale Prices YoY","批发价格同比","1","5.0%","","4.8%","","1785456000000","0","1786600826843","","%"
"408313","2026-08-13T06:00:00.000Z","1786600800000","Sweden","Inflation Rate","Inflation Rate YoY Final","通胀率同比终值","1","0.2%","0.2%","0.7%","","1785456000000","0","1786600805253","","%"
"408432","2026-08-13T06:00:00.000Z","1786600800000","Romania","Industrial Production","Industrial Production YoY","工业生产同比","1","-5.2%","","-5.4%","","1782777600000","0","1786603508477","","%"
"411172","2026-08-13T06:00:00.000Z","1786600800000","Sweden","Inflation Rate Mom","Inflation Rate MoM Final","通胀率环比终值","1","-0.3%","-0.3%","0.4%","","1785456000000","0","1786600805015","","%"
"412839","2026-08-13T06:00:00.000Z","1786600800000","Sweden","CPI with fixed interest rate YoY","CPIF YoY Final","固定利率消费者价格指数（CPIF）同比终值","1","0.7%","0.7%","1.3%","","1785456000000","0","1786600834873","","%"
"414711","2026-08-13T06:00:00.000Z","1786600800000","Saudi Arabia","Inflation Rate","Inflation Rate YoY","通胀率同比","1","1.8%","1.8%","1.8%","","1785456000000","0","1786600846727","","%"
"416893","2026-08-13T06:00:00.000Z","1786600800000","United Kingdom","Private Investment YoY","Business Investment YoY Prel","企业投资同比初值","1","0.8%","","-1.3%","","1782777600000","0","1786600803397","","%"
"418431","2026-08-13T05:00:00.000Z","1786597200000","Singapore","6 Month Bill Yield","6-Month T-Bill Auction","6个月期国库券拍卖","1","1.56%","","1.59%","","","0","1786597264059","","%"
"404863","2026-08-13T04:00:00.000Z","1786593600000","Malaysia","Construction Output","Construction Output YoY","建筑业产出同比","1","8.8%","","8.5%","","1782777600000","0","1786593674054","","%"
"420950","2026-08-13T03:35:00.000Z","1786592100000","Japan","Calendar","BoJ JGB Purchase","日本央行（BoJ）购买日本国债（JGB）","1","","","","","","0","1785484965027","",""
"402650","2026-08-13T03:00:00.000Z","1786590000000","New Zealand","Inflation Expectations","Business Inflation Expectations","企业通胀预期","1","2.34%","","2.53%","","1790726400000","0","1786590071083","","%"
"410857","2026-08-13T01:00:00.000Z","1786582800000","Philippines","Foreign Direct Investment","Foreign Direct Investment","外国直接投资","1","$0.2B","","$0.3B","","1780185600000","0","1786582918054","$","B"
"420966","2026-08-13T00:15:00.000Z","1786580100000","Australia","Interest Rate","RBA Kent Speech","澳大利亚储备银行（RBA）Kent讲话","2","","","","","","0","1785505914837","",""
"416279","2026-08-13T00:00:00.000Z","1786579200000","Tunisia","Holidays","Women’s Day","妇女节","1","","","","","","0","1764785115002","",""
"418923","2026-08-13T00:00:00.000Z","1786579200000","Zambia","Calendar","Presidential Election","总统选举","1","","","","","","1","1769531355367","",""
"400377","2026-08-12T23:50:00.000Z","1786578600000","Japan","Producer Prices Change","PPI YoY","生产者价格指数同比","1","7.2%","7.4%","7.3%","7.1%","1785456000000","0","1786578662203","","%"
"400633","2026-08-12T23:50:00.000Z","1786578600000","Japan","Producer Price Inflation MoM","PPI MoM","生产者价格指数环比","1","0.1%","0.6%","0.5%","0.4%","1785456000000","0","1786578653233","","%"
"399344","2026-08-12T23:01:00.000Z","1786575660000","United Kingdom","RICS House Price Balance","RICS House Price Balance","RICS房价上涨与下跌报告净差额","2","-30%","-31%","-32%","-33%","1785456000000","0","1786576090079","","%"
"397735","2026-08-12T18:00:00.000Z","1786557600000","United States","Government Budget Value","Monthly Budget Statement","月度预算报告","2","$-432B","$-346B","$-120B","","1785456000000","0","1786557600667","$","B"
"405408","2026-08-12T17:15:00.000Z","1786554900000","Paraguay","Balance of Trade","Balance of Trade","贸易差额","1","$-95.98M","","$70M","$47.09M","1785456000000","0","1786555078573","$","M"
"420044","2026-08-12T17:00:00.000Z","1786554000000","United States","Government Bond 10Y","10-Year Note Auction","10年期国债拍卖","1","4.683%","","4.580%","","","0","1786554205863","","%"
"410538","2026-08-12T16:00:00.000Z","1786550400000","Russia","GDP Annual Growth Rate","GDP Growth Rate YoY Prel","国内生产总值（GDP）增长率同比初值","2","1.3%","","-0.2%","","1782777600000","0","1786550408743","","%"
"414751","2026-08-12T16:00:00.000Z","1786550400000","Russia","Inflation Rate","Inflation Rate YoY","通胀率同比","2","6%","","6%","","1785456000000","0","1786550446183","","%"
"414765","2026-08-12T16:00:00.000Z","1786550400000","Russia","Inflation Rate Mom","Inflation Rate MoM","通胀率环比","2","0.5%","","0.9%","","1785456000000","0","1786550446223","","%"
"419804","2026-08-12T16:00:00.000Z","1786550400000","United States","Calendar","WASDE Report","世界农业供需预测（WASDE）报告","1","","","","","","0","1775217010092","",""
"420640","2026-08-12T16:00:00.000Z","1786550400000","Canada","5 Year Note Yield","5-Year Bond Auction","5年期国债拍卖","1","3.344%","","3.231%","","","0","1786550452707","","%"
"420105","2026-08-12T15:30:00.000Z","1786548600000","United States","17 Week Bill Yield","17-Week Bill Auction","17周期国库券拍卖","1","3.755%","","3.785%","","","0","1786548760096","","%"
"396523","2026-08-12T14:30:00.000Z","1786545000000","United States","Distillate Fuel Production","EIA Distillate Fuel Production Change","EIA馏分燃料产量变动","1","0.05M","","-0.134M","","1786060800000","0","1786545002032","","M"
"396524","2026-08-12T14:30:00.000Z","1786545000000","United States","Gasoline Production","EIA Gasoline Production Change","EIA汽油产量变动","1","-0.001M","","-0.309M","","1786060800000","0","1786545002003","","M"
"396525","2026-08-12T14:30:00.000Z","1786545000000","United States","Gasoline Stocks Change","EIA Gasoline Stocks Change","EIA汽油库存变动","2","-0.968M","-1.2M","-1.643M","","1786060800000","0","1786545001763","","M"
"396526","2026-08-12T14:30:00.000Z","1786545000000","United States","Refinery Crude Runs","EIA Refinery Crude Runs Change","EIA炼厂原油加工量变动","1","0.026M","","-0.183M","","1786060800000","0","1786545002003","","M"
"396527","2026-08-12T14:30:00.000Z","1786545000000","United States","Distillate Stocks","EIA Distillate Stocks Change","EIA馏分油库存变动","1","-0.01M","-1.3M","-3.473M","","1786060800000","0","1786545002047","","M"
"396528","2026-08-12T14:30:00.000Z","1786545000000","United States","Cushing Crude Oil Stocks","EIA Cushing Crude Oil Stocks Change","EIA库欣原油库存变动","1","1.611M","","2.356M","","1786060800000","0","1786545002027","","M"
"396529","2026-08-12T14:30:00.000Z","1786545000000","United States","Crude Oil Stocks Change","EIA Crude Oil Stocks Change","EIA原油库存变动","2","17.422M","-1.4M","2.479M","","1786060800000","0","1786545001763","","M"
"396530","2026-08-12T14:30:00.000Z","1786545000000","United States","Heating Oil Stocks","EIA Heating Oil Stocks Change","EIA取暖油库存变动","1","0.192M","","-0.144M","","1786060800000","0","1786545002367","","M"
"396531","2026-08-12T14:30:00.000Z","1786545000000","United States","Crude Oil Imports","EIA Crude Oil Imports Change","EIA原油进口量变动","1","1.768M","","0.297M","","1786060800000","0","1786545002433","","M"
"404108","2026-08-12T12:40:00.000Z","1786538400000","Azerbaijan","Inflation Rate Mom","Inflation Rate MoM","通胀率环比","1","-0.1%","","-0.3%","","1785456000000","0","1786538686023","","%"
"394461","2026-08-12T12:30:00.000Z","1786537800000","Chile","Interest Rate","Monetary Policy Meeting Minutes","货币政策会议纪要","1","","","","","","0","1762266282367","",""
"397960","2026-08-12T12:30:00.000Z","1786537800000","United States","CPI seasonally adjusted","CPI s.a","消费者价格指数（季调后）","2","332.81","","332.57","332.568","1785456000000","0","1786537912052","",""
"398051","2026-08-12T12:30:00.000Z","1786537800000","United States","Inflation Rate","Inflation Rate YoY","通胀率同比","3","3.4%","3.4%","3.5%","","1785456000000","0","1786537803024","","%"
"398411","2026-08-12T12:30:00.000Z","1786537800000","United States","Core Inflation Rate MoM","Core Inflation Rate MoM","核心通胀率环比","3","0.2%","0.2%","0%","","1785456000000","0","1786537804323","","%"
"398548","2026-08-12T12:30:00.000Z","1786537800000","United States","Core Inflation Rate","Core Inflation Rate YoY","核心通胀率同比","3","2.5%","2.5%","2.6%","","1785456000000","0","1786537804323","","%"
"398841","2026-08-12T12:30:00.000Z","1786537800000","United States","Inflation Rate Mom","Inflation Rate MoM","通胀率环比","3","0.1%","0.1%","-0.4%","","1785456000000","0","1786537804287","","%"
"399070","2026-08-12T12:30:00.000Z","1786537800000","United States","Consumer Price Index CPI","CPI","消费者价格指数","2","333.92","333.99","333.95","","1785456000000","0","1786537804033","",""
"407453","2026-08-12T12:30:00.000Z","1786537800000","Canada","Building Permits MoM","Building Permits MoM","建筑许可数量环比","1","18.5%","0.8%","-3%","-1.7%","1782777600000","0","1786537805073","","%"
"417079","2026-08-12T11:40:00.000Z","1786534800000","Mauritius","Interest Rate","Interest Rate Decision","利率决议","1","4.75%","","4.75%","","1786492800000","0","1786534894373","","%"
"419215","2026-08-12T11:30:00.000Z","1786534200000","OPEC","Calendar","OPEC Monthly Report","石油输出国组织（OPEC）月度报告","1","","","","","","1","1771932726793","",""
"396518","2026-08-12T11:00:00.000Z","1786532400000","United States","MBA Mortgage Refinance Index","MBA Mortgage Refinance Index","MBA抵押贷款再融资指数","1","744.4","","709.1","","1786060800000","0","1786532401003","",""
"396519","2026-08-12T11:00:00.000Z","1786532400000","United States","MBA Mortgage Market Index","MBA Mortgage Market Index","MBA抵押贷款市场指数","1","248.6","","240.0","","1786060800000","0","1786532401001","",""
"396520","2026-08-12T11:00:00.000Z","1786532400000","United States","MBA Purchase Index","MBA Purchase Index","MBA购房贷款申请指数","1","157.9","","154.0","","1786060800000","0","1786532400957","",""
"396521","2026-08-12T11:00:00.000Z","1786532400000","United States","Mortgage Applications","MBA Mortgage Applications","MBA抵押贷款申请","1","3.6%","","-2.9%","","1786060800000","0","1786532401001","","%"
"396522","2026-08-12T11:00:00.000Z","1786532400000","United States","Mortgage Rate","MBA 30-Year Mortgage Rate","MBA 30年期抵押贷款利率","2","6.77%","","6.81%","","1786060800000","0","1786532401001","","%"
"401022","2026-08-12T10:30:00.000Z","1786530600000","India","Inflation Rate Mom","Inflation Rate MoM","通胀率环比","1","0.88%","","1.03%","","1785456000000","0","1786530736033","","%"
"401599","2026-08-12T10:30:00.000Z","1786530600000","Germany","Current Account","Current Account","经常账户差额","1","€19B","","€9B","€10.4B","1782777600000","0","1786530833092","€","B"
"401894","2026-08-12T10:30:00.000Z","1786530600000","India","Inflation Rate","Inflation Rate YoY","通胀率同比","2","4.45%","4.5%","4.38%","","1785456000000","0","1786530686727","","%"
"404638","2026-08-12T10:00:00.000Z","1786528800000","Serbia","Inflation Rate Mom","Inflation Rate MoM","通胀率环比","1","-0.2%","","0.2%","","1785456000000","0","1786528836483","","%"
"408734","2026-08-12T10:00:00.000Z","1786528800000","Portugal","Inflation Rate Mom","Inflation Rate MoM Final","通胀率环比终值","1","-0.5%","-0.5%","0.1%","","1785456000000","0","1786528809083","","%"
"413501","2026-08-12T10:00:00.000Z","1786528800000","Portugal","Inflation Rate","Inflation Rate YoY Final","通胀率同比终值","1","3%","3%","3.2%","","1785456000000","0","1786528809002","","%"
"414929","2026-08-12T10:00:00.000Z","1786528800000","Serbia","Inflation Rate","Inflation Rate YoY","通胀率同比","1","1.9%","","2.7%","","1785456000000","0","1786528805663","","%"
"417455","2026-08-12T09:30:00.000Z","1786527000000","Germany","30 Year Bond Yield","30-Year Bund Auction","30年期德国联邦国债拍卖","1","3.65%","","3.64%","","","0","1786528134633","","%"
"418517","2026-08-12T09:30:00.000Z","1786527000000","Hungary","Calendar","6-Month DTB Auction","6个月期DTB国库券拍卖","1","5.27%","","5.35%","","","0","1786527634043","","%"
"420992","2026-08-12T09:30:00.000Z","1786527000000","Germany","15 Year Bond Yield","15-Year Bund Auction","15年期德国联邦国债拍卖","1","3.29%","","3.46%","","","0","1786528166084","","%"
"417958","2026-08-12T09:10:00.000Z","1786525800000","Italy","52 Week Bill Yield","12-Month BOT Auction","12个月期BOT国库券拍卖","1","2.768%","","2.690%","","","0","1786525806807","","%"
"420501","2026-08-12T09:05:00.000Z","1786525500000","Sweden","Calendar","2031 SGB Auction","2031年到期SGB国债拍卖","1","2.6424%","","2.3169%","","","0","1786525758587","","%"
"420988","2026-08-12T09:05:00.000Z","1786525500000","Sweden","Government Bond 10Y","2036 SGB Auction","2036年到期SGB国债拍卖","1","2.9994%","","2.9424%","","","0","1786525723383","","%"
"405501","2026-08-12T09:00:00.000Z","1786525200000","Montenegro","Inflation Rate","Inflation Rate YoY","通胀率同比","1","3.8%","","3.6%","","1785456000000","0","1786525252005","","%"
"407014","2026-08-12T09:00:00.000Z","1786525200000","Montenegro","Inflation Rate Mom","Inflation Rate MoM","通胀率环比","1","0.8%","","0.4%","","1785456000000","0","1786525264113","","%"
"407184","2026-08-12T09:00:00.000Z","1786525200000","Montenegro","Harmonised Inflation Rate YoY","Harmonised Inflation Rate YoY","调和通胀率同比","1","3.9%","","3.6%","","1785456000000","0","1786525285047","","%"
"417282","2026-08-12T09:00:00.000Z","1786525200000","Namibia","Interest Rate","Interest Rate Decision","利率决议","1","6.75%","","6.75%","","1786492800000","0","1786525878627","","%"
"419225","2026-08-12T09:00:00.000Z","1786525200000","France","Calendar","IEA Oil Market Report","国际能源署（IEA）石油市场报告","1","","","","","","0","1771932888018","",""
"420445","2026-08-12T09:00:00.000Z","1786525200000","United Kingdom","Calendar","Index-linked Treasury Gilt 2035 Auction","2035年到期英国指数挂钩国债拍卖","1","1.725%","","1.515%","","","0","1786525742003","","%"
"407868","2026-08-12T08:00:00.000Z","1786521600000","Italy","Harmonised Inflation Rate MoM","Harmonised Inflation Rate MoM Final","调和通胀率环比终值","1","-1%","-1%","0%","","1785456000000","0","1786521655032","","%"
"407915","2026-08-12T08:00:00.000Z","1786521600000","Italy","Inflation Rate Mom","Inflation Rate MoM Final","通胀率环比终值","1","0.3%","0.2%","0%","","1785456000000","0","1786521665887","","%"
"408694","2026-08-12T08:00:00.000Z","1786521600000","Italy","Inflation Rate","Inflation Rate YoY Final","通胀率同比终值","1","2.9%","2.8%","3%","","1785456000000","0","1786521671073","","%"
"410767","2026-08-12T08:00:00.000Z","1786521600000","Bulgaria","Balance of Trade","Balance of Trade","贸易差额","1","€-1010.7M","","€-957.9M","","1782777600000","0","1786521678603","€","M"
"411981","2026-08-12T08:00:00.000Z","1786521600000","Italy","Harmonised Inflation Rate YoY","Harmonised Inflation Rate YoY Final","调和通胀率同比终值","1","2.9%","2.9%","3%","","1785456000000","0","1786521665009","","%"
"412030","2026-08-12T06:30:00.000Z","1786516200000","Norway","Consumer Confidence","Consumer Confidence","消费者信心指数","1","-16.60","","-18.10","-20.00","1790726400000","0","1786516412017","",""
"400200","2026-08-12T06:20:00.000Z","1786515600000","China","Total Vehicle Sales","Vehicle Sales YoY","汽车销量同比","1","-0.3%","","-3.2%","","1785456000000","0","1786515566277","","%"
"400807","2026-08-12T06:00:00.000Z","1786514400000","Germany","Harmonised Inflation Rate YoY","Harmonised Inflation Rate YoY Final","调和通胀率同比终值","1","2.8%","2.8%","2.4%","","1785456000000","0","1786514404093","","%"
"401984","2026-08-12T06:00:00.000Z","1786514400000","Germany","Inflation Rate Mom","Inflation Rate MoM Final","通胀率环比终值","1","0.8%","0.8%","-0.3%","","1785456000000","0","1786514404933","","%"
"402024","2026-08-12T06:00:00.000Z","1786514400000","Germany","Inflation Rate","Inflation Rate YoY Final","通胀率同比终值","1","2.8%","2.8%","2.3%","","1785456000000","0","1786514404707","","%"
"402315","2026-08-12T06:00:00.000Z","1786514400000","Germany","Harmonised Inflation Rate MoM","Harmonised Inflation Rate MoM Final","调和通胀率环比终值","1","0.9%","0.9%","-0.2%","","1785456000000","0","1786514404093","","%"
"402842","2026-08-12T06:00:00.000Z","1786514400000","Japan","Machine Tool Orders","Machine Tool Orders YoY","机床订单同比","1","50.4%","","52.8%","","1785456000000","0","1786514513863","","%"
"407211","2026-08-12T06:00:00.000Z","1786514400000","Sweden","Household Spending MoM","Household Consumption MoM","家庭消费环比","1","1.6%","","-0.3%","-0.1%","1782777600000","0","1786514441343","","%"
"412607","2026-08-12T06:00:00.000Z","1786514400000","Romania","Inflation Rate","Inflation Rate YoY","通胀率同比","1","8.2%","7.9%","10.4%","","1785456000000","0","1786514400733","","%"
"412980","2026-08-12T06:00:00.000Z","1786514400000","Sweden","Household Spending","Household Consumption YoY","家庭消费同比","1","4.3%","","2%","2.1%","1782777600000","0","1786514451483","","%"
"414066","2026-08-12T06:00:00.000Z","1786514400000","Romania","Inflation Rate Mom","Inflation Rate MoM","通胀率环比","1","0.58%","","0.06%","","1785456000000","0","1786514485044","","%"
"412532","2026-08-12T05:00:00.000Z","1786510800000","Finland","Current Account","Current Account","经常账户差额","1","€2.8B","","€-0.4B","€-0.6B","1782777600000","0","1786510876006","€","B"
"420568","2026-08-12T05:00:00.000Z","1786510800000","Singapore","1 Month Bill Yield","MAS 4-Week Bill Auction","新加坡金融管理局（MAS）4周期票据拍卖","1","1.4%","","1.4%","","","0","1786510835006","","%"
"420570","2026-08-12T05:00:00.000Z","1786510800000","Singapore","3 Month Bill Yield","MAS 12-Week Bill Auction","新加坡金融管理局（MAS）12周期票据拍卖","1","1.48%","","1.47%","","","0","1786510851307","","%"
"412206","2026-08-12T04:20:00.000Z","1786508400000","Malaysia","Retail Sales Yoy","Retail Sales YoY","零售销售同比","1","6.6%","","7.2%","","1782777600000","0","1786508459957","","%"
"420284","2026-08-12T03:35:00.000Z","1786505700000","Japan","Calendar","10-Year Index-Linked JGB Auction","10年期日本指数挂钩国债（JGB）拍卖","1","0.860%","","0.578%","","","0","1786505755072","","%"
"403966","2026-08-12T03:00:00.000Z","1786503600000","Bangladesh","Inflation Rate MoM","Inflation Rate MoM","通胀率环比","1","1.44%","","0.34%","","1785456000000","0","1786503505058","","%"
"411620","2026-08-12T03:00:00.000Z","1786503600000","Bangladesh","Inflation Rate","Inflation Rate YoY","通胀率同比","1","8.32%","","9.16%","","1785456000000","0","1786503494557","","%"
"420981","2026-08-12T01:30:00.000Z","1786498200000","Australia","Interest Rate","RBA Chart Pack","澳大利亚储备银行（RBA）图表集","1","","","","","","0","1786095234383","",""
"409696","2026-08-12T00:00:00.000Z","1786492800000","Singapore","Current Account","Current Account","经常账户差额","1","S$37.08B","","S$40.82B","S$41.09B","1782777600000","0","1786492834086","S$","B"
"416277","2026-08-12T00:00:00.000Z","1786492800000","Iran","Holidays","Demise of Prophet Muhammad and Martyrdom of Imam Hassan","先知穆罕默德逝世纪念日及伊玛目Hassan殉难日","1","","","","","","0","1764785115197","",""
"416278","2026-08-12T00:00:00.000Z","1786492800000","Thailand","Holidays","The Queen’s Birthday","女王诞辰","1","","","","","","0","1764785115197","",""
"401148","2026-08-11T23:00:00.000Z","1786489200000","Japan","Reuters Tankan Index","Reuters Tankan Index","路透短观指数","1","18","","13","","1788134400000","0","1786489200079","",""
"411329","2026-08-11T23:00:00.000Z","1786489200000","South Korea","Unemployment Rate","Unemployment Rate","失业率","2","2.8%","","2.7%","","1785456000000","0","1786489200076","","%"
"396517","2026-08-11T20:30:00.000Z","1786480200000","United States","API Crude Oil Stock Change","API Crude Oil Stock Change","API原油库存变动","2","9.072M","-0.50M","2.69M","","1786060800000","0","1786481571777","","M"
"409114","2026-08-11T19:15:00.000Z","1786475700000","Uruguay","Industrial Production","Industrial Production YoY","工业生产同比","1","5.4%","","-3.5%","","1782777600000","0","1786475715078","","%"
"420047","2026-08-11T17:00:00.000Z","1786467600000","United States","3 Year Note Yield","3-Year Note Auction","3年期国债拍卖","1","4.291%","","4.179%","","","0","1786467780857","","%"
"420088","2026-08-11T15:30:00.000Z","1786462200000","United States","Calendar","6-Week Bill Auction","6周期国库券拍卖","1","3.670%","","3.640%","","","0","1786462438307","","%"
"398599","2026-08-11T15:00:00.000Z","1786460400000","United States","Debt Balance Total","Total Household Debt","家庭债务总额","1","$18.8T","","$18.8T","","1782777600000","0","1786460553333","$","T"
"420895","2026-08-11T15:00:00.000Z","1786460400000","Kenya","Interest Rate","Interest Rate Decision","利率决议","1","8.75%","","8.75%","","1786406400000","0","1786460644014","","%"
"398421","2026-08-11T14:00:00.000Z","1786456800000","United States","Existing Home Sales","Existing Home Sales","成屋销售量","3","4.06M","4.05M","4.13M","4.09M","1785456000000","0","1786456807066","","M"
"398764","2026-08-11T14:00:00.000Z","1786456800000","United States","Existing Home Sales MoM","Existing Home Sales MoM","成屋销售量环比","2","-1.7%","","-1.4%","-2.4%","1785456000000","0","1786456807463","","%"
"420885","2026-08-11T13:20:00.000Z","1786454400000","United States","Calendar","NY Fed Bill Purchases 1 to 4 months","纽约联储购买1至4个月期国库券","1","","$5.179 billion","","","","0","1784284934987","",""
"404996","2026-08-11T13:15:00.000Z","1786454100000","Kosovo","Inflation Rate","Inflation Rate YoY","通胀率同比","1","6.5%","","6.0%","","1785456000000","0","1786454240028","","%"
"413003","2026-08-11T13:00:00.000Z","1786453200000","Russia","Balance of Trade","Balance of Trade","贸易差额","1","$12.46B","","$14.31B","$14.15B","1782777600000","0","1786453342817","$","B"
"396516","2026-08-11T12:55:00.000Z","1786452900000","United States","Redbook Index","Redbook YoY","红皮书零售销售同比","1","8.3%","","8.7%","","1786147200000","0","1786452904046","","%"
"397841","2026-08-11T12:15:00.000Z","1786450500000","United States","ADP Employment Change Weekly","ADP Employment Change Weekly","ADP每周就业人数变动","2","8.25K","","11.0K","15.0K","1784937600000","0","1786451140043","","K"
"404378","2026-08-11T12:00:00.000Z","1786449600000","Mexico","Industrial Production","Industrial Production YoY","工业生产同比","1","1.7%","1.1%","-0.7%","","1782777600000","0","1786449643052","","%"
"406106","2026-08-11T12:00:00.000Z","1786449600000","Brazil","Inflation Rate Mom","Inflation Rate MoM","通胀率环比","2","0.07%","0.03%","0.16%","","1785456000000","0","1786449624983","","%"
"406656","2026-08-11T12:00:00.000Z","1786449600000","Brazil","Inflation Rate","Inflation Rate YoY","通胀率同比","2","4.44%","4.4%","4.64%","","1785456000000","0","1786449673047","","%"
"408471","2026-08-11T12:00:00.000Z","1786449600000","Mexico","Industrial Production Mom","Industrial Production MoM","工业生产环比","1","0.2%","0.3%","-0.8%","","1782777600000","0","1786449643637","","%"
"394179","2026-08-11T11:00:00.000Z","1786446000000","Brazil","Interest Rate","BCB Copom Meeting Minutes","BCB货币政策委员会（Copom）会议纪要","2","","","","","","0","1761652646927","",""
"405172","2026-08-11T11:00:00.000Z","1786446000000","South Africa","Industrial Production","Manufacturing Production YoY","制造业生产同比","1","-1.7%","","-4.4%","-4.3%","1782777600000","0","1786446099713","","%"
"413855","2026-08-11T11:00:00.000Z","1786446000000","South Africa","Industrial Production Mom","Manufacturing Production MoM","制造业生产环比","1","0.9%","","1.0%","1.1%","1782777600000","0","1786446180207","","%"
"404524","2026-08-11T10:20:00.000Z","1786443600000","Latvia","Inflation Rate Mom","Inflation Rate MoM","通胀率环比","1","-0.7%","","0%","","1785456000000","0","1786443604007","","%"
"405732","2026-08-11T10:20:00.000Z","1786443600000","Latvia","Inflation Rate","Inflation Rate YoY","通胀率同比","1","2.6%","","3.4%","","1785456000000","0","1786443612373","","%"
"410384","2026-08-11T10:15:00.000Z","1786443300000","Latvia","Balance of Trade","Balance of Trade","贸易差额","1","€-476M","","€-374M","","1782777600000","0","1786443602387","€","M"
"397908","2026-08-11T10:00:00.000Z","1786442400000","United States","Nfib Business Optimism Index","NFIB Business Optimism Index","NFIB企业乐观指数","1","99.8","97.5","97.4","","1785456000000","0","1786442434006","",""
"418150","2026-08-11T10:00:00.000Z","1786442400000","Belgium","3 Month Bill Yield","Short TC Auction","短期TC国库券拍卖","1","2.418%","","2.424%","","","0","1786443136089","","%"
"418184","2026-08-11T10:00:00.000Z","1786442400000","Belgium","52 Week Bill Yield","Long TC Auction","长期TC国库券拍卖","1","2.765%","","2.718%","","","0","1786443142473","","%"
"396515","2026-08-11T09:30:00.000Z","1786440600000","South Africa","Calendar","2033 Bond Auction","2033年到期国债拍卖","1","8.207%","","8.157%","","","0","1786441583083","","%"
"417442","2026-08-11T09:30:00.000Z","1786440600000","Germany","5 Year Note Yield","5-Year Bobl Auction","5年期德国联邦国债（Bobl）拍卖","1","2.93%","","2.89%","","","0","1786441440393","","%"
"418596","2026-08-11T09:30:00.000Z","1786440600000","Hungary","Calendar","3-Month DTB Auction","3个月期DTB国库券拍卖","1","5.29%","","5.32%","","","0","1786440740091","","%"
"420985","2026-08-11T09:30:00.000Z","1786440600000","South Africa","Calendar","2038 Bond Auction","2038年到期国债拍卖","1","8.967%","","8.863%","","","0","1786441600837","","%"
"420986","2026-08-11T09:30:00.000Z","1786440600000","South Africa","Calendar","2042 Bond Auction","2042年到期国债拍卖","1","9.137%","","9.128%","","","0","1786441495667","","%"
"410795","2026-08-11T09:00:00.000Z","1786438800000","South Africa","Unemployment Rate","Unemployment Rate","失业率","2","33.6%","","32.7%","","1782777600000","0","1786439040507","","%"
"413082","2026-08-11T09:00:00.000Z","1786438800000","South Africa","Unemployed Persons","Unemployed Persons","失业人数","1","8.481M","","8.137M","","1782777600000","0","1786439035197","","M"
"414095","2026-08-11T09:00:00.000Z","1786438800000","Mongolia","Balance of Trade","Balance of Trade","贸易差额","1","$767M","","$688M","","1785456000000","0","1786438818777","$","M"
"410869","2026-08-11T08:50:00.000Z","1786438200000","Senegal","Inflation Rate Mom","Inflation Rate MoM","通胀率环比","1","1.0%","","0.0%","","1785456000000","0","1786438241247","","%"
"412844","2026-08-11T08:50:00.000Z","1786438200000","Senegal","Inflation Rate","Inflation Rate YoY","通胀率同比","1","0.3%","","0.4%","","1785456000000","0","1786438213003","","%"
"419001","2026-08-11T08:40:00.000Z","1786437600000","Spain","3 Month Bill Yield","3-Month Letras Auction","3个月期西班牙国库券（Letras）拍卖","1","2.387%","","2.366%","","","0","1786437529227","","%"
"419014","2026-08-11T08:40:00.000Z","1786437600000","Spain","Calendar","9-Month Letras Auction","9个月期西班牙国库券（Letras）拍卖","1","2.605%","","2.623%","","","0","1786437535067","","%"
"404608","2026-08-11T08:30:00.000Z","1786437000000","Mozambique","Inflation Rate","Inflation Rate YoY","通胀率同比","1","7.48%","","7.51%","","1785456000000","0","1786437095008","","%"
"396460","2026-08-11T08:10:00.000Z","1786435800000","India","Money Supply M3","M3 Money Supply YoY","M3货币供应量同比","1","14.7%","","12.5%","","1785456000000","0","1786440390133","","%"
"411117","2026-08-11T08:00:00.000Z","1786435200000","Italy","Balance of Trade","Balance of Trade","贸易差额","2","€4.232B","€4.74B","€4.946B","€4.793B","1782777600000","0","1786435250057","€","B"
"410949","2026-08-11T07:30:00.000Z","1786433400000","Netherlands","Balance of Trade","Balance of Trade","贸易差额","1","€10.4B","","€6.3B","€6.66B","1782777600000","0","1786433537077","€","B"
"403806","2026-08-11T07:00:00.000Z","1786431600000","Czech Republic","Inflation Rate","Inflation Rate YoY Final","通胀率同比终值","1","1.7%","1.7%","1.5%","","1785456000000","0","1786431600075","","%"
"405993","2026-08-11T07:00:00.000Z","1786431600000","Turkey","Retail Sales MoM","Retail Sales MoM","零售销售环比","1","0.7%","","2.1%","2.4%","1782777600000","0","1786431919003","","%"
"410123","2026-08-11T07:00:00.000Z","1786431600000","Slovakia","Construction Output","Construction Output YoY","建筑业产出同比","1","1.0%","","6.8%","","1782777600000","0","1786431622089","","%"
"411520","2026-08-11T07:00:00.000Z","1786431600000","Turkey","Retail Sales YoY","Retail Sales YoY","零售销售同比","1","11.8%","","12.8%","13.7%","1782777600000","0","1786431910048","","%"
"412951","2026-08-11T07:00:00.000Z","1786431600000","Czech Republic","Inflation Rate Mom","Inflation Rate MoM Final","通胀率环比终值","1","0.6%","0.6%","-0.3%","","1785456000000","0","1786431600783","","%"
"405425","2026-08-11T06:00:00.000Z","1786428000000","Lithuania","Producer Prices Change","PPI YoY","生产者价格指数同比","1","11.5%","","9.6%","","1785456000000","0","1786428079307","","%"
"408674","2026-08-11T06:00:00.000Z","1786428000000","Lithuania","Producer Price Inflation MoM","PPI MoM","生产者价格指数环比","1","2.1%","","-2.5%","-2.4%","1785456000000","0","1786428092037","","%"
"394038","2026-08-11T05:30:00.000Z","1786426200000","Australia","Interest Rate","RBA Press Conference","澳大利亚储备银行（RBA）新闻发布会","2","","","","","","0","1761318456167","",""
"394026","2026-08-11T04:30:00.000Z","1786422600000","Australia","Interest Rate","RBA Interest Rate Decision","澳大利亚储备银行（RBA）利率决议","3","4.35%","4.35%","4.35%","","1786406400000","0","1786422604687","","%"
"404504","2026-08-11T04:30:00.000Z","1786422600000","Netherlands","Inflation Rate Mom","Inflation Rate MoM","通胀率环比","1","1.6%","","-0.6%","","1785456000000","0","1786422748943","","%"
"406295","2026-08-11T04:30:00.000Z","1786422600000","Netherlands","Inflation Rate","Inflation Rate YoY Final","通胀率同比终值","1","3.2%","3.1%","2.9%","","1785456000000","0","1786422600073","","%"
"406736","2026-08-11T04:00:00.000Z","1786420800000","Indonesia","Retail Sales YoY","Retail Sales YoY","零售销售同比","1","-3%","","-3.9%","","1782777600000","0","1786419714046","","%"
"411912","2026-08-11T04:00:00.000Z","1786420800000","Malaysia","Unemployment Rate","Unemployment Rate","失业率","1","3.0%","","3.0%","","1782777600000","0","1786420842343","","%"
"412512","2026-08-11T04:00:00.000Z","1786420800000","Malaysia","Industrial Production","Industrial Production YoY","工业生产同比","1","6.5%","","8.5%","8.4%","1782777600000","0","1786420800683","","%"
"412350","2026-08-11T03:10:00.000Z","1786417800000","Indonesia","Car Registrations","Car Sales YoY","汽车销量同比","1","33.3%","","32.9%","","1785456000000","0","1786417870074","","%"
"417610","2026-08-11T02:35:00.000Z","1786415700000","New Zealand","52 Week Bill Yield","1-Year Bill Auction","1年期国库券拍卖","1","","","","","","0","1787020598044","",""
"417662","2026-08-11T02:35:00.000Z","1786415700000","New Zealand","3 Month Bill Yield","3-Month Bill Auction","3个月期国库券拍卖","1","2.7645%","","2.7610%","","","0","1786415743433","","%"
"417714","2026-08-11T02:35:00.000Z","1786415700000","New Zealand","6 Month Bill Yield","6-Month Bill Auction","6个月期国库券拍卖","1","3.0285%","","2.99%","","","0","1786415762617","","%"
"400835","2026-08-11T01:30:00.000Z","1786411800000","Australia","Business Confidence","NAB Business Confidence","NAB商业信心指数","3","-6","","-6","-5","1785456000000","0","1786412299047","",""
"411300","2026-08-11T00:01:00.000Z","1786406460000","Ireland","Construction PMI","Construction PMI","建筑业采购经理人指数","1","53.0","","45.4","","1785456000000","","1786406489327","",""
"403794","2026-08-11T00:00:00.000Z","1786406400000","Singapore","GDP Annual Growth Rate","GDP Growth Rate YoY Final","国内生产总值（GDP）增长率同比终值","1","5.9%","5.9%","6.3%","","1782777600000","0","1786406401016","","%"
"413094","2026-08-11T00:00:00.000Z","1786406400000","Singapore","GDP Growth Rate","GDP Growth Rate QoQ Final","国内生产总值（GDP）增长率季环比终值","1","1.4%","1.1%","1.2%","1.3%","1782777600000","0","1786406524877","","%"
"416276","2026-08-11T00:00:00.000Z","1786406400000","Japan","Holidays","Mountain Day","山之日","1","","","","","","0","1764785115019","",""
"399945","2026-08-10T23:01:00.000Z","1786402860000","United Kingdom","BRC Retail Sales Monitor YoY","BRC Retail Sales Monitor YoY","BRC零售销售监测同比","2","1%","1.5%","1.7%","","1785456000000","0","1786402860058","","%"
"405844","2026-08-10T23:00:00.000Z","1786402800000","Colombia","Inflation Rate","Inflation Rate YoY","通胀率同比","1","6.03%","6.2%","6.14%","","1785456000000","0","1786402788933","","%"
"412525","2026-08-10T23:00:00.000Z","1786402800000","Colombia","Inflation Rate Mom","Inflation Rate MoM","通胀率环比","1","0.17%","0.35%","0.39%","","1785456000000","0","1786402788097","","%"
"420989","2026-08-10T19:00:00.000Z","1786388400000","United States","Interest Rate","Fed Hammack Speech","美联储Hammack讲话","2","","","","","","0","1786371250077","",""
"396513","2026-08-10T15:30:00.000Z","1786375800000","United States","6 Month Bill Yield","6-Month Bill Auction","6个月期国库券拍卖","1","3.830%","","3.855%","","","0","1786376058843","","%"
"396514","2026-08-10T15:30:00.000Z","1786375800000","United States","3 Month Bill Yield","3-Month Bill Auction","3个月期国库券拍卖","1","3.735%","","3.750%","","","0","1786376049038","","%"
"416886","2026-08-10T14:15:00.000Z","1786371300000","Hungary","Government Budget Value","Budget Balance","预算差额","1","HUF524.3B","","HUF424.1B","","1785456000000","0","1786373287058","HUF","B"
"413416","2026-08-10T13:20:00.000Z","1786368000000","Tanzania","Inflation Rate","Inflation Rate YoY","通胀率同比","1","4.2%","","4%","","1785456000000","0","1786368005013","","%"
"396510","2026-08-10T13:00:00.000Z","1786366800000","France","52 Week Bill Yield","12-Month BTF Auction","12个月期BTF国库券拍卖","1","2.752%","","2.738%","","","0","1786366621457","","%"
"396511","2026-08-10T13:00:00.000Z","1786366800000","France","6 Month Bill Yield","6-Month BTF Auction","6个月期BTF国库券拍卖","1","2.579%","","2.585%","","","0","1786366639533","","%"
"396512","2026-08-10T13:00:00.000Z","1786366800000","France","3 Month Bill Yield","3-Month BTF Auction","3个月期BTF国库券拍卖","1","2.448%","","2.448%","","","0","1786366629497","","%"
"412678","2026-08-10T13:00:00.000Z","1786366800000","Egypt","Core Inflation Rate","Core Inflation Rate YoY","核心通胀率同比","1","14.7%","14.9%","14.3%","","1785456000000","0","1786366722000","","%"
"419981","2026-08-10T12:00:00.000Z","1786363200000","Romania","Interest Rate","Interest Rate Decision","利率决议","1","6.5%","6.5%","6.5%","","1786320000000","0","1786363200683","","%"
"394214","2026-08-10T11:30:00.000Z","1786361400000","Brazil","Interest Rate","BCB Focus Market Readout","BCB Focus市场调查报告","2","","","","","","1","1766737124088","",""
"407894","2026-08-10T11:30:00.000Z","1786361400000","Azerbaijan","Monthly GDP YoY","GDP YoY","国内生产总值（GDP）同比","1","1.4%","","0.8%","","1785456000000","0","1786361397039","","%"
"413814","2026-08-10T11:15:00.000Z","1786360500000","Belarus","Inflation Rate","Inflation Rate YoY","通胀率同比","1","4.4%","","4.3%","","1785456000000","0","1786360555783","","%"
"410008","2026-08-10T11:00:00.000Z","1786359600000","Ukraine","Inflation Rate Mom","Inflation Rate MoM","通胀率环比","1","0.3%","","-0.1%","","1785456000000","0","1786364931069","","%"
"413981","2026-08-10T11:00:00.000Z","1786359600000","Ukraine","Inflation Rate","Inflation Rate YoY","通胀率同比","1","7.7%","","7.2%","","1785456000000","0","1786360514793","","%"
"409708","2026-08-10T10:00:00.000Z","1786356000000","Israel","Consumer Confidence","Consumer Confidence","消费者信心指数","1","-25.41","","-18.56","","1785456000000","0","1786356622074","",""
"410557","2026-08-10T10:00:00.000Z","1786356000000","Kazakhstan","Producer Prices Change","PPI YoY","生产者价格指数同比","1","9.1%","","17.2%","","1785456000000","0","1786356027593","","%"
"404364","2026-08-10T09:45:00.000Z","1786355100000","Albania","Inflation Rate Mom","Inflation Rate MoM","通胀率环比","1","0.2%","","-0.1%","","1785456000000","0","1786355037133","","%"
"406498","2026-08-10T09:45:00.000Z","1786355100000","Albania","Inflation Rate","Inflation Rate YoY","通胀率同比","1","3.4%","","3.2%","","1785456000000","0","1786355025002","","%"
"407452","2026-08-10T09:45:00.000Z","1786355100000","Uzbekistan","Foreign Exchange Reserves","Foreign Exchange Reserves","外汇储备","1","$64.35B","","$63.76B","","1785456000000","0","1786355120024","$","B"
"417504","2026-08-10T09:30:00.000Z","1786354200000","Germany","3 Month Bill Yield","3-Month Bubill Auction","3个月期德国国库券（Bubill）拍卖","1","2.386%","","2.280%","","","0","1786357970107","","%"
"417505","2026-08-10T09:30:00.000Z","1786354200000","Germany","Calendar","9-Month Bubill Auction","9个月期德国国库券（Bubill）拍卖","1","2.562%","","2.409%","","","0","1786357980012","","%"
"404106","2026-08-10T09:00:00.000Z","1786352400000","Cyprus","Balance of Trade","Balance of Trade","贸易差额","1","€-826.3M","","€-787.7M","","1782777600000","0","1786352971943","€","M"
"407178","2026-08-10T09:00:00.000Z","1786352400000","Mongolia","Inflation Rate","Inflation Rate YoY","通胀率同比","1","13.0%","","12.0%","","1785456000000","0","1786352446093","","%"
"407186","2026-08-10T09:00:00.000Z","1786352400000","Greece","Industrial Production","Industrial Production YoY","工业生产同比","1","1.1%","","3.7%","3.9%","1782777600000","0","1786352848923","","%"
"407544","2026-08-10T09:00:00.000Z","1786352400000","Malta","Balance of Trade","Balance of Trade","贸易差额","1","€-408M","","€-339.0M","","1782777600000","0","1786352573043","€","M"
"411406","2026-08-10T09:00:00.000Z","1786352400000","Rwanda","Inflation Rate Mom","Inflation Rate MoM","通胀率环比","1","0.3%","","0.4%","","1785456000000","0","1786353004133","","%"
"411911","2026-08-10T09:00:00.000Z","1786352400000","Rwanda","Inflation Rate","Inflation Rate YoY","通胀率同比","1","13.8%","","12.7%","","1785456000000","0","1786352988607","","%"
"412391","2026-08-10T09:00:00.000Z","1786352400000","Iceland","Balance of Trade","Balance of Trade","贸易差额","1","ISK-40.6B","","ISK-58.7B","ISK-57.4B","1785456000000","0","1786352679953","ISK","B"
"411634","2026-08-10T08:30:00.000Z","1786350600000","Slovenia","Industrial Production","Industrial Production YoY","工业生产同比","1","1.7%","","4.2%","","1782777600000","0","1786350737086","","%"
"404728","2026-08-10T08:00:00.000Z","1786348800000","Kazakhstan","Current Account","Current Account","经常账户差额","1","$3.0B","","$-2.0B","$-1.8B","1782777600000","0","1786348805064","$","B"
"404763","2026-08-10T08:00:00.000Z","1786348800000","Bulgaria","Industrial Production","Industrial Production YoY","工业生产同比","1","-2.5%","","-4.8%","","1782777600000","0","1786348849012","","%"
"406423","2026-08-10T08:00:00.000Z","1786348800000","Czech Republic","Unemployment Rate","Unemployment Rate","失业率","1","5%","4.9%","4.8%","","1785456000000","0","1786348800047","","%"
"409259","2026-08-10T08:00:00.000Z","1786348800000","Bulgaria","Industrial Production Mom","Industrial Production MoM","工业生产环比","1","0.4%","","-0.2%","","1782777600000","0","1786348860058","","%"
"413002","2026-08-10T08:00:00.000Z","1786348800000","Bulgaria","Construction Output","Construction Output YoY","建筑业产出同比","1","4.4%","","4%","5.6%","1782777600000","0","1786348909023","","%"
"405640","2026-08-10T07:00:00.000Z","1786345200000","Turkey","Industrial Production","Industrial Production YoY","工业生产同比","2","-1.4%","","-0.1%","0%","1782777600000","0","1786345302697","","%"
"406756","2026-08-10T07:00:00.000Z","1786345200000","Slovakia","Industrial Production","Industrial Production YoY","工业生产同比","1","2.1%","-0.6%","-2%","","1782777600000","0","1786345216993","","%"
"406784","2026-08-10T07:00:00.000Z","1786345200000","Turkey","Industrial Production Mom","Industrial Production MoM","工业生产环比","1","0.1%","","-3.0%","-2.9%","1782777600000","0","1786345335623","","%"
"408765","2026-08-10T07:00:00.000Z","1786345200000","Austria","Industrial Production","Industrial Production YoY","工业生产同比","1","0%","","0%","0.7%","1782777600000","0","1786345415085","","%"
"408872","2026-08-10T07:00:00.000Z","1786345200000","Moldova","Inflation Rate Mom","Inflation Rate MoM","通胀率环比","1","-0.1%","","-0.1%","","1785456000000","0","1786345242317","","%"
"410063","2026-08-10T07:00:00.000Z","1786345200000","Moldova","Inflation Rate","Inflation Rate YoY","通胀率同比","1","6.3%","","6.5%","","1785456000000","0","1786345232047","","%"
"413615","2026-08-10T07:00:00.000Z","1786345200000","Georgia","Harmonised Inflation Rate YoY","Harmonised Inflation Rate YoY","调和通胀率同比","1","5.2%","","5.6%","","1785456000000","0","1786345293096","","%"
"406086","2026-08-10T06:00:00.000Z","1786341600000","Sweden","Industrial Production Mom","Industrial Production MoM","工业生产环比","1","-0.4%","","0.6%","0.2%","1782777600000","0","1786342792001","","%"
"406157","2026-08-10T06:00:00.000Z","1786341600000","Denmark","Balance of Trade","Balance of Trade","贸易差额","1","DKK28.7B","","DKK25.8B","DKK28.9B","1782777600000","0","1786341603293","DKK","B"
"408170","2026-08-10T06:00:00.000Z","1786341600000","Romania","Balance of Trade","Balance of Trade","贸易差额","1","€-2.961B","","€-2.601B","€-0.003B","1782777600000","0","1786341674817","€","B"
"408266","2026-08-10T06:00:00.000Z","1786341600000","Sweden","Industrial Production","Industrial Production YoY","工业生产同比","1","-1.5%","","7.6%","6.9%","1782777600000","0","1786341729117","","%"
"408792","2026-08-10T06:00:00.000Z","1786341600000","Norway","Producer Prices Change","PPI YoY","生产者价格指数同比","1","23.4%","","14.9%","","1785456000000","0","1786341605203","","%"
"409168","2026-08-10T06:00:00.000Z","1786341600000","Denmark","Inflation Rate Mom","Inflation Rate MoM","通胀率环比","1","1.3%","","0.2%","","1785456000000","0","1786341635052","","%"
"409462","2026-08-10T06:00:00.000Z","1786341600000","Lithuania","Inflation Rate","Inflation Rate YoY","通胀率同比","1","5.9%","","5.7%","","1785456000000","0","1786341654897","","%"
"409743","2026-08-10T06:00:00.000Z","1786341600000","Norway","Core Inflation Rate MoM","Core Inflation Rate MoM","核心通胀率环比","1","0.8%","","-0.1%","","1785456000000","0","1786341604073","","%"
"409851","2026-08-10T06:00:00.000Z","1786341600000","Norway","Inflation Rate Mom","Inflation Rate MoM","通胀率环比","1","1%","","-0.2%","","1785456000000","0","1786341603587","","%"
"410808","2026-08-10T06:00:00.000Z","1786341600000","Denmark","Inflation Rate","Inflation Rate YoY","通胀率同比","1","1.7%","","1.9%","","1785456000000","0","1786341601072","","%"
"410850","2026-08-10T06:00:00.000Z","1786341600000","Saudi Arabia","Industrial Production","Industrial Production YoY","工业生产同比","1","-16.3%","","-18.7%","","1782777600000","0","1786341637072","","%"
"411561","2026-08-10T06:00:00.000Z","1786341600000","Sweden","Construction Output","Construction Output YoY","建筑业产出同比","1","7.6%","","4.2%","3.6%","1782777600000","0","1786341692313","","%"
"412017","2026-08-10T06:00:00.000Z","1786341600000","Sweden","New Orders","New Orders YoY","新订单同比","1","29.9%","","1.6%","1.3%","1782777600000","0","1786341607967","","%"
"412719","2026-08-10T06:00:00.000Z","1786341600000","Denmark","Harmonised Inflation Rate YoY","Harmonised Inflation Rate YoY","调和通胀率同比","1","1.6%","","1.8%","","1785456000000","0","1786341601777","","%"
"413156","2026-08-10T06:00:00.000Z","1786341600000","Lithuania","Inflation Rate Mom","Inflation Rate MoM","通胀率环比","1","0.2%","","0.5%","","1785456000000","0","1786341665137","","%"
"413956","2026-08-10T06:00:00.000Z","1786341600000","Norway","Core Inflation Rate","Core Inflation Rate YoY","核心通胀率同比","1","2.7%","","2.7%","","1785456000000","0","1786341604012","","%"
"414158","2026-08-10T06:00:00.000Z","1786341600000","Norway","Inflation Rate","Inflation Rate YoY","通胀率同比","1","3%","","2.7%","","1785456000000","0","1786341603061","","%"
"414239","2026-08-10T06:00:00.000Z","1786341600000","Denmark","Current Account","Current Account","经常账户差额","1","DKK32.5B","","DKK25.7B","DKK30.7B","1782777600000","0","1786341735613","DKK","B"
"408043","2026-08-10T05:50:00.000Z","1786341000000","Egypt","Inflation Rate Mom","Inflation Rate MoM","通胀率环比","1","0.0%","","-0.4%","","1785456000000","0","1786341059303","","%"
"411966","2026-08-10T05:50:00.000Z","1786341000000","Egypt","Inflation Rate","Inflation Rate YoY","通胀率同比","1","14.9%","15.6%","14.3%","","1785456000000","0","1786341033007","","%"
"405227","2026-08-10T05:00:00.000Z","1786338000000","Estonia","Balance of Trade","Balance of Trade","贸易差额","1","€-413M","","€-218M","€-224M","1782777600000","0","1786338095933","€","M"
"406516","2026-08-10T05:00:00.000Z","1786338000000","Finland","Industrial Production","Industrial Production YoY","工业生产同比","1","4.5%","","0.4%","0.6%","1782777600000","0","1786338203047","","%"
"420366","2026-08-10T05:00:00.000Z","1786338000000","Japan","Economy Watchers Survey Outlook","Eco Watchers Survey Outlook","经济观察家调查前景指数","1","45.8","","45.7","","1785456000000","0","1786338074873","",""
"420371","2026-08-10T05:00:00.000Z","1786338000000","Japan","Economy Watchers Survey","Eco Watchers Survey Current","经济观察家调查现状指数","1","45.7","44.4","44.0","","1785456000000","0","1786338048177","",""
"413802","2026-08-10T04:30:00.000Z","1786336200000","Netherlands","Manufacturing Production MoM","Manufacturing Production MoM","制造业生产环比","1","-1.3%","","1.1%","0.1%","1782777600000","0","1786336492447","","%"
"414581","2026-08-10T03:15:00.000Z","1786331700000","Indonesia","Motorbike Sales","Motorbike Sales YoY","摩托车销量同比","1","8.3%","","1.1%","","1785456000000","0","1786331563117","","%"
"405393","2026-08-10T03:00:00.000Z","1786330800000","Indonesia","Consumer Confidence","Consumer Confidence","消费者信心指数","1","116.8","","117.8","","1785456000000","0","1786330833003","",""
"417780","2026-08-10T02:30:00.000Z","1786329000000","South Korea","3 Year Note Yield","3-Year KTB Auction","3年期韩国国债（KTB）拍卖","1","3.780%","","3.765%","","","0","1786329154004","","%"
"416274","2026-08-10T00:00:00.000Z","1786320000000","Ecuador","Holidays","National Day","国庆日","1","","","","","","0","1764785115187","",""
"416275","2026-08-10T00:00:00.000Z","1786320000000","South Africa","Holidays","National Women’s Day","全国妇女节","1","","","","","","0","1764785115187","",""
"393953","2026-08-09T23:50:00.000Z","1786319400000","Japan","Interest Rate","BoJ Summary of Opinions","日本央行（BoJ）意见摘要","2","","","","","","0","1761232089493","",""
"401635","2026-08-09T23:50:00.000Z","1786319400000","Japan","Loan Growth","Bank Lending YoY","银行贷款同比","1","5.4%","5.7%","5.7%","","1785456000000","0","1786320031058","","%"
"403301","2026-08-09T23:50:00.000Z","1786319400000","Japan","Current Account","Current Account","经常账户差额","2","-¥923B","¥1512B","¥3968B","","1782777600000","0","1786329826237","¥","B"
"401924","2026-08-09T01:30:00.000Z","1786239000000","China","Inflation Rate Mom","Inflation Rate MoM","通胀率环比","2","-0.1%","0.2%","-0.3%","","1785456000000","0","1786239056637","","%"
"402367","2026-08-09T01:30:00.000Z","1786239000000","China","Producer Prices Change","PPI YoY","生产者价格指数同比","2","3.5%","3.8%","4.1%","","1785456000000","0","1786239056403","","%"
"403203","2026-08-09T01:30:00.000Z","1786239000000","China","Inflation Rate","Inflation Rate YoY","通胀率同比","3","0.5%","0.8%","1%","","1785456000000","0","1786239056537","","%"
"416273","2026-08-09T00:00:00.000Z","1786233600000","Singapore","Holidays","National Day","国庆日","1","","","","","","0","1764785115183","",""
"420978","2026-08-08T16:45:00.000Z","1786207500000","United States","Interest Rate","Fed Bowman Speech","美联储Bowman讲话","2","","","","","","0","1786027829533","",""
"416272","2026-08-08T00:00:00.000Z","1786147200000","Tanzania","Holidays","Peasants’ Day","农民节","1","","","","","","0","1764785115018","",""
"398075","2026-08-07T19:00:00.000Z","1786129200000","United States","Consumer Credit","Consumer Credit Change","消费信贷变动","1","$14.17B","$10.5B","$-1.08B","$-0.18B","1782777600000","0","1786129207293","$","B"
"410986","2026-08-07T19:00:00.000Z","1786129200000","Argentina","Industrial Production","Industrial Production YoY","工业生产同比","1","2%","","-5.6%","-5.7%","1782777600000","0","1786129511773","","%"
"396504","2026-08-07T17:00:00.000Z","1786122000000","United States","Total Rigs","Baker Hughes Total Rigs Count","贝克休斯钻井平台总数","1","588","","588","","1786060800000","0","1786122184074","",""
"396505","2026-08-07T17:00:00.000Z","1786122000000","United States","Crude Oil Rigs","Baker Hughes Oil Rig Count","贝克休斯石油钻井平台数量","1","454","452","451","","1786060800000","0","1786122164623","",""
"405474","2026-08-07T16:00:00.000Z","1786118400000","Costa Rica","Inflation Rate","Inflation Rate YoY","通胀率同比","1","-0.28%","","-0.32%","","1785456000000","0","1786144419063","","%"
"409258","2026-08-07T16:00:00.000Z","1786118400000","Costa Rica","Inflation Rate Mom","Inflation Rate MoM","通胀率环比","1","-0.47%","","0.71%","","1785456000000","0","1786119273203","","%"
"410793","2026-08-07T16:00:00.000Z","1786118400000","Dominican Republic","Inflation Rate","Inflation Rate YoY","通胀率同比","1","5.47%","","5.67%","","1785456000000","0","1786118112027","","%"
"412244","2026-08-07T16:00:00.000Z","1786118400000","Dominican Republic","Inflation Rate Mom","Inflation Rate MoM","通胀率环比","1","0.19%","","0.51%","","1785456000000","0","1786118139007","","%"
"398914","2026-08-07T15:00:00.000Z","1786114800000","United States","Inflation Expectations","Consumer Inflation Expectations","消费者通胀预期","1","3.6%","","3.7%","","1785456000000","0","1786114826057","","%"
"409257","2026-08-07T14:30:00.000Z","1786113000000","Turkey","Treasury Cash Balance","Treasury Cash Balance","国库现金余额","1","TRY-395.65B","","TRY50.1B","TRY50.759B","1785456000000","0","1786113140277","TRY","B"
"404815","2026-08-07T14:00:00.000Z","1786111200000","Brazil","Car Production","Car Production MoM","汽车产量环比","1","3.1%","","-3%","","1785456000000","0","1786111709853","","%"
"405051","2026-08-07T14:00:00.000Z","1786111200000","Canada","Business Confidence","Ivey PMI s.a","Ivey采购经理人指数（季调后）","3","55.1","55.5","56.2","","1785456000000","0","1786111200897","",""
"411000","2026-08-07T14:00:00.000Z","1786111200000","Brazil","Car Registrations","New Car Registrations MoM","新车注册量环比","1","2.6%","","-0.8%","","1785456000000","0","1786111715597","","%"
"420969","2026-08-07T14:00:00.000Z","1786111200000","United States","Interest Rate","Fed Barkin Speech","美联储Barkin讲话","2","","","","","","0","1785510389647","",""
"397903","2026-08-07T13:00:00.000Z","1786107600000","United States","Used Car Prices YoY","Used Car Prices YoY","二手车价格同比","1","1.3%","","2.1%","","1785456000000","0","1786107660907","","%"
"398761","2026-08-07T13:00:00.000Z","1786107600000","United States","Used Car Prices MoM","Used Car Prices MoM","二手车价格环比","1","-1.4%","","0.1%","","1785456000000","0","1786107645072","","%"
"404787","2026-08-07T13:00:00.000Z","1786107600000","Russia","Foreign Exchange Reserves","Foreign Exchange Reserves","外汇储备","1","$720.348B","","$720.4B","","1785456000000","0","1786107630085","$","B"
"412733","2026-08-07T13:00:00.000Z","1786107600000","Seychelles","Inflation Rate","Inflation Rate YoY","通胀率同比","1","0.78%","","0.43%","","1785456000000","0","1786107679457","","%"
"405127","2026-08-07T12:40:00.000Z","1786106400000","Angola","Inflation Rate","Inflation Rate YoY","通胀率同比","1","9.33%","","10.11%","","1785456000000","0","1786106475673","","%"
"412807","2026-08-07T12:40:00.000Z","1786106400000","Angola","Inflation Rate Mom","Inflation Rate MoM","通胀率环比","1","0.75%","","0.52%","","1785456000000","0","1786106465627","","%"
"396494","2026-08-07T12:30:00.000Z","1786105800000","United States","Labor Force Participation Rate","Participation Rate","劳动参与率","2","61.4%","","61.5%","","1785456000000","0","1786105803573","","%"
"396495","2026-08-07T12:30:00.000Z","1786105800000","United States","Non Farm Payrolls","Non Farm Payrolls","非农就业人数","3","-23K","80K","20K","57K","1785456000000","0","1786105803197","","K"
"396496","2026-08-07T12:30:00.000Z","1786105800000","United States","Government Payrolls","Government Payrolls","政府部门就业人数","1","-53K","","-10K","8K","1785456000000","0","1786105802081","","K"
"396497","2026-08-07T12:30:00.000Z","1786105800000","United States","Nonfarm Payrolls Private","Nonfarm Payrolls Private","私营部门非农就业人数","1","30K","78K","30K","49K","1785456000000","0","1786105802957","","K"
"396498","2026-08-07T12:30:00.000Z","1786105800000","United States","Average Hourly Earnings YoY","Average Hourly Earnings YoY","平均时薪同比","2","3.2%","3.5%","3.4%","3.5%","1785456000000","0","1786105807187","","%"
"396499","2026-08-07T12:30:00.000Z","1786105800000","United States","Unemployment Rate","Unemployment Rate","失业率","3","4.1%","4.2%","4.2%","","1785456000000","0","1786105803557","","%"
"396500","2026-08-07T12:30:00.000Z","1786105800000","United States","Average Hourly Earnings","Average Hourly Earnings MoM","平均时薪环比","2","0.1%","0.3%","0.3%","","1785456000000","0","1786105802573","","%"
"396501","2026-08-07T12:30:00.000Z","1786105800000","United States","U6 Unemployment Rate","U-6 Unemployment Rate","U-6广义失业率","1","7.9%","","7.9%","","1785456000000","0","1786105803005","","%"
"396502","2026-08-07T12:30:00.000Z","1786105800000","United States","Average Weekly Hours","Average Weekly Hours","平均每周工时","1","34.3","34.3","34.3","","1785456000000","0","1786105802947","",""
"396503","2026-08-07T12:30:00.000Z","1786105800000","United States","Manufacturing Payrolls","Manufacturing Payrolls","制造业就业人数","1","5K","4.0K","11K","3K","1785456000000","0","1786105803047","","K"
"406326","2026-08-07T12:30:00.000Z","1786105800000","Canada","Unemployment Rate","Unemployment Rate","失业率","3","6.4%","6.5%","6.5%","","1785456000000","0","1786105800983","","%"
"409357","2026-08-07T12:30:00.000Z","1786105800000","Chile","Exports","Exports","出口额","1","$10248M","","$10789M","","1785456000000","0","1786105913057","$","M"
"409715","2026-08-07T12:30:00.000Z","1786105800000","Canada","Employment Change","Employment Change","就业人数变动","2","75.1K","15K","18.2K","","1785456000000","0","1786105800983","","K"
"409968","2026-08-07T12:30:00.000Z","1786105800000","Canada","Part Time Employment","Part Time Employment Chg","兼职就业人数变动","2","36.6K","","17.5K","","1785456000000","0","1786105801033","","K"
"410856","2026-08-07T12:30:00.000Z","1786105800000","Chile","Imports","Imports","进口额","1","$8258M","","$7471M","","1785456000000","0","1786105977097","$","M"
"413118","2026-08-07T12:30:00.000Z","1786105800000","Canada","Average Hourly Earnings","Average Hourly Wages YoY","平均小时工资同比","1","3%","","3.7%","","1785456000000","0","1786105801002","","%"
"413295","2026-08-07T12:30:00.000Z","1786105800000","Canada","Labor Force Participation Rate","Participation Rate","劳动参与率","2","65.1%","","65%","","1785456000000","0","1786105801021","","%"
"414342","2026-08-07T12:30:00.000Z","1786105800000","Canada","Full Time Employment","Full Time Employment Chg","全职就业人数变动","2","38.6K","","0.6K","","1785456000000","0","1786105801002","","K"
"414478","2026-08-07T12:30:00.000Z","1786105800000","Chile","Balance of Trade","Balance of Trade","贸易差额","1","$1990M","$2380M","$3320M","","1785456000000","0","1786105906193","$","M"
"403732","2026-08-07T12:00:00.000Z","1786104000000","Mexico","Inflation Rate Mom","Inflation Rate MoM","通胀率环比","2","0.03%","0.03%","-0.27%","","1785456000000","0","1786104002457","","%"
"404809","2026-08-07T12:00:00.000Z","1786104000000","Mexico","Inflation Rate","Inflation Rate YoY","通胀率同比","2","3.12%","3.12%","3.37%","","1785456000000","0","1786104002076","","%"
"405290","2026-08-07T12:00:00.000Z","1786104000000","Mexico","Core Inflation Rate","Core Inflation Rate YoY","核心通胀率同比","1","3.95%","3.94%","4.03%","","1785456000000","0","1786104002217","","%"
"408001","2026-08-07T12:00:00.000Z","1786104000000","Ukraine","Foreign Exchange Reserves","Foreign Exchange Reserves","外汇储备","1","$51.2B","","$51.3B","","1785456000000","0","1786104422897","$","B"
"408886","2026-08-07T12:00:00.000Z","1786104000000","Chile","Inflation Rate Mom","Inflation Rate MoM","通胀率环比","1","0.1%","0.1%","0%","","1785456000000","0","1786104013223","","%"
"411502","2026-08-07T12:00:00.000Z","1786104000000","Mexico","Auto Exports","Auto Exports YoY","汽车出口同比","1","-9.7%","","-9.20%","","1785456000000","0","1786104029187","","%"
"411844","2026-08-07T12:00:00.000Z","1786104000000","Poland","Foreign Exchange Reserves","Foreign Exchange Reserves","外汇储备","1","$295.0B","","$293.5B","","1785456000000","0","1786104048071","$","B"
"412224","2026-08-07T12:00:00.000Z","1786104000000","Chile","Inflation Rate","Inflation Rate YoY","通胀率同比","1","3.5%","","4.3%","","1785456000000","0","1786104053377","","%"
"412245","2026-08-07T12:00:00.000Z","1786104000000","Mexico","Car Production","Auto Production YoY","汽车产量同比","1","-2.2%","","-1.89%","","1785456000000","0","1786104021113","","%"
"412563","2026-08-07T12:00:00.000Z","1786104000000","Chile","Core Inflation Rate MoM","Core Inflation Rate MoM","核心通胀率环比","1","0.4%","","-0.1%","","1785456000000","0","1786104075797","","%"
"414391","2026-08-07T12:00:00.000Z","1786104000000","Mexico","Core Inflation Rate MoM","Core Inflation Rate MoM","核心通胀率环比","1","0.23%","0.22%","0.24%","","1785456000000","0","1786104002797","","%"
"420121","2026-08-07T12:00:00.000Z","1786104000000","Mexico","Producer Prices Change","PPI YoY","生产者价格指数同比","1","2.56%","","2.10%","","1785456000000","0","1786104083008","","%"
"420128","2026-08-07T12:00:00.000Z","1786104000000","Mexico","Producer Price Inflation MoM","PPI MoM","生产者价格指数环比","1","-0.03%","","-0.87%","","1785456000000","0","1786104092081","","%"
"396492","2026-08-07T11:30:00.000Z","1786102200000","India","Foreign Exchange Reserves","Foreign Exchange Reserves","外汇储备","1","$692.87B","","$682.35B","","1785456000000","0","1786102206687","$","B"
"406010","2026-08-07T10:00:00.000Z","1786096800000","Mauritius","Inflation Rate Mom","Inflation Rate MoM","通胀率环比","1","0.2%","","0.3%","","1785456000000","0","1786096828056","","%"
"406331","2026-08-07T10:00:00.000Z","1786096800000","Macedonia","Inflation Rate","Inflation Rate YoY","通胀率同比","1","2.3%","","3.4%","","1785456000000","0","1786096838113","","%"
"407972","2026-08-07T10:00:00.000Z","1786096800000","Portugal","Balance of Trade","Balance of Trade","贸易差额","1","€-3632M","","€-2826M","€-2811M","1782777600000","0","1786096852873","€","M"
"412313","2026-08-07T10:00:00.000Z","1786096800000","Mauritius","Inflation Rate","Inflation Rate YoY","通胀率同比","1","4.4%","","3.7%","","1785456000000","0","1786096816004","","%"
"396506","2026-08-07T09:30:00.000Z","1786095000000","South Africa","Calendar","182-Day T-Bill Auction","182天期国库券拍卖","1","7.42%","","7.41%","","","0","1786095360367","","%"
"396507","2026-08-07T09:30:00.000Z","1786095000000","South Africa","Calendar","91-Day T-Bill Auction","91天期国库券拍卖","1","7%","","6.95%","","","0","1786095349607","","%"
"396508","2026-08-07T09:30:00.000Z","1786095000000","South Africa","Calendar","364-Day T-Bill Auction","364天期国库券拍卖","1","7.74%","","7.72%","","","0","1786095377017","","%"
"396509","2026-08-07T09:30:00.000Z","1786095000000","South Africa","Calendar","273-Day T-Bill Auction","273天期国库券拍卖","1","7.65%","","7.67%","","","0","1786095368207","","%"
"412489","2026-08-07T09:20:00.000Z","1786094400000","Pakistan","Balance of Trade","Balance of Trade","贸易差额","1","PKR-1100.2B","","PKR-1298.8B","PKR -1263.2B","1785456000000","0","1786094441003","PKR","B"
"399883","2026-08-07T09:00:00.000Z","1786093200000","United Kingdom","Mortgage Rate","BBA Mortgage Rate","BBA抵押贷款利率","1","6.6%","","6.6%","","1785456000000","0","1786094000019","","%"
"404304","2026-08-07T09:00:00.000Z","1786093200000","Greece","Inflation Rate","Inflation Rate YoY","通胀率同比","1","3.4%","","4.4%","","1785456000000","0","1786093214043","","%"
"405963","2026-08-07T09:00:00.000Z","1786093200000","Greece","Inflation Rate Mom","Inflation Rate MoM","通胀率环比","1","-1.4%","","0.0%","","1785456000000","0","1786093718007","","%"
"408180","2026-08-07T09:00:00.000Z","1786093200000","Greece","Harmonised Inflation Rate YoY","Harmonised Inflation Rate YoY","调和通胀率同比","1","2.7%","","3.9%","","1785456000000","0","1786093214707","","%"
"412378","2026-08-07T09:00:00.000Z","1786093200000","Croatia","Balance of Trade","Balance of Trade","贸易差额","1","€-1.7B","","€-1.7B","","1782777600000","0","1786093270943","€","B"
"412899","2026-08-07T09:00:00.000Z","1786093200000","Greece","Balance of Trade","Balance of Trade","贸易差额","1","€-2.6B","","€-2.0B","","1782777600000","0","1786093241008","€","B"
"414101","2026-08-07T09:00:00.000Z","1786093200000","Malta","Industrial Production","Industrial Production YoY","工业生产同比","1","-1.5%","","1%","0.8%","1782777600000","0","1786093327094","","%"
"404844","2026-08-07T08:55:00.000Z","1786092900000","Singapore","Foreign Exchange Reserves","Foreign Exchange Reserves","外汇储备","1","S$549.3B","","S$551.3B","","1785456000000","0","1786092963023","S$","B"